file_name,row_index,col_index,AWS_Value,Manual_Value,Equal,Equal_No_Commas_No_Spaces,Equal_Shifted,Only_Numbers_Equal_Or_Shifted,Any_Equality,Confidence_Value,Lev_Dist,Lev_Sim
cdi_ca_1956_wk_prov_dbs_Part1_tables.csv,0,27,....,..,False,False,False,False,False,,2,0.5
cdi_ca_1956_wk_prov_dbs_Part1_tables.csv,0,30,...,..,False,False,False,False,False,,1,0.6666666666666667
cdi_ca_1956_wk_prov_dbs_Part1_tables.csv,0,31,...,..,False,False,False,False,False,,1,0.6666666666666667
cdi_ca_1956_wk_prov_dbs_Part1_tables.csv,2,15,...,..,False,False,False,False,False,,1,0.6666666666666667
cdi_ca_1956_wk_prov_dbs_Part1_tables.csv,2,16,...,..,False,False,False,False,False,,1,0.6666666666666667
cdi_ca_1956_wk_prov_dbs_Part1_tables.csv,2,17,,..,False,False,False,False,False,,2,0.0
cdi_ca_1956_wk_prov_dbs_Part1_tables.csv,3,15,...,..,False,False,False,False,False,,1,0.6666666666666667
cdi_ca_1956_wk_prov_dbs_Part1_tables.csv,3,16,,..,False,False,False,False,False,,2,0.0
cdi_ca_1956_wk_prov_dbs_Part1_tables.csv,3,17,...,..,False,False,False,False,False,,1,0.6666666666666667
cdi_ca_1956_wk_prov_dbs_Part1_tables.csv,3,18,...,..,False,False,False,False,False,,1,0.6666666666666667
cdi_ca_1956_wk_prov_dbs_Part1_tables.csv,4,15,A.P,..,False,False,False,False,False,,2,0.33333333333333337
cdi_ca_1956_wk_prov_dbs_Part1_tables.csv,4,16,...,..,False,False,False,False,False,,1,0.6666666666666667
cdi_ca_1956_wk_prov_dbs_Part1_tables.csv,4,17,P...,..,False,False,False,False,False,,2,0.5
cdi_ca_1956_wk_prov_dbs_Part1_tables.csv,4,20,.A,..,False,False,False,False,False,,1,0.5
cdi_ca_1956_wk_prov_dbs_Part1_tables.csv,5,9,-,..,False,False,False,False,False,,2,0.0
cdi_ca_1956_wk_prov_dbs_Part1_tables.csv,5,10,,..,False,False,False,False,False,,2,0.0
cdi_ca_1956_wk_prov_dbs_Part1_tables.csv,5,11,,..,False,False,False,False,False,,2,0.0
cdi_ca_1956_wk_prov_dbs_Part1_tables.csv,5,18,-,..,False,False,False,False,False,,2,0.0
cdi_ca_1956_wk_prov_dbs_Part1_tables.csv,5,19,,..,False,False,False,False,False,,2,0.0
cdi_ca_1956_wk_prov_dbs_Part1_tables.csv,5,20,A.P,..,False,False,False,False,False,,2,0.33333333333333337
cdi_ca_1956_wk_prov_dbs_Part1_tables.csv,5,21,...,..,False,False,False,False,False,,1,0.6666666666666667
cdi_ca_1956_wk_prov_dbs_Part1_tables.csv,5,22,,..,False,False,False,False,False,,2,0.0
cdi_ca_1956_wk_prov_dbs_Part1_tables.csv,5,23,,..,False,False,False,False,False,,2,0.0
cdi_ca_1956_wk_prov_dbs_Part1_tables.csv,5,36,-,6,False,False,False,False,False,,1,0.0
cdi_ca_1956_wk_prov_dbs_Part1_tables.csv,6,6,32,..,False,False,False,False,False,,2,0.0
cdi_ca_1956_wk_prov_dbs_Part1_tables.csv,6,7,,..,False,False,False,False,False,,2,0.0
cdi_ca_1956_wk_prov_dbs_Part1_tables.csv,6,8,,..,False,False,False,False,False,,2,0.0
cdi_ca_1956_wk_prov_dbs_Part1_tables.csv,6,11,104,..,False,False,False,False,False,,3,0.0
cdi_ca_1956_wk_prov_dbs_Part1_tables.csv,6,30,-,..,False,False,False,False,False,,2,0.0
cdi_ca_1956_wk_prov_dbs_Part1_tables.csv,6,31,A.A,..,False,False,False,False,False,,2,0.33333333333333337
cdi_ca_1956_wk_prov_dbs_Part1_tables.csv,6,32,,..,False,False,False,False,False,,2,0.0
cdi_ca_1956_wk_prov_dbs_Part1_tables.csv,6,35,5,-,False,False,False,False,False,,1,0.0
cdi_ca_1956_wk_prov_dbs_Part1_tables.csv,6,36,I,7,False,False,False,False,False,,1,0.0
cdi_ca_1956_wk_prov_dbs_Part1_tables.csv,8,9,-,..,False,False,False,False,False,,2,0.0
cdi_ca_1956_wk_prov_dbs_Part1_tables.csv,8,10,A...,..,False,False,False,False,False,,2,0.5
cdi_ca_1956_wk_prov_dbs_Part1_tables.csv,8,11,,..,False,False,False,False,False,,2,0.0
cdi_ca_1956_wk_prov_dbs_Part1_tables.csv,8,30,-,..,False,False,False,False,False,,2,0.0
cdi_ca_1956_wk_prov_dbs_Part1_tables.csv,8,31,P.A,..,False,False,False,False,False,,2,0.33333333333333337
cdi_ca_1956_wk_prov_dbs_Part1_tables.csv,8,32,A.V.,..,False,False,False,False,False,,2,0.5
cdi_ca_1956_wk_prov_dbs_Part1_tables.csv,8,36,-,9,False,False,False,False,False,,1,0.0
cdi_ca_1956_wk_prov_dbs_Part1_tables.csv,9,27,....,..,False,False,False,False,False,,2,0.5
cdi_ca_1956_wk_prov_dbs_Part1_tables.csv,9,28,,..,False,False,False,False,False,,2,0.0
cdi_ca_1956_wk_prov_dbs_Part1_tables.csv,9,30,..A,..,False,False,False,False,False,,1,0.6666666666666667
cdi_ca_1956_wk_prov_dbs_Part1_tables.csv,9,31,,..,False,False,False,False,False,,2,0.0
cdi_ca_1956_wk_prov_dbs_Part1_tables.csv,10,36,-,11,False,False,False,False,False,,2,0.0
cdi_ca_1956_wk_prov_dbs_Part1_tables.csv,13,9,...,..,False,False,False,False,False,,1,0.6666666666666667
cdi_ca_1956_wk_prov_dbs_Part1_tables.csv,13,10,...,..,False,False,False,False,False,,1,0.6666666666666667
cdi_ca_1956_wk_prov_dbs_Part1_tables.csv,13,11,...,..,False,False,False,False,False,,1,0.6666666666666667
cdi_ca_1956_wk_prov_dbs_Part1_tables.csv,13,15,....,..,False,False,False,False,False,,2,0.5
cdi_ca_1956_wk_prov_dbs_Part1_tables.csv,13,16,...,..,False,False,False,False,False,,1,0.6666666666666667
cdi_ca_1956_wk_prov_dbs_Part1_tables.csv,13,17,...,..,False,False,False,False,False,,1,0.6666666666666667
cdi_ca_1956_wk_prov_dbs_Part1_tables.csv,13,27,:,..,False,False,False,False,False,,2,0.0
cdi_ca_1956_wk_prov_dbs_Part1_tables.csv,13,28,:,..,False,False,False,False,False,,2,0.0
cdi_ca_1956_wk_prov_dbs_Part1_tables.csv,17,24,1,-,False,False,False,False,False,,1,0.0
cdi_ca_1956_wk_prov_dbs_Part1_tables.csv,18,30,R.A,..,False,False,False,False,False,,2,0.33333333333333337
cdi_ca_1956_wk_prov_dbs_Part1_tables.csv,18,31,...,..,False,False,False,False,False,,1,0.6666666666666667
cdi_ca_1956_wk_prov_dbs_Part1_tables.csv,19,21,1,-,False,False,False,False,False,,1,0.0
cdi_ca_1956_wk_prov_dbs_Part1_tables.csv,20,14,,-,False,False,False,False,False,,1,0.0
cdi_ca_1956_wk_prov_dbs_Part1_tables.csv,20,15,,..,False,False,False,False,False,,2,0.0
cdi_ca_1956_wk_prov_dbs_Part1_tables.csv,20,16,..A,..,False,False,False,False,False,,1,0.6666666666666667
cdi_ca_1956_wk_prov_dbs_Part1_tables.csv,20,17,A.O.,..,False,False,False,False,False,,2,0.5
cdi_ca_1956_wk_prov_dbs_Part1_tables.csv,20,20,...,..,False,False,False,False,False,,1,0.6666666666666667
cdi_ca_1956_wk_prov_dbs_Part1_tables.csv,20,30,S.A,..,False,False,False,False,False,,2,0.33333333333333337
cdi_ca_1956_wk_prov_dbs_Part1_tables.csv,20,31,,..,False,False,False,False,False,,2,0.0
cdi_ca_1956_wk_prov_dbs_Part1_tables.csv,20,32,,..,False,False,False,False,False,,2,0.0
cdi_ca_1956_wk_prov_dbs_Part1_tables.csv,20,33,I,-,False,False,False,False,False,,1,0.0
cdi_ca_1956_wk_prov_dbs_Part1_tables.csv,20,34,I,-,False,False,False,False,False,,1,0.0
cdi_ca_1956_wk_prov_dbs_Part1_tables.csv,20,35,I,-,False,False,False,False,False,,1,0.0
cdi_ca_1956_wk_prov_dbs_Part1_tables.csv,22,36,I,23,False,False,False,False,False,,2,0.0
cdi_ca_1956_wk_prov_dbs_Part1_tables.csv,23,35,I,-,False,False,False,False,False,,1,0.0
cdi_ca_1956_wk_prov_dbs_Part1_tables.csv,24,31,I,-,False,False,False,False,False,,1,0.0
cdi_ca_1956_wk_prov_dbs_Part2_tables.csv,0,28,....,..,False,False,False,False,False,,2,0.5
cdi_ca_1956_wk_prov_dbs_Part2_tables.csv,0,30,P...,..,False,False,False,False,False,,2,0.5
cdi_ca_1956_wk_prov_dbs_Part2_tables.csv,0,31,...,..,False,False,False,False,False,,1,0.6666666666666667
cdi_ca_1956_wk_prov_dbs_Part2_tables.csv,2,17,,..,False,False,False,False,False,,2,0.0
cdi_ca_1956_wk_prov_dbs_Part2_tables.csv,3,15,..A,..,False,False,False,False,False,,1,0.6666666666666667
cdi_ca_1956_wk_prov_dbs_Part2_tables.csv,3,16,,..,False,False,False,False,False,,2,0.0
cdi_ca_1956_wk_prov_dbs_Part2_tables.csv,3,17,,..,False,False,False,False,False,,2,0.0
cdi_ca_1956_wk_prov_dbs_Part2_tables.csv,3,18,A...,..,False,False,False,False,False,,2,0.5
cdi_ca_1956_wk_prov_dbs_Part2_tables.csv,3,19,..A,..,False,False,False,False,False,,1,0.6666666666666667
cdi_ca_1956_wk_prov_dbs_Part2_tables.csv,3,20,P...,..,False,False,False,False,False,,2,0.5
cdi_ca_1956_wk_prov_dbs_Part2_tables.csv,4,15,.A,..,False,False,False,False,False,,1,0.5
cdi_ca_1956_wk_prov_dbs_Part2_tables.csv,4,16,A.P.,..,False,False,False,False,False,,2,0.5
cdi_ca_1956_wk_prov_dbs_Part2_tables.csv,4,17,...,..,False,False,False,False,False,,1,0.6666666666666667
cdi_ca_1956_wk_prov_dbs_Part2_tables.csv,5,9,-,..,False,False,False,False,False,,2,0.0
cdi_ca_1956_wk_prov_dbs_Part2_tables.csv,5,10,,..,False,False,False,False,False,,2,0.0
cdi_ca_1956_wk_prov_dbs_Part2_tables.csv,5,11,A.P.,..,False,False,False,False,False,,2,0.5
cdi_ca_1956_wk_prov_dbs_Part2_tables.csv,5,18,-,..,False,False,False,False,False,,2,0.0
cdi_ca_1956_wk_prov_dbs_Part2_tables.csv,5,19,A.P.,..,False,False,False,False,False,,2,0.5
cdi_ca_1956_wk_prov_dbs_Part2_tables.csv,5,20,,..,False,False,False,False,False,,2,0.0
cdi_ca_1956_wk_prov_dbs_Part2_tables.csv,5,21,A...,..,False,False,False,False,False,,2,0.5
cdi_ca_1956_wk_prov_dbs_Part2_tables.csv,5,22,.A,..,False,False,False,False,False,,1,0.5
cdi_ca_1956_wk_prov_dbs_Part2_tables.csv,5,23,A.O.,..,False,False,False,False,False,,2,0.5
cdi_ca_1956_wk_prov_dbs_Part2_tables.csv,5,35,li,-,False,False,False,False,False,,2,0.0
cdi_ca_1956_wk_prov_dbs_Part2_tables.csv,5,36,1,6,False,False,False,False,False,,1,0.0
cdi_ca_1956_wk_prov_dbs_Part2_tables.csv,6,6,109,..,False,False,False,False,False,,3,0.0
cdi_ca_1956_wk_prov_dbs_Part2_tables.csv,6,7,...,..,False,False,False,False,False,,1,0.6666666666666667
cdi_ca_1956_wk_prov_dbs_Part2_tables.csv,6,8,...,..,False,False,False,False,False,,1,0.6666666666666667
cdi_ca_1956_wk_prov_dbs_Part2_tables.csv,6,11,34,..,False,False,False,False,False,,2,0.0
cdi_ca_1956_wk_prov_dbs_Part2_tables.csv,6,30,-,..,False,False,False,False,False,,2,0.0
cdi_ca_1956_wk_prov_dbs_Part2_tables.csv,6,31,P...,..,False,False,False,False,False,,2,0.5
cdi_ca_1956_wk_prov_dbs_Part2_tables.csv,6,32,,..,False,False,False,False,False,,2,0.0
cdi_ca_1956_wk_prov_dbs_Part2_tables.csv,6,36,-,7,False,False,False,False,False,,1,0.0
cdi_ca_1956_wk_prov_dbs_Part2_tables.csv,7,22,1.188,1188,False,False,False,False,False,,1,0.8
cdi_ca_1956_wk_prov_dbs_Part2_tables.csv,8,9,-,..,False,False,False,False,False,,2,0.0
cdi_ca_1956_wk_prov_dbs_Part2_tables.csv,8,10,...,..,False,False,False,False,False,,1,0.6666666666666667
cdi_ca_1956_wk_prov_dbs_Part2_tables.csv,8,11,...,..,False,False,False,False,False,,1,0.6666666666666667
cdi_ca_1956_wk_prov_dbs_Part2_tables.csv,8,22,5,-,False,False,False,False,False,,1,0.0
cdi_ca_1956_wk_prov_dbs_Part2_tables.csv,8,30,-,..,False,False,False,False,False,,2,0.0
cdi_ca_1956_wk_prov_dbs_Part2_tables.csv,8,31,A.9.,..,False,False,False,False,False,,2,0.5
cdi_ca_1956_wk_prov_dbs_Part2_tables.csv,8,32,,..,False,False,False,False,False,,2,0.0
cdi_ca_1956_wk_prov_dbs_Part2_tables.csv,8,36,2,9,False,False,False,False,False,,1,0.0
cdi_ca_1956_wk_prov_dbs_Part2_tables.csv,9,27,9.8,..,False,False,False,False,False,,2,0.33333333333333337
cdi_ca_1956_wk_prov_dbs_Part2_tables.csv,9,28,A...,..,False,False,False,False,False,,2,0.5
cdi_ca_1956_wk_prov_dbs_Part2_tables.csv,9,30,A.O.,..,False,False,False,False,False,,2,0.5
cdi_ca_1956_wk_prov_dbs_Part2_tables.csv,9,31,,..,False,False,False,False,False,,2,0.0
cdi_ca_1956_wk_prov_dbs_Part2_tables.csv,10,36,1,11,False,False,False,False,False,,1,0.5
cdi_ca_1956_wk_prov_dbs_Part2_tables.csv,14,10,5(s),5 (5),False,False,False,False,False,,2,0.6
cdi_ca_1956_wk_prov_dbs_Part2_tables.csv,14,15,...,..,False,False,False,False,False,,1,0.6666666666666667
cdi_ca_1956_wk_prov_dbs_Part2_tables.csv,14,28,,..,False,False,False,False,False,,2,0.0
cdi_ca_1956_wk_prov_dbs_Part2_tables.csv,18,31,,..,False,False,False,False,False,,2,0.0
cdi_ca_1956_wk_prov_dbs_Part2_tables.csv,18,32,,..,False,False,False,False,False,,2,0.0
cdi_ca_1956_wk_prov_dbs_Part2_tables.csv,18,35,4.,4,False,False,False,False,False,,1,0.5
cdi_ca_1956_wk_prov_dbs_Part2_tables.csv,20,15,*.A,..,False,False,False,False,False,,2,0.33333333333333337
cdi_ca_1956_wk_prov_dbs_Part2_tables.csv,20,16,A.O.,..,False,False,False,False,False,,2,0.5
cdi_ca_1956_wk_prov_dbs_Part2_tables.csv,20,17,,..,False,False,False,False,False,,2,0.0
cdi_ca_1956_wk_prov_dbs_Part2_tables.csv,20,30,,..,False,False,False,False,False,,2,0.0
cdi_ca_1956_wk_prov_dbs_Part2_tables.csv,20,31,,..,False,False,False,False,False,,2,0.0
cdi_ca_1956_wk_prov_dbs_Part2_tables.csv,20,32,,..,False,False,False,False,False,,2,0.0
cdi_ca_1956_wk_prov_dbs_Part2_tables.csv,22,36,1,23,False,False,False,False,False,,2,0.0
cdi_ca_1956_wk_prov_dbs_Part2_tables.csv,24,30,I,-,False,False,False,False,False,,1,0.0
cdi_ca_1956_wk_prov_dbs_Part2_tables.csv,24,35,4.,4,False,False,False,False,False,,1,0.5
cdi_ca_1956_wk_prov_dbs_Part3_tables.csv,0,30,:.,..,False,False,False,False,False,,1,0.5
cdi_ca_1956_wk_prov_dbs_Part3_tables.csv,0,31,:,..,False,False,False,False,False,,2,0.0
cdi_ca_1956_wk_prov_dbs_Part3_tables.csv,3,15,....,..,False,False,False,False,False,,2,0.5
cdi_ca_1956_wk_prov_dbs_Part3_tables.csv,3,16,...,..,False,False,False,False,False,,1,0.6666666666666667
cdi_ca_1956_wk_prov_dbs_Part3_tables.csv,3,17,...,..,False,False,False,False,False,,1,0.6666666666666667
cdi_ca_1956_wk_prov_dbs_Part3_tables.csv,3,18,...,..,False,False,False,False,False,,1,0.6666666666666667
cdi_ca_1956_wk_prov_dbs_Part3_tables.csv,4,15,....,..,False,False,False,False,False,,2,0.5
cdi_ca_1956_wk_prov_dbs_Part3_tables.csv,4,16,...,..,False,False,False,False,False,,1,0.6666666666666667
cdi_ca_1956_wk_prov_dbs_Part3_tables.csv,5,9,-,..,False,False,False,False,False,,2,0.0
cdi_ca_1956_wk_prov_dbs_Part3_tables.csv,5,10,,..,False,False,False,False,False,,2,0.0
cdi_ca_1956_wk_prov_dbs_Part3_tables.csv,5,11,,..,False,False,False,False,False,,2,0.0
cdi_ca_1956_wk_prov_dbs_Part3_tables.csv,5,18,-,..,False,False,False,False,False,,2,0.0
cdi_ca_1956_wk_prov_dbs_Part3_tables.csv,5,19,,..,False,False,False,False,False,,2,0.0
cdi_ca_1956_wk_prov_dbs_Part3_tables.csv,5,20,...,..,False,False,False,False,False,,1,0.6666666666666667
cdi_ca_1956_wk_prov_dbs_Part3_tables.csv,5,22,1,..,False,False,False,False,False,,2,0.0
cdi_ca_1956_wk_prov_dbs_Part3_tables.csv,5,23,9.9,..,False,False,False,False,False,,2,0.33333333333333337
cdi_ca_1956_wk_prov_dbs_Part3_tables.csv,5,36,-,6,False,False,False,False,False,,1,0.0
cdi_ca_1956_wk_prov_dbs_Part3_tables.csv,6,7,2,..,False,False,False,False,False,,2,0.0
cdi_ca_1956_wk_prov_dbs_Part3_tables.csv,6,8,:,..,False,False,False,False,False,,2,0.0
cdi_ca_1956_wk_prov_dbs_Part3_tables.csv,6,11,100,..,False,False,False,False,False,,3,0.0
cdi_ca_1956_wk_prov_dbs_Part3_tables.csv,6,15,55,-,False,False,False,False,False,,2,0.0
cdi_ca_1956_wk_prov_dbs_Part3_tables.csv,6,36,1,7,False,False,False,False,False,,1,0.0
cdi_ca_1956_wk_prov_dbs_Part3_tables.csv,8,9,-,..,False,False,False,False,False,,2,0.0
cdi_ca_1956_wk_prov_dbs_Part3_tables.csv,8,10,...,..,False,False,False,False,False,,1,0.6666666666666667
cdi_ca_1956_wk_prov_dbs_Part3_tables.csv,8,11,...,..,False,False,False,False,False,,1,0.6666666666666667
cdi_ca_1956_wk_prov_dbs_Part3_tables.csv,8,30,1,..,False,False,False,False,False,,2,0.0
cdi_ca_1956_wk_prov_dbs_Part3_tables.csv,8,31,,..,False,False,False,False,False,,2,0.0
cdi_ca_1956_wk_prov_dbs_Part3_tables.csv,8,32,:.,..,False,False,False,False,False,,1,0.5
cdi_ca_1956_wk_prov_dbs_Part3_tables.csv,8,36,-,9,False,False,False,False,False,,1,0.0
cdi_ca_1956_wk_prov_dbs_Part3_tables.csv,9,30,....,..,False,False,False,False,False,,2,0.5
cdi_ca_1956_wk_prov_dbs_Part3_tables.csv,9,31,...,..,False,False,False,False,False,,1,0.6666666666666667
cdi_ca_1956_wk_prov_dbs_Part3_tables.csv,10,36,-,11,False,False,False,False,False,,2,0.0
cdi_ca_1956_wk_prov_dbs_Part3_tables.csv,11,22,1,-,False,False,False,False,False,,1,0.0
cdi_ca_1956_wk_prov_dbs_Part3_tables.csv,13,9,,..,False,False,False,False,False,,2,0.0
cdi_ca_1956_wk_prov_dbs_Part3_tables.csv,13,10,T.R,..,False,False,False,False,False,,2,0.33333333333333337
cdi_ca_1956_wk_prov_dbs_Part3_tables.csv,13,11,A.O.,..,False,False,False,False,False,,2,0.5
cdi_ca_1956_wk_prov_dbs_Part3_tables.csv,13,15,P...,..,False,False,False,False,False,,2,0.5
cdi_ca_1956_wk_prov_dbs_Part3_tables.csv,13,16,9.8,..,False,False,False,False,False,,2,0.33333333333333337
cdi_ca_1956_wk_prov_dbs_Part3_tables.csv,13,17,...,..,False,False,False,False,False,,1,0.6666666666666667
cdi_ca_1956_wk_prov_dbs_Part3_tables.csv,13,27,,..,False,False,False,False,False,,2,0.0
cdi_ca_1956_wk_prov_dbs_Part3_tables.csv,13,28,....,..,False,False,False,False,False,,2,0.5
cdi_ca_1956_wk_prov_dbs_Part3_tables.csv,14,12,1,-,False,False,False,False,False,,1,0.0
cdi_ca_1956_wk_prov_dbs_Part3_tables.csv,18,32,...,..,False,False,False,False,False,,1,0.6666666666666667
cdi_ca_1956_wk_prov_dbs_Part3_tables.csv,20,15,,..,False,False,False,False,False,,2,0.0
cdi_ca_1956_wk_prov_dbs_Part3_tables.csv,20,16,,..,False,False,False,False,False,,2,0.0
cdi_ca_1956_wk_prov_dbs_Part3_tables.csv,20,17,A.9.,..,False,False,False,False,False,,2,0.5
cdi_ca_1956_wk_prov_dbs_Part3_tables.csv,20,30,R.P.,..,False,False,False,False,False,,2,0.5
cdi_ca_1956_wk_prov_dbs_Part3_tables.csv,20,31,...,..,False,False,False,False,False,,1,0.6666666666666667
cdi_ca_1956_wk_prov_dbs_Part3_tables.csv,20,32,R.P.,..,False,False,False,False,False,,2,0.5
cdi_ca_1956_wk_prov_dbs_Part3_tables.csv,22,4,11,8,False,False,False,False,False,,2,0.0
cdi_ca_1956_wk_prov_dbs_Part3_tables.csv,22,36,-,23,False,False,False,False,False,,2,0.0
cdi_ca_1956_wk_prov_dbs_Part4_tables.csv,0,30,:,..,False,False,False,False,False,,2,0.0
cdi_ca_1956_wk_prov_dbs_Part4_tables.csv,0,31,:.,..,False,False,False,False,False,,1,0.5
cdi_ca_1956_wk_prov_dbs_Part4_tables.csv,2,15,,..,False,False,False,False,False,,2,0.0
cdi_ca_1956_wk_prov_dbs_Part4_tables.csv,2,16,: .,..,False,False,False,False,False,,2,0.33333333333333337
cdi_ca_1956_wk_prov_dbs_Part4_tables.csv,2,17,:.,..,False,False,False,False,False,,1,0.5
cdi_ca_1956_wk_prov_dbs_Part4_tables.csv,2,18,:.,..,False,False,False,False,False,,1,0.5
cdi_ca_1956_wk_prov_dbs_Part4_tables.csv,2,19,:,..,False,False,False,False,False,,2,0.0
cdi_ca_1956_wk_prov_dbs_Part4_tables.csv,3,18,:,..,False,False,False,False,False,,2,0.0
cdi_ca_1956_wk_prov_dbs_Part4_tables.csv,4,15,:.,..,False,False,False,False,False,,1,0.5
cdi_ca_1956_wk_prov_dbs_Part4_tables.csv,4,16,:.,..,False,False,False,False,False,,1,0.5
cdi_ca_1956_wk_prov_dbs_Part4_tables.csv,4,17,:.,..,False,False,False,False,False,,1,0.5
cdi_ca_1956_wk_prov_dbs_Part4_tables.csv,5,11,...,..,False,False,False,False,False,,1,0.6666666666666667
cdi_ca_1956_wk_prov_dbs_Part4_tables.csv,5,18,-,..,False,False,False,False,False,,2,0.0
cdi_ca_1956_wk_prov_dbs_Part4_tables.csv,5,19,:.,..,False,False,False,False,False,,1,0.5
cdi_ca_1956_wk_prov_dbs_Part4_tables.csv,5,20,:.,..,False,False,False,False,False,,1,0.5
cdi_ca_1956_wk_prov_dbs_Part4_tables.csv,5,36,-,6,False,False,False,False,False,,1,0.0
cdi_ca_1956_wk_prov_dbs_Part4_tables.csv,6,6,535,..,False,False,False,False,False,,3,0.0
cdi_ca_1956_wk_prov_dbs_Part4_tables.csv,6,8,2,..,False,False,False,False,False,,2,0.0
cdi_ca_1956_wk_prov_dbs_Part4_tables.csv,6,11,26,..,False,False,False,False,False,,2,0.0
cdi_ca_1956_wk_prov_dbs_Part4_tables.csv,6,30,I,..,False,False,False,False,False,,2,0.0
cdi_ca_1956_wk_prov_dbs_Part4_tables.csv,6,31,...,..,False,False,False,False,False,,1,0.6666666666666667
cdi_ca_1956_wk_prov_dbs_Part4_tables.csv,6,32,....,..,False,False,False,False,False,,2,0.5
cdi_ca_1956_wk_prov_dbs_Part4_tables.csv,6,36,10,7,False,False,False,False,False,,2,0.0
cdi_ca_1956_wk_prov_dbs_Part4_tables.csv,8,9,...,..,False,False,False,False,False,,1,0.6666666666666667
cdi_ca_1956_wk_prov_dbs_Part4_tables.csv,8,10,...,..,False,False,False,False,False,,1,0.6666666666666667
cdi_ca_1956_wk_prov_dbs_Part4_tables.csv,8,11,...,..,False,False,False,False,False,,1,0.6666666666666667
cdi_ca_1956_wk_prov_dbs_Part4_tables.csv,8,30,...,..,False,False,False,False,False,,1,0.6666666666666667
cdi_ca_1956_wk_prov_dbs_Part4_tables.csv,8,31,....,..,False,False,False,False,False,,2,0.5
cdi_ca_1956_wk_prov_dbs_Part4_tables.csv,8,32,...,..,False,False,False,False,False,,1,0.6666666666666667
cdi_ca_1956_wk_prov_dbs_Part4_tables.csv,9,5,"2,929",207,False,False,False,False,False,,4,0.19999999999999996
cdi_ca_1956_wk_prov_dbs_Part4_tables.csv,9,30,78,..,False,False,False,False,False,,2,0.0
cdi_ca_1956_wk_prov_dbs_Part4_tables.csv,9,31,...,..,False,False,False,False,False,,1,0.6666666666666667
cdi_ca_1956_wk_prov_dbs_Part4_tables.csv,9,36,263,10,False,False,False,False,False,,3,0.0
cdi_ca_1956_wk_prov_dbs_Part4_tables.csv,10,36,-,11,False,False,False,False,False,,2,0.0
cdi_ca_1956_wk_prov_dbs_Part4_tables.csv,13,9,....,..,False,False,False,False,False,,2,0.5
cdi_ca_1956_wk_prov_dbs_Part4_tables.csv,13,10,...,..,False,False,False,False,False,,1,0.6666666666666667
cdi_ca_1956_wk_prov_dbs_Part4_tables.csv,13,11,....,..,False,False,False,False,False,,2,0.5
cdi_ca_1956_wk_prov_dbs_Part4_tables.csv,13,15,R.P.,..,False,False,False,False,False,,2,0.5
cdi_ca_1956_wk_prov_dbs_Part4_tables.csv,13,28,*...,..,False,False,False,False,False,,2,0.5
cdi_ca_1956_wk_prov_dbs_Part4_tables.csv,14,36,79,15,False,False,False,False,False,,2,0.0
cdi_ca_1956_wk_prov_dbs_Part4_tables.csv,19,35,1,-,False,False,False,False,False,,1,0.0
cdi_ca_1956_wk_prov_dbs_Part4_tables.csv,20,15,R.P,..,False,False,False,False,False,,2,0.33333333333333337
cdi_ca_1956_wk_prov_dbs_Part4_tables.csv,20,16,...,..,False,False,False,False,False,,1,0.6666666666666667
cdi_ca_1956_wk_prov_dbs_Part4_tables.csv,20,17,A.P.,..,False,False,False,False,False,,2,0.5
cdi_ca_1956_wk_prov_dbs_Part4_tables.csv,20,26,1,-,False,False,False,False,False,,1,0.0
cdi_ca_1956_wk_prov_dbs_Part4_tables.csv,20,31,,..,False,False,False,False,False,,2,0.0
cdi_ca_1956_wk_prov_dbs_Part4_tables.csv,20,32,A.O.,..,False,False,False,False,False,,2,0.5
cdi_ca_1956_wk_prov_dbs_Part4_tables.csv,22,25,1,-,False,False,False,False,False,,1,0.0
cdi_ca_1956_wk_prov_dbs_Part4_tables.csv,22,34,1,-,False,False,False,False,False,,1,0.0
cdi_ca_1956_wk_prov_dbs_Part4_tables.csv,22,36,-,23,False,False,False,False,False,,2,0.0
cdi_ca_1956_wk_prov_dbs_Part4_tables.csv,23,18,I,-,False,False,False,False,False,,1,0.0
cdi_ca_1956_wk_prov_dbs_Part4_tables.csv,23,23,I,-,False,False,False,False,False,,1,0.0
cdi_ca_1956_wk_prov_dbs_Part4_tables.csv,23,33,I,-,False,False,False,False,False,,1,0.0
cdi_ca_1956_wk_prov_dbs_Part4_tables.csv,26,34,I,-,False,False,False,False,False,,1,0.0
cdi_ca_1956_wk_prov_dbs_Part4_tables.csv,27,11,1,-,False,False,False,False,False,,1,0.0
cdi_ca_1956_wk_prov_dbs_Part5_tables.csv,0,27,:,..,False,False,False,False,False,,2,0.0
cdi_ca_1956_wk_prov_dbs_Part5_tables.csv,0,30,:.,..,False,False,False,False,False,,1,0.5
cdi_ca_1956_wk_prov_dbs_Part5_tables.csv,0,31,,..,False,False,False,False,False,,2,0.0
cdi_ca_1956_wk_prov_dbs_Part5_tables.csv,2,15,,..,False,False,False,False,False,,2,0.0
cdi_ca_1956_wk_prov_dbs_Part5_tables.csv,2,16,: .,..,False,False,False,False,False,,2,0.33333333333333337
cdi_ca_1956_wk_prov_dbs_Part5_tables.csv,2,19,: .,..,False,False,False,False,False,,2,0.33333333333333337
cdi_ca_1956_wk_prov_dbs_Part5_tables.csv,3,17,...,..,False,False,False,False,False,,1,0.6666666666666667
cdi_ca_1956_wk_prov_dbs_Part5_tables.csv,3,18,...,..,False,False,False,False,False,,1,0.6666666666666667
cdi_ca_1956_wk_prov_dbs_Part5_tables.csv,3,19,...,..,False,False,False,False,False,,1,0.6666666666666667
cdi_ca_1956_wk_prov_dbs_Part5_tables.csv,3,20,...,..,False,False,False,False,False,,1,0.6666666666666667
cdi_ca_1956_wk_prov_dbs_Part5_tables.csv,4,15,...,..,False,False,False,False,False,,1,0.6666666666666667
cdi_ca_1956_wk_prov_dbs_Part5_tables.csv,4,16,...,..,False,False,False,False,False,,1,0.6666666666666667
cdi_ca_1956_wk_prov_dbs_Part5_tables.csv,4,17,...,..,False,False,False,False,False,,1,0.6666666666666667
cdi_ca_1956_wk_prov_dbs_Part5_tables.csv,4,18,...,..,False,False,False,False,False,,1,0.6666666666666667
cdi_ca_1956_wk_prov_dbs_Part5_tables.csv,4,19,P,..,False,False,False,False,False,,2,0.0
cdi_ca_1956_wk_prov_dbs_Part5_tables.csv,4,30,7,1,False,False,False,False,False,,1,0.0
cdi_ca_1956_wk_prov_dbs_Part5_tables.csv,5,11,...,..,False,False,False,False,False,,1,0.6666666666666667
cdi_ca_1956_wk_prov_dbs_Part5_tables.csv,5,18,-,..,False,False,False,False,False,,2,0.0
cdi_ca_1956_wk_prov_dbs_Part5_tables.csv,5,19,R.t,..,False,False,False,False,False,,2,0.33333333333333337
cdi_ca_1956_wk_prov_dbs_Part5_tables.csv,5,20,,..,False,False,False,False,False,,2,0.0
cdi_ca_1956_wk_prov_dbs_Part5_tables.csv,5,21,...,..,False,False,False,False,False,,1,0.6666666666666667
cdi_ca_1956_wk_prov_dbs_Part5_tables.csv,5,22,...,..,False,False,False,False,False,,1,0.6666666666666667
cdi_ca_1956_wk_prov_dbs_Part5_tables.csv,5,23,A.A.,..,False,False,False,False,False,,2,0.5
cdi_ca_1956_wk_prov_dbs_Part5_tables.csv,5,36,-,6,False,False,False,False,False,,1,0.0
cdi_ca_1956_wk_prov_dbs_Part5_tables.csv,6,8,,..,False,False,False,False,False,,2,0.0
cdi_ca_1956_wk_prov_dbs_Part5_tables.csv,6,30,5,..,False,False,False,False,False,,2,0.0
cdi_ca_1956_wk_prov_dbs_Part5_tables.csv,6,31,..A,..,False,False,False,False,False,,1,0.6666666666666667
cdi_ca_1956_wk_prov_dbs_Part5_tables.csv,6,32,P...,..,False,False,False,False,False,,2,0.5
cdi_ca_1956_wk_prov_dbs_Part5_tables.csv,6,36,14,7,False,False,False,False,False,,2,0.0
cdi_ca_1956_wk_prov_dbs_Part5_tables.csv,8,9,-,..,False,False,False,False,False,,2,0.0
cdi_ca_1956_wk_prov_dbs_Part5_tables.csv,8,10,,..,False,False,False,False,False,,2,0.0
cdi_ca_1956_wk_prov_dbs_Part5_tables.csv,8,11,...,..,False,False,False,False,False,,1,0.6666666666666667
cdi_ca_1956_wk_prov_dbs_Part5_tables.csv,8,30,-,..,False,False,False,False,False,,2,0.0
cdi_ca_1956_wk_prov_dbs_Part5_tables.csv,8,31,.A,..,False,False,False,False,False,,1,0.5
cdi_ca_1956_wk_prov_dbs_Part5_tables.csv,8,32,A.P.,..,False,False,False,False,False,,2,0.5
cdi_ca_1956_wk_prov_dbs_Part5_tables.csv,8,36,1,9,False,False,False,False,False,,1,0.0
cdi_ca_1956_wk_prov_dbs_Part5_tables.csv,9,27,....,..,False,False,False,False,False,,2,0.5
cdi_ca_1956_wk_prov_dbs_Part5_tables.csv,9,30,.A,..,False,False,False,False,False,,1,0.5
cdi_ca_1956_wk_prov_dbs_Part5_tables.csv,9,31,,..,False,False,False,False,False,,2,0.0
cdi_ca_1956_wk_prov_dbs_Part5_tables.csv,10,36,2,11,False,False,False,False,False,,2,0.0
cdi_ca_1956_wk_prov_dbs_Part5_tables.csv,13,9,,..,False,False,False,False,False,,2,0.0
cdi_ca_1956_wk_prov_dbs_Part5_tables.csv,13,10,.A,..,False,False,False,False,False,,1,0.5
cdi_ca_1956_wk_prov_dbs_Part5_tables.csv,13,11,.,..,False,False,False,False,False,,1,0.5
cdi_ca_1956_wk_prov_dbs_Part5_tables.csv,13,15,,..,False,False,False,False,False,,2,0.0
cdi_ca_1956_wk_prov_dbs_Part5_tables.csv,13,16,,..,False,False,False,False,False,,2,0.0
cdi_ca_1956_wk_prov_dbs_Part5_tables.csv,13,17,,..,False,False,False,False,False,,2,0.0
cdi_ca_1956_wk_prov_dbs_Part5_tables.csv,14,36,80,15,False,False,False,False,False,,2,0.0
cdi_ca_1956_wk_prov_dbs_Part5_tables.csv,17,2,1/7,147,False,False,False,False,False,,1,0.6666666666666667
cdi_ca_1956_wk_prov_dbs_Part5_tables.csv,18,33,3.,3,False,False,False,False,False,,1,0.5
cdi_ca_1956_wk_prov_dbs_Part5_tables.csv,19,1,5.,5,False,False,False,False,False,,1,0.5
cdi_ca_1956_wk_prov_dbs_Part5_tables.csv,20,11,I,-,False,False,False,False,False,,1,0.0
cdi_ca_1956_wk_prov_dbs_Part5_tables.csv,20,12,I,-,False,False,False,False,False,,1,0.0
cdi_ca_1956_wk_prov_dbs_Part5_tables.csv,20,13,I,-,False,False,False,False,False,,1,0.0
cdi_ca_1956_wk_prov_dbs_Part5_tables.csv,20,14,I,-,False,False,False,False,False,,1,0.0
cdi_ca_1956_wk_prov_dbs_Part5_tables.csv,20,15,,..,False,False,False,False,False,,2,0.0
cdi_ca_1956_wk_prov_dbs_Part5_tables.csv,20,16,,..,False,False,False,False,False,,2,0.0
cdi_ca_1956_wk_prov_dbs_Part5_tables.csv,20,17,,..,False,False,False,False,False,,2,0.0
cdi_ca_1956_wk_prov_dbs_Part5_tables.csv,20,30,,..,False,False,False,False,False,,2,0.0
cdi_ca_1956_wk_prov_dbs_Part5_tables.csv,20,32,,..,False,False,False,False,False,,2,0.0
cdi_ca_1956_wk_prov_dbs_Part5_tables.csv,20,35,,-,False,False,False,False,False,,1,0.0
cdi_ca_1956_wk_prov_dbs_Part5_tables.csv,21,11,1,-,False,False,False,False,False,,1,0.0
cdi_ca_1956_wk_prov_dbs_Part5_tables.csv,22,6,23,-,False,False,False,False,False,,2,0.0
cdi_ca_1956_wk_prov_dbs_Part5_tables.csv,22,36,-,23,False,False,False,False,False,,2,0.0
cdi_ca_1956_wk_prov_dbs_Part5_tables.csv,23,17,1,-,False,False,False,False,False,,1,0.0
cdi_ca_1956_wk_prov_dbs_Part5_tables.csv,23,18,I,-,False,False,False,False,False,,1,0.0
cdi_ca_1956_wk_prov_dbs_Part5_tables.csv,23,19,I,-,False,False,False,False,False,,1,0.0
cdi_ca_1956_wk_prov_dbs_Part5_tables.csv,23,35,,-,False,False,False,False,False,,1,0.0
cdi_ca_1956_wk_prov_dbs_Part5_tables.csv,24,11,I,-,False,False,False,False,False,,1,0.0
cdi_ca_1956_wk_prov_dbs_Part5_tables.csv,24,24,I,-,False,False,False,False,False,,1,0.0
cdi_ca_1956_wk_prov_dbs_Part5_tables.csv,24,34,I:,-,False,False,False,False,False,,2,0.0
cdi_ca_1956_wk_prov_dbs_Part5_tables.csv,26,12,1,-,False,False,False,False,False,,1,0.0
cdi_ca_1956_wk_prov_dbs_Part5_tables.csv,26,13,I,-,False,False,False,False,False,,1,0.0
cdi_ca_1956_wk_prov_dbs_Part5_tables.csv,26,14,I,-,False,False,False,False,False,,1,0.0
cdi_ca_1956_wk_prov_dbs_Part5_tables.csv,26,15,=,-,False,False,False,False,False,,1,0.0
cdi_ca_1956_wk_prov_dbs_Part5_tables.csv,26,16,I,-,False,False,False,False,False,,1,0.0
cdi_ca_1956_wk_prov_dbs_Part5_tables.csv,26,17,I,-,False,False,False,False,False,,1,0.0
cdi_ca_1956_wk_prov_dbs_Part5_tables.csv,26,18,I,-,False,False,False,False,False,,1,0.0
cdi_ca_1956_wk_prov_dbs_Part5_tables.csv,26,35,,-,False,False,False,False,False,,1,0.0
cdi_ca_1956_wk_prov_dbs_Part5_tables.csv,27,11,I,-,False,False,False,False,False,,1,0.0
cdi_ca_1956_wk_prov_dbs_Part5_tables.csv,27,16,I,-,False,False,False,False,False,,1,0.0
cdi_ca_1956_wk_prov_dbs_Part5_tables.csv,27,23,51.,51,False,False,False,False,False,,1,0.6666666666666667
cdi_ca_1956_wk_prov_dbs_Part6_tables.csv,0,28,:,..,False,False,False,False,False,,2,0.0
cdi_ca_1956_wk_prov_dbs_Part6_tables.csv,0,30,....,..,False,False,False,False,False,,2,0.5
cdi_ca_1956_wk_prov_dbs_Part6_tables.csv,0,31,...,..,False,False,False,False,False,,1,0.6666666666666667
cdi_ca_1956_wk_prov_dbs_Part6_tables.csv,2,15,...,..,False,False,False,False,False,,1,0.6666666666666667
cdi_ca_1956_wk_prov_dbs_Part6_tables.csv,2,16,,..,False,False,False,False,False,,2,0.0
cdi_ca_1956_wk_prov_dbs_Part6_tables.csv,2,17,....,..,False,False,False,False,False,,2,0.5
cdi_ca_1956_wk_prov_dbs_Part6_tables.csv,2,19,,..,False,False,False,False,False,,2,0.0
cdi_ca_1956_wk_prov_dbs_Part6_tables.csv,2,20,...,..,False,False,False,False,False,,1,0.6666666666666667
cdi_ca_1956_wk_prov_dbs_Part6_tables.csv,3,15,...,..,False,False,False,False,False,,1,0.6666666666666667
cdi_ca_1956_wk_prov_dbs_Part6_tables.csv,3,16,...,..,False,False,False,False,False,,1,0.6666666666666667
cdi_ca_1956_wk_prov_dbs_Part6_tables.csv,3,17,R.P.,..,False,False,False,False,False,,2,0.5
cdi_ca_1956_wk_prov_dbs_Part6_tables.csv,3,18,P..,..,False,False,False,False,False,,1,0.6666666666666667
cdi_ca_1956_wk_prov_dbs_Part6_tables.csv,3,19,A...,..,False,False,False,False,False,,2,0.5
cdi_ca_1956_wk_prov_dbs_Part6_tables.csv,3,20,...,..,False,False,False,False,False,,1,0.6666666666666667
cdi_ca_1956_wk_prov_dbs_Part6_tables.csv,4,15,R.P.,..,False,False,False,False,False,,2,0.5
cdi_ca_1956_wk_prov_dbs_Part6_tables.csv,4,16,...,..,False,False,False,False,False,,1,0.6666666666666667
cdi_ca_1956_wk_prov_dbs_Part6_tables.csv,4,17,R.P.,..,False,False,False,False,False,,2,0.5
cdi_ca_1956_wk_prov_dbs_Part6_tables.csv,4,20,...,..,False,False,False,False,False,,1,0.6666666666666667
cdi_ca_1956_wk_prov_dbs_Part6_tables.csv,5,9,-,..,False,False,False,False,False,,2,0.0
cdi_ca_1956_wk_prov_dbs_Part6_tables.csv,5,10,...,..,False,False,False,False,False,,1,0.6666666666666667
cdi_ca_1956_wk_prov_dbs_Part6_tables.csv,5,11,...,..,False,False,False,False,False,,1,0.6666666666666667
cdi_ca_1956_wk_prov_dbs_Part6_tables.csv,5,18,-,..,False,False,False,False,False,,2,0.0
cdi_ca_1956_wk_prov_dbs_Part6_tables.csv,5,19,...,..,False,False,False,False,False,,1,0.6666666666666667
cdi_ca_1956_wk_prov_dbs_Part6_tables.csv,5,20,R.9.,..,False,False,False,False,False,,2,0.5
cdi_ca_1956_wk_prov_dbs_Part6_tables.csv,5,22,1,..,False,False,False,False,False,,2,0.0
cdi_ca_1956_wk_prov_dbs_Part6_tables.csv,5,23,,..,False,False,False,False,False,,2,0.0
cdi_ca_1956_wk_prov_dbs_Part6_tables.csv,5,36,-,6,False,False,False,False,False,,1,0.0
cdi_ca_1956_wk_prov_dbs_Part6_tables.csv,6,6,938,..,False,False,False,False,False,,3,0.0
cdi_ca_1956_wk_prov_dbs_Part6_tables.csv,6,7,...,..,False,False,False,False,False,,1,0.6666666666666667
cdi_ca_1956_wk_prov_dbs_Part6_tables.csv,6,8,...,..,False,False,False,False,False,,1,0.6666666666666667
cdi_ca_1956_wk_prov_dbs_Part6_tables.csv,6,11,6,..,False,False,False,False,False,,2,0.0
cdi_ca_1956_wk_prov_dbs_Part6_tables.csv,6,30,-,..,False,False,False,False,False,,2,0.0
cdi_ca_1956_wk_prov_dbs_Part6_tables.csv,6,31,,..,False,False,False,False,False,,2,0.0
cdi_ca_1956_wk_prov_dbs_Part6_tables.csv,6,32,...,..,False,False,False,False,False,,1,0.6666666666666667
cdi_ca_1956_wk_prov_dbs_Part6_tables.csv,6,36,23,7,False,False,False,False,False,,2,0.0
cdi_ca_1956_wk_prov_dbs_Part6_tables.csv,8,30,-,..,False,False,False,False,False,,2,0.0
cdi_ca_1956_wk_prov_dbs_Part6_tables.csv,8,31,A.P.,..,False,False,False,False,False,,2,0.5
cdi_ca_1956_wk_prov_dbs_Part6_tables.csv,8,32,...,..,False,False,False,False,False,,1,0.6666666666666667
cdi_ca_1956_wk_prov_dbs_Part6_tables.csv,8,36,-,9,False,False,False,False,False,,1,0.0
cdi_ca_1956_wk_prov_dbs_Part6_tables.csv,9,28,A..,..,False,False,False,False,False,,1,0.6666666666666667
cdi_ca_1956_wk_prov_dbs_Part6_tables.csv,9,30,A.P.,..,False,False,False,False,False,,2,0.5
cdi_ca_1956_wk_prov_dbs_Part6_tables.csv,9,31,...,..,False,False,False,False,False,,1,0.6666666666666667
cdi_ca_1956_wk_prov_dbs_Part6_tables.csv,10,36,-,11,False,False,False,False,False,,2,0.0
cdi_ca_1956_wk_prov_dbs_Part6_tables.csv,11,35,I,-,False,False,False,False,False,,1,0.0
cdi_ca_1956_wk_prov_dbs_Part6_tables.csv,12,2,.,-,False,False,False,False,False,,1,0.0
cdi_ca_1956_wk_prov_dbs_Part6_tables.csv,12,34,],1,False,False,False,False,False,,1,0.0
cdi_ca_1956_wk_prov_dbs_Part6_tables.csv,13,9,,..,False,False,False,False,False,,2,0.0
cdi_ca_1956_wk_prov_dbs_Part6_tables.csv,13,10,,..,False,False,False,False,False,,2,0.0
cdi_ca_1956_wk_prov_dbs_Part6_tables.csv,13,11,,..,False,False,False,False,False,,2,0.0
cdi_ca_1956_wk_prov_dbs_Part6_tables.csv,13,15,,..,False,False,False,False,False,,2,0.0
cdi_ca_1956_wk_prov_dbs_Part6_tables.csv,13,16,,..,False,False,False,False,False,,2,0.0
cdi_ca_1956_wk_prov_dbs_Part6_tables.csv,13,17,,..,False,False,False,False,False,,2,0.0
cdi_ca_1956_wk_prov_dbs_Part6_tables.csv,14,36,117,15,False,False,False,False,False,,2,0.33333333333333337
cdi_ca_1956_wk_prov_dbs_Part6_tables.csv,15,10,,-,False,False,False,False,False,,1,0.0
cdi_ca_1956_wk_prov_dbs_Part6_tables.csv,15,36,-,16,False,False,False,False,False,,2,0.0
cdi_ca_1956_wk_prov_dbs_Part6_tables.csv,16,24,6.,6,False,False,False,False,False,,1,0.5
cdi_ca_1956_wk_prov_dbs_Part6_tables.csv,17,24,5.,5,False,False,False,False,False,,1,0.5
cdi_ca_1956_wk_prov_dbs_Part6_tables.csv,20,15,,..,False,False,False,False,False,,2,0.0
cdi_ca_1956_wk_prov_dbs_Part6_tables.csv,20,16,,..,False,False,False,False,False,,2,0.0
cdi_ca_1956_wk_prov_dbs_Part6_tables.csv,20,17,,..,False,False,False,False,False,,2,0.0
cdi_ca_1956_wk_prov_dbs_Part6_tables.csv,20,18,,..,False,False,False,False,False,,2,0.0
cdi_ca_1956_wk_prov_dbs_Part6_tables.csv,20,20,,..,False,False,False,False,False,,2,0.0
cdi_ca_1956_wk_prov_dbs_Part6_tables.csv,20,24,I,-,False,False,False,False,False,,1,0.0
cdi_ca_1956_wk_prov_dbs_Part6_tables.csv,20,30,,..,False,False,False,False,False,,2,0.0
cdi_ca_1956_wk_prov_dbs_Part6_tables.csv,20,31,,..,False,False,False,False,False,,2,0.0
cdi_ca_1956_wk_prov_dbs_Part6_tables.csv,20,32,...,..,False,False,False,False,False,,1,0.6666666666666667
cdi_ca_1956_wk_prov_dbs_Part6_tables.csv,20,33,I,-,False,False,False,False,False,,1,0.0
cdi_ca_1956_wk_prov_dbs_Part6_tables.csv,20,34,I,-,False,False,False,False,False,,1,0.0
cdi_ca_1956_wk_prov_dbs_Part6_tables.csv,20,35,I,-,False,False,False,False,False,,1,0.0
cdi_ca_1956_wk_prov_dbs_Part6_tables.csv,22,3,6,28,False,False,False,False,False,,2,0.0
cdi_ca_1956_wk_prov_dbs_Part6_tables.csv,22,15,I,-,False,False,False,False,False,,1,0.0
cdi_ca_1956_wk_prov_dbs_Part6_tables.csv,22,29,1,-,False,False,False,False,False,,1,0.0
cdi_ca_1956_wk_prov_dbs_Part6_tables.csv,22,30,I,-,False,False,False,False,False,,1,0.0
cdi_ca_1956_wk_prov_dbs_Part6_tables.csv,22,36,-,23,False,False,False,False,False,,2,0.0
cdi_ca_1956_wk_prov_dbs_Part6_tables.csv,23,35,I,-,False,False,False,False,False,,1,0.0
cdi_ca_1956_wk_prov_dbs_Part6_tables.csv,24,25,I,-,False,False,False,False,False,,1,0.0
cdi_ca_1956_wk_prov_dbs_Part6_tables.csv,24,31,I,-,False,False,False,False,False,,1,0.0
cdi_ca_1956_wk_prov_dbs_Part7_tables.csv,0,27,:,..,False,False,False,False,False,,2,0.0
cdi_ca_1956_wk_prov_dbs_Part7_tables.csv,0,30,,..,False,False,False,False,False,,2,0.0
cdi_ca_1956_wk_prov_dbs_Part7_tables.csv,0,31,:.,..,False,False,False,False,False,,1,0.5
cdi_ca_1956_wk_prov_dbs_Part7_tables.csv,2,15,:.,..,False,False,False,False,False,,1,0.5
cdi_ca_1956_wk_prov_dbs_Part7_tables.csv,2,16,: .,..,False,False,False,False,False,,2,0.33333333333333337
cdi_ca_1956_wk_prov_dbs_Part7_tables.csv,2,17,:.,..,False,False,False,False,False,,1,0.5
cdi_ca_1956_wk_prov_dbs_Part7_tables.csv,2,18,:,..,False,False,False,False,False,,2,0.0
cdi_ca_1956_wk_prov_dbs_Part7_tables.csv,3,15,...,..,False,False,False,False,False,,1,0.6666666666666667
cdi_ca_1956_wk_prov_dbs_Part7_tables.csv,4,15,....,..,False,False,False,False,False,,2,0.5
cdi_ca_1956_wk_prov_dbs_Part7_tables.csv,4,16,...,..,False,False,False,False,False,,1,0.6666666666666667
cdi_ca_1956_wk_prov_dbs_Part7_tables.csv,4,20,...,..,False,False,False,False,False,,1,0.6666666666666667
cdi_ca_1956_wk_prov_dbs_Part7_tables.csv,5,9,-,..,False,False,False,False,False,,2,0.0
cdi_ca_1956_wk_prov_dbs_Part7_tables.csv,5,10,...,..,False,False,False,False,False,,1,0.6666666666666667
cdi_ca_1956_wk_prov_dbs_Part7_tables.csv,5,11,A.P,..,False,False,False,False,False,,2,0.33333333333333337
cdi_ca_1956_wk_prov_dbs_Part7_tables.csv,5,18,-,..,False,False,False,False,False,,2,0.0
cdi_ca_1956_wk_prov_dbs_Part7_tables.csv,5,19,...,..,False,False,False,False,False,,1,0.6666666666666667
cdi_ca_1956_wk_prov_dbs_Part7_tables.csv,5,23,1,..,False,False,False,False,False,,2,0.0
cdi_ca_1956_wk_prov_dbs_Part7_tables.csv,5,36,-,6,False,False,False,False,False,,1,0.0
cdi_ca_1956_wk_prov_dbs_Part7_tables.csv,6,6,"1,244",..,False,False,False,False,False,,5,0.0
cdi_ca_1956_wk_prov_dbs_Part7_tables.csv,6,7,...,..,False,False,False,False,False,,1,0.6666666666666667
cdi_ca_1956_wk_prov_dbs_Part7_tables.csv,6,8,...,..,False,False,False,False,False,,1,0.6666666666666667
cdi_ca_1956_wk_prov_dbs_Part7_tables.csv,6,11,26,..,False,False,False,False,False,,2,0.0
cdi_ca_1956_wk_prov_dbs_Part7_tables.csv,6,30,-,..,False,False,False,False,False,,2,0.0
cdi_ca_1956_wk_prov_dbs_Part7_tables.csv,6,31,,..,False,False,False,False,False,,2,0.0
cdi_ca_1956_wk_prov_dbs_Part7_tables.csv,6,32,:,..,False,False,False,False,False,,2,0.0
cdi_ca_1956_wk_prov_dbs_Part7_tables.csv,6,36,24,7,False,False,False,False,False,,2,0.0
cdi_ca_1956_wk_prov_dbs_Part7_tables.csv,8,9,-,..,False,False,False,False,False,,2,0.0
cdi_ca_1956_wk_prov_dbs_Part7_tables.csv,8,10,.,..,False,False,False,False,False,,1,0.5
cdi_ca_1956_wk_prov_dbs_Part7_tables.csv,8,11,...,..,False,False,False,False,False,,1,0.6666666666666667
cdi_ca_1956_wk_prov_dbs_Part7_tables.csv,8,30,-,..,False,False,False,False,False,,2,0.0
cdi_ca_1956_wk_prov_dbs_Part7_tables.csv,8,31,...,..,False,False,False,False,False,,1,0.6666666666666667
cdi_ca_1956_wk_prov_dbs_Part7_tables.csv,8,32,,..,False,False,False,False,False,,2,0.0
cdi_ca_1956_wk_prov_dbs_Part7_tables.csv,8,36,-,9,False,False,False,False,False,,1,0.0
cdi_ca_1956_wk_prov_dbs_Part7_tables.csv,9,8,3,33,False,False,False,False,False,,1,0.5
cdi_ca_1956_wk_prov_dbs_Part7_tables.csv,9,30,:,..,False,False,False,False,False,,2,0.0
cdi_ca_1956_wk_prov_dbs_Part7_tables.csv,9,31,...,..,False,False,False,False,False,,1,0.6666666666666667
cdi_ca_1956_wk_prov_dbs_Part7_tables.csv,10,36,-,11,False,False,False,False,False,,2,0.0
cdi_ca_1956_wk_prov_dbs_Part7_tables.csv,13,9,.A,..,False,False,False,False,False,,1,0.5
cdi_ca_1956_wk_prov_dbs_Part7_tables.csv,13,10,a.e,..,False,False,False,False,False,,2,0.33333333333333337
cdi_ca_1956_wk_prov_dbs_Part7_tables.csv,13,11,,..,False,False,False,False,False,,2,0.0
cdi_ca_1956_wk_prov_dbs_Part7_tables.csv,13,15,...,..,False,False,False,False,False,,1,0.6666666666666667
cdi_ca_1956_wk_prov_dbs_Part7_tables.csv,13,16,:,..,False,False,False,False,False,,2,0.0
cdi_ca_1956_wk_prov_dbs_Part7_tables.csv,13,17,,..,False,False,False,False,False,,2,0.0
cdi_ca_1956_wk_prov_dbs_Part7_tables.csv,13,27,:,..,False,False,False,False,False,,2,0.0
cdi_ca_1956_wk_prov_dbs_Part7_tables.csv,13,31,26,2,False,False,False,False,False,,1,0.5
cdi_ca_1956_wk_prov_dbs_Part7_tables.csv,14,36,82,15,False,False,False,False,False,,2,0.0
cdi_ca_1956_wk_prov_dbs_Part7_tables.csv,18,30,...,..,False,False,False,False,False,,1,0.6666666666666667
cdi_ca_1956_wk_prov_dbs_Part7_tables.csv,18,32,:,..,False,False,False,False,False,,2,0.0
cdi_ca_1956_wk_prov_dbs_Part7_tables.csv,20,15,,..,False,False,False,False,False,,2,0.0
cdi_ca_1956_wk_prov_dbs_Part7_tables.csv,20,16,.A,..,False,False,False,False,False,,1,0.5
cdi_ca_1956_wk_prov_dbs_Part7_tables.csv,20,17,R.P.,..,False,False,False,False,False,,2,0.5
cdi_ca_1956_wk_prov_dbs_Part7_tables.csv,20,19,R.9,..,False,False,False,False,False,,2,0.33333333333333337
cdi_ca_1956_wk_prov_dbs_Part7_tables.csv,20,30,...,..,False,False,False,False,False,,1,0.6666666666666667
cdi_ca_1956_wk_prov_dbs_Part7_tables.csv,20,31,R.A,..,False,False,False,False,False,,2,0.33333333333333337
cdi_ca_1956_wk_prov_dbs_Part7_tables.csv,20,32,...,..,False,False,False,False,False,,1,0.6666666666666667
cdi_ca_1956_wk_prov_dbs_Part7_tables.csv,21,10,I,-,False,False,False,False,False,,1,0.0
cdi_ca_1956_wk_prov_dbs_Part7_tables.csv,22,36,-,23,False,False,False,False,False,,2,0.0
cdi_ca_1956_wk_prov_dbs_Part8_tables.csv,0,28,...,..,False,False,False,False,False,,1,0.6666666666666667
cdi_ca_1956_wk_prov_dbs_Part8_tables.csv,0,30,...,..,False,False,False,False,False,,1,0.6666666666666667
cdi_ca_1956_wk_prov_dbs_Part8_tables.csv,0,31,.....,..,False,False,False,False,False,,3,0.4
cdi_ca_1956_wk_prov_dbs_Part8_tables.csv,2,15,...,..,False,False,False,False,False,,1,0.6666666666666667
cdi_ca_1956_wk_prov_dbs_Part8_tables.csv,2,16,...,..,False,False,False,False,False,,1,0.6666666666666667
cdi_ca_1956_wk_prov_dbs_Part8_tables.csv,2,17,....,..,False,False,False,False,False,,2,0.5
cdi_ca_1956_wk_prov_dbs_Part8_tables.csv,2,19,...,..,False,False,False,False,False,,1,0.6666666666666667
cdi_ca_1956_wk_prov_dbs_Part8_tables.csv,2,20,...,..,False,False,False,False,False,,1,0.6666666666666667
cdi_ca_1956_wk_prov_dbs_Part8_tables.csv,3,15,...,..,False,False,False,False,False,,1,0.6666666666666667
cdi_ca_1956_wk_prov_dbs_Part8_tables.csv,3,16,,..,False,False,False,False,False,,2,0.0
cdi_ca_1956_wk_prov_dbs_Part8_tables.csv,3,17,...,..,False,False,False,False,False,,1,0.6666666666666667
cdi_ca_1956_wk_prov_dbs_Part8_tables.csv,3,18,,..,False,False,False,False,False,,2,0.0
cdi_ca_1956_wk_prov_dbs_Part8_tables.csv,3,19,P..,..,False,False,False,False,False,,1,0.6666666666666667
cdi_ca_1956_wk_prov_dbs_Part8_tables.csv,3,20,...,..,False,False,False,False,False,,1,0.6666666666666667
cdi_ca_1956_wk_prov_dbs_Part8_tables.csv,4,15,....,..,False,False,False,False,False,,2,0.5
cdi_ca_1956_wk_prov_dbs_Part8_tables.csv,4,16,...,..,False,False,False,False,False,,1,0.6666666666666667
cdi_ca_1956_wk_prov_dbs_Part8_tables.csv,4,17,...,..,False,False,False,False,False,,1,0.6666666666666667
cdi_ca_1956_wk_prov_dbs_Part8_tables.csv,5,9,-,..,False,False,False,False,False,,2,0.0
cdi_ca_1956_wk_prov_dbs_Part8_tables.csv,5,10,...,..,False,False,False,False,False,,1,0.6666666666666667
cdi_ca_1956_wk_prov_dbs_Part8_tables.csv,5,11,R.P.,..,False,False,False,False,False,,2,0.5
cdi_ca_1956_wk_prov_dbs_Part8_tables.csv,5,18,-,..,False,False,False,False,False,,2,0.0
cdi_ca_1956_wk_prov_dbs_Part8_tables.csv,5,19,...,..,False,False,False,False,False,,1,0.6666666666666667
cdi_ca_1956_wk_prov_dbs_Part8_tables.csv,5,20,....,..,False,False,False,False,False,,2,0.5
cdi_ca_1956_wk_prov_dbs_Part8_tables.csv,5,21,...,..,False,False,False,False,False,,1,0.6666666666666667
cdi_ca_1956_wk_prov_dbs_Part8_tables.csv,5,22,...,..,False,False,False,False,False,,1,0.6666666666666667
cdi_ca_1956_wk_prov_dbs_Part8_tables.csv,5,23,:,..,False,False,False,False,False,,2,0.0
cdi_ca_1956_wk_prov_dbs_Part8_tables.csv,5,36,-,6,False,False,False,False,False,,1,0.0
cdi_ca_1956_wk_prov_dbs_Part8_tables.csv,6,6,"1,568",..,False,False,False,False,False,,5,0.0
cdi_ca_1956_wk_prov_dbs_Part8_tables.csv,6,7,....,..,False,False,False,False,False,,2,0.5
cdi_ca_1956_wk_prov_dbs_Part8_tables.csv,6,8,....,..,False,False,False,False,False,,2,0.5
cdi_ca_1956_wk_prov_dbs_Part8_tables.csv,6,11,86,..,False,False,False,False,False,,2,0.0
cdi_ca_1956_wk_prov_dbs_Part8_tables.csv,6,30,2,..,False,False,False,False,False,,2,0.0
cdi_ca_1956_wk_prov_dbs_Part8_tables.csv,6,31,...,..,False,False,False,False,False,,1,0.6666666666666667
cdi_ca_1956_wk_prov_dbs_Part8_tables.csv,6,32,,..,False,False,False,False,False,,2,0.0
cdi_ca_1956_wk_prov_dbs_Part8_tables.csv,6,36,42,7,False,False,False,False,False,,2,0.0
cdi_ca_1956_wk_prov_dbs_Part8_tables.csv,8,5,57,61,False,False,False,False,False,,2,0.0
cdi_ca_1956_wk_prov_dbs_Part8_tables.csv,8,9,-,..,False,False,False,False,False,,2,0.0
cdi_ca_1956_wk_prov_dbs_Part8_tables.csv,8,10,,..,False,False,False,False,False,,2,0.0
cdi_ca_1956_wk_prov_dbs_Part8_tables.csv,8,11,...,..,False,False,False,False,False,,1,0.6666666666666667
cdi_ca_1956_wk_prov_dbs_Part8_tables.csv,8,30,-,..,False,False,False,False,False,,2,0.0
cdi_ca_1956_wk_prov_dbs_Part8_tables.csv,8,31,P.A,..,False,False,False,False,False,,2,0.33333333333333337
cdi_ca_1956_wk_prov_dbs_Part8_tables.csv,8,32,A.T.,..,False,False,False,False,False,,2,0.5
cdi_ca_1956_wk_prov_dbs_Part8_tables.csv,8,36,2,9,False,False,False,False,False,,1,0.0
cdi_ca_1956_wk_prov_dbs_Part8_tables.csv,9,27,R.9.,..,False,False,False,False,False,,2,0.5
cdi_ca_1956_wk_prov_dbs_Part8_tables.csv,9,30,P.R,..,False,False,False,False,False,,2,0.33333333333333337
cdi_ca_1956_wk_prov_dbs_Part8_tables.csv,9,31,A.P.,..,False,False,False,False,False,,2,0.5
cdi_ca_1956_wk_prov_dbs_Part8_tables.csv,10,36,-,11,False,False,False,False,False,,2,0.0
cdi_ca_1956_wk_prov_dbs_Part8_tables.csv,13,9,,..,False,False,False,False,False,,2,0.0
cdi_ca_1956_wk_prov_dbs_Part8_tables.csv,13,10,R.P.,..,False,False,False,False,False,,2,0.5
cdi_ca_1956_wk_prov_dbs_Part8_tables.csv,13,11,,..,False,False,False,False,False,,2,0.0
cdi_ca_1956_wk_prov_dbs_Part8_tables.csv,13,15,...,..,False,False,False,False,False,,1,0.6666666666666667
cdi_ca_1956_wk_prov_dbs_Part8_tables.csv,13,16,,..,False,False,False,False,False,,2,0.0
cdi_ca_1956_wk_prov_dbs_Part8_tables.csv,13,17,P...,..,False,False,False,False,False,,2,0.5
cdi_ca_1956_wk_prov_dbs_Part8_tables.csv,13,27,R.O.,..,False,False,False,False,False,,2,0.5
cdi_ca_1956_wk_prov_dbs_Part8_tables.csv,13,28,1.A,..,False,False,False,False,False,,2,0.33333333333333337
cdi_ca_1956_wk_prov_dbs_Part8_tables.csv,14,36,99,15,False,False,False,False,False,,2,0.0
cdi_ca_1956_wk_prov_dbs_Part8_tables.csv,18,31,R.P.,..,False,False,False,False,False,,2,0.5
cdi_ca_1956_wk_prov_dbs_Part8_tables.csv,18,32,9.3,..,False,False,False,False,False,,2,0.33333333333333337
cdi_ca_1956_wk_prov_dbs_Part8_tables.csv,20,15,A..,..,False,False,False,False,False,,1,0.6666666666666667
cdi_ca_1956_wk_prov_dbs_Part8_tables.csv,20,16,..A,..,False,False,False,False,False,,1,0.6666666666666667
cdi_ca_1956_wk_prov_dbs_Part8_tables.csv,20,17,...,..,False,False,False,False,False,,1,0.6666666666666667
cdi_ca_1956_wk_prov_dbs_Part8_tables.csv,20,30,...,..,False,False,False,False,False,,1,0.6666666666666667
cdi_ca_1956_wk_prov_dbs_Part8_tables.csv,20,31,R.P.,..,False,False,False,False,False,,2,0.5
cdi_ca_1956_wk_prov_dbs_Part8_tables.csv,20,32,9.5,..,False,False,False,False,False,,2,0.33333333333333337
cdi_ca_1956_wk_prov_dbs_Part8_tables.csv,22,29,1,-,False,False,False,False,False,,1,0.0
cdi_ca_1956_wk_prov_dbs_Part8_tables.csv,22,36,-,23,False,False,False,False,False,,2,0.0
cdi_ca_1956_wk_prov_dbs_Part9_tables.csv,0,1,"1,129",1199,False,False,False,False,False,,2,0.6
cdi_ca_1956_wk_prov_dbs_Part9_tables.csv,0,5,"12,139",12138,False,False,False,False,False,,2,0.6666666666666667
cdi_ca_1956_wk_prov_dbs_Part9_tables.csv,0,12,50,55,False,False,False,False,False,,1,0.5
cdi_ca_1956_wk_prov_dbs_Part9_tables.csv,0,20,252,232,False,False,False,False,False,,1,0.6666666666666667
cdi_ca_1956_wk_prov_dbs_Part9_tables.csv,0,27,,..,False,False,False,False,False,,2,0.0
cdi_ca_1956_wk_prov_dbs_Part9_tables.csv,0,30,,..,False,False,False,False,False,,2,0.0
cdi_ca_1956_wk_prov_dbs_Part9_tables.csv,0,31,,..,False,False,False,False,False,,2,0.0
cdi_ca_1956_wk_prov_dbs_Part9_tables.csv,1,1,I,-,False,False,False,False,False,,1,0.0
cdi_ca_1956_wk_prov_dbs_Part9_tables.csv,2,4,25,75,False,False,False,False,False,,1,0.5
cdi_ca_1956_wk_prov_dbs_Part9_tables.csv,2,10,:,2,False,False,False,False,False,,1,0.0
cdi_ca_1956_wk_prov_dbs_Part9_tables.csv,2,15,,..,False,False,False,False,False,,2,0.0
cdi_ca_1956_wk_prov_dbs_Part9_tables.csv,2,16,,..,False,False,False,False,False,,2,0.0
cdi_ca_1956_wk_prov_dbs_Part9_tables.csv,2,17,A.C.,..,False,False,False,False,False,,2,0.5
cdi_ca_1956_wk_prov_dbs_Part9_tables.csv,2,19,KM,5,False,False,False,False,False,,2,0.0
cdi_ca_1956_wk_prov_dbs_Part9_tables.csv,2,20,.A,..,False,False,False,False,False,,1,0.5
cdi_ca_1956_wk_prov_dbs_Part9_tables.csv,3,15,,..,False,False,False,False,False,,2,0.0
cdi_ca_1956_wk_prov_dbs_Part9_tables.csv,3,16,,..,False,False,False,False,False,,2,0.0
cdi_ca_1956_wk_prov_dbs_Part9_tables.csv,3,17,,..,False,False,False,False,False,,2,0.0
cdi_ca_1956_wk_prov_dbs_Part9_tables.csv,3,18,,..,False,False,False,False,False,,2,0.0
cdi_ca_1956_wk_prov_dbs_Part9_tables.csv,3,19,,..,False,False,False,False,False,,2,0.0
cdi_ca_1956_wk_prov_dbs_Part9_tables.csv,3,20,,..,False,False,False,False,False,,2,0.0
cdi_ca_1956_wk_prov_dbs_Part9_tables.csv,3,36,,4,False,False,False,False,False,,1,0.0
cdi_ca_1956_wk_prov_dbs_Part9_tables.csv,4,15,,..,False,False,False,False,False,,2,0.0
cdi_ca_1956_wk_prov_dbs_Part9_tables.csv,4,16,,..,False,False,False,False,False,,2,0.0
cdi_ca_1956_wk_prov_dbs_Part9_tables.csv,4,17,...,..,False,False,False,False,False,,1,0.6666666666666667
cdi_ca_1956_wk_prov_dbs_Part9_tables.csv,4,20,a.e,..,False,False,False,False,False,,2,0.33333333333333337
cdi_ca_1956_wk_prov_dbs_Part9_tables.csv,4,30,1.,1,False,False,False,False,False,,1,0.5
cdi_ca_1956_wk_prov_dbs_Part9_tables.csv,4,36,4 5,5,False,False,False,False,False,,2,0.33333333333333337
cdi_ca_1956_wk_prov_dbs_Part9_tables.csv,5,9,-,..,False,False,False,False,False,,2,0.0
cdi_ca_1956_wk_prov_dbs_Part9_tables.csv,5,10,,..,False,False,False,False,False,,2,0.0
cdi_ca_1956_wk_prov_dbs_Part9_tables.csv,5,11,A.A,..,False,False,False,False,False,,2,0.33333333333333337
cdi_ca_1956_wk_prov_dbs_Part9_tables.csv,5,18,-,..,False,False,False,False,False,,2,0.0
cdi_ca_1956_wk_prov_dbs_Part9_tables.csv,5,19,,..,False,False,False,False,False,,2,0.0
cdi_ca_1956_wk_prov_dbs_Part9_tables.csv,5,20,1.2,..,False,False,False,False,False,,2,0.33333333333333337
cdi_ca_1956_wk_prov_dbs_Part9_tables.csv,5,21,9.9,..,False,False,False,False,False,,2,0.33333333333333337
cdi_ca_1956_wk_prov_dbs_Part9_tables.csv,5,22,...,..,False,False,False,False,False,,1,0.6666666666666667
cdi_ca_1956_wk_prov_dbs_Part9_tables.csv,5,23,,..,False,False,False,False,False,,2,0.0
cdi_ca_1956_wk_prov_dbs_Part9_tables.csv,5,36,-,6,False,False,False,False,False,,1,0.0
cdi_ca_1956_wk_prov_dbs_Part9_tables.csv,6,6,"1,895",..,False,False,False,False,False,,5,0.0
cdi_ca_1956_wk_prov_dbs_Part9_tables.csv,6,7,A.P.,..,False,False,False,False,False,,2,0.5
cdi_ca_1956_wk_prov_dbs_Part9_tables.csv,6,8,,..,False,False,False,False,False,,2,0.0
cdi_ca_1956_wk_prov_dbs_Part9_tables.csv,6,11,49,..,False,False,False,False,False,,2,0.0
cdi_ca_1956_wk_prov_dbs_Part9_tables.csv,6,30,-,..,False,False,False,False,False,,2,0.0
cdi_ca_1956_wk_prov_dbs_Part9_tables.csv,6,31,...,..,False,False,False,False,False,,1,0.6666666666666667
cdi_ca_1956_wk_prov_dbs_Part9_tables.csv,6,32,...,..,False,False,False,False,False,,1,0.6666666666666667
cdi_ca_1956_wk_prov_dbs_Part9_tables.csv,6,36,73,7,False,False,False,False,False,,1,0.5
cdi_ca_1956_wk_prov_dbs_Part9_tables.csv,7,0,"1,852",1862,False,False,False,False,False,,2,0.6
cdi_ca_1956_wk_prov_dbs_Part9_tables.csv,7,32,.... 130,130,False,False,False,False,False,,5,0.375
cdi_ca_1956_wk_prov_dbs_Part9_tables.csv,8,5,65,57,False,False,False,False,False,,2,0.0
cdi_ca_1956_wk_prov_dbs_Part9_tables.csv,8,9,-,..,False,False,False,False,False,,2,0.0
cdi_ca_1956_wk_prov_dbs_Part9_tables.csv,8,10,,..,False,False,False,False,False,,2,0.0
cdi_ca_1956_wk_prov_dbs_Part9_tables.csv,8,11,.A,..,False,False,False,False,False,,1,0.5
cdi_ca_1956_wk_prov_dbs_Part9_tables.csv,8,30,-,..,False,False,False,False,False,,2,0.0
cdi_ca_1956_wk_prov_dbs_Part9_tables.csv,8,31,,..,False,False,False,False,False,,2,0.0
cdi_ca_1956_wk_prov_dbs_Part9_tables.csv,8,32,,..,False,False,False,False,False,,2,0.0
cdi_ca_1956_wk_prov_dbs_Part9_tables.csv,8,36,-,9,False,False,False,False,False,,1,0.0
cdi_ca_1956_wk_prov_dbs_Part9_tables.csv,9,10,0,6,False,False,False,False,False,,1,0.0
cdi_ca_1956_wk_prov_dbs_Part9_tables.csv,9,28,,..,False,False,False,False,False,,2,0.0
cdi_ca_1956_wk_prov_dbs_Part9_tables.csv,9,30,A...,..,False,False,False,False,False,,2,0.5
cdi_ca_1956_wk_prov_dbs_Part9_tables.csv,9,31,T.R.,..,False,False,False,False,False,,2,0.5
cdi_ca_1956_wk_prov_dbs_Part9_tables.csv,9,32,.... 48,48,False,False,False,False,False,,5,0.2857142857142857
cdi_ca_1956_wk_prov_dbs_Part9_tables.csv,9,36,9 10,10,False,False,False,False,False,,2,0.5
cdi_ca_1956_wk_prov_dbs_Part9_tables.csv,10,30,2,-,False,False,False,False,False,,1,0.0
cdi_ca_1956_wk_prov_dbs_Part9_tables.csv,10,31,A.9 -,-,False,False,False,False,False,,4,0.19999999999999996
cdi_ca_1956_wk_prov_dbs_Part9_tables.csv,10,35,2,-,False,False,False,False,False,,1,0.0
cdi_ca_1956_wk_prov_dbs_Part9_tables.csv,10,36,,11,False,False,False,False,False,,2,0.0
cdi_ca_1956_wk_prov_dbs_Part9_tables.csv,11,35,,-,False,False,False,False,False,,1,0.0
cdi_ca_1956_wk_prov_dbs_Part9_tables.csv,12,2,7,1,False,False,False,False,False,,1,0.0
cdi_ca_1956_wk_prov_dbs_Part9_tables.csv,12,35,,-,False,False,False,False,False,,1,0.0
cdi_ca_1956_wk_prov_dbs_Part9_tables.csv,13,9,,..,False,False,False,False,False,,2,0.0
cdi_ca_1956_wk_prov_dbs_Part9_tables.csv,13,10,,..,False,False,False,False,False,,2,0.0
cdi_ca_1956_wk_prov_dbs_Part9_tables.csv,13,11,,..,False,False,False,False,False,,2,0.0
cdi_ca_1956_wk_prov_dbs_Part9_tables.csv,13,15,,..,False,False,False,False,False,,2,0.0
cdi_ca_1956_wk_prov_dbs_Part9_tables.csv,13,16,,..,False,False,False,False,False,,2,0.0
cdi_ca_1956_wk_prov_dbs_Part9_tables.csv,13,17,,..,False,False,False,False,False,,2,0.0
cdi_ca_1956_wk_prov_dbs_Part9_tables.csv,13,27,,..,False,False,False,False,False,,2,0.0
cdi_ca_1956_wk_prov_dbs_Part9_tables.csv,13,28,,..,False,False,False,False,False,,2,0.0
cdi_ca_1956_wk_prov_dbs_Part9_tables.csv,13,29,OK,8,False,False,False,False,False,,2,0.0
cdi_ca_1956_wk_prov_dbs_Part9_tables.csv,14,28,7,1,False,False,False,False,False,,1,0.0
cdi_ca_1956_wk_prov_dbs_Part9_tables.csv,14,36,74,15,False,False,False,False,False,,2,0.0
cdi_ca_1956_wk_prov_dbs_Part9_tables.csv,18,32,,..,False,False,False,False,False,,2,0.0
cdi_ca_1956_wk_prov_dbs_Part9_tables.csv,19,19,--,-,False,False,False,False,False,,1,0.5
cdi_ca_1956_wk_prov_dbs_Part9_tables.csv,19,32,S.R -,-,False,False,False,False,False,,4,0.19999999999999996
cdi_ca_1956_wk_prov_dbs_Part9_tables.csv,20,15,,..,False,False,False,False,False,,2,0.0
cdi_ca_1956_wk_prov_dbs_Part9_tables.csv,20,16,a.e.,..,False,False,False,False,False,,2,0.5
cdi_ca_1956_wk_prov_dbs_Part9_tables.csv,20,17,...,..,False,False,False,False,False,,1,0.6666666666666667
cdi_ca_1956_wk_prov_dbs_Part9_tables.csv,20,30,,..,False,False,False,False,False,,2,0.0
cdi_ca_1956_wk_prov_dbs_Part9_tables.csv,20,31,,..,False,False,False,False,False,,2,0.0
cdi_ca_1956_wk_prov_dbs_Part9_tables.csv,20,32,,..,False,False,False,False,False,,2,0.0
cdi_ca_1956_wk_prov_dbs_Part9_tables.csv,21,30,R.P. 50,50,False,False,False,False,False,,5,0.2857142857142857
cdi_ca_1956_wk_prov_dbs_Part9_tables.csv,21,32,A.P. 47,47,False,False,False,False,False,,5,0.2857142857142857
cdi_ca_1956_wk_prov_dbs_Part9_tables.csv,22,36,-,23,False,False,False,False,False,,2,0.0
cdi_ca_1956_wk_prov_dbs_Part9_tables.csv,23,30,I,-,False,False,False,False,False,,1,0.0
cdi_ca_1956_wk_prov_dbs_Part9_tables.csv,26,35,,-,False,False,False,False,False,,1,0.0
cdi_ca_1956_wk_prov_dbs_Part10_tables.csv,0,30,,..,False,False,False,False,False,,2,0.0
cdi_ca_1956_wk_prov_dbs_Part10_tables.csv,0,31,...,..,False,False,False,False,False,,1,0.6666666666666667
cdi_ca_1956_wk_prov_dbs_Part10_tables.csv,2,17,,..,False,False,False,False,False,,2,0.0
cdi_ca_1956_wk_prov_dbs_Part10_tables.csv,2,18,...,..,False,False,False,False,False,,1,0.6666666666666667
cdi_ca_1956_wk_prov_dbs_Part10_tables.csv,3,15,...,..,False,False,False,False,False,,1,0.6666666666666667
cdi_ca_1956_wk_prov_dbs_Part10_tables.csv,3,16,,..,False,False,False,False,False,,2,0.0
cdi_ca_1956_wk_prov_dbs_Part10_tables.csv,3,17,...,..,False,False,False,False,False,,1,0.6666666666666667
cdi_ca_1956_wk_prov_dbs_Part10_tables.csv,3,18,,..,False,False,False,False,False,,2,0.0
cdi_ca_1956_wk_prov_dbs_Part10_tables.csv,3,19,,..,False,False,False,False,False,,2,0.0
cdi_ca_1956_wk_prov_dbs_Part10_tables.csv,3,20,,..,False,False,False,False,False,,2,0.0
cdi_ca_1956_wk_prov_dbs_Part10_tables.csv,4,15,,..,False,False,False,False,False,,2,0.0
cdi_ca_1956_wk_prov_dbs_Part10_tables.csv,4,16,,..,False,False,False,False,False,,2,0.0
cdi_ca_1956_wk_prov_dbs_Part10_tables.csv,4,17,...,..,False,False,False,False,False,,1,0.6666666666666667
cdi_ca_1956_wk_prov_dbs_Part10_tables.csv,4,18,,..,False,False,False,False,False,,2,0.0
cdi_ca_1956_wk_prov_dbs_Part10_tables.csv,4,20,...,..,False,False,False,False,False,,1,0.6666666666666667
cdi_ca_1956_wk_prov_dbs_Part10_tables.csv,4,33,5,6,False,False,False,False,False,,1,0.0
cdi_ca_1956_wk_prov_dbs_Part10_tables.csv,5,9,-,..,False,False,False,False,False,,2,0.0
cdi_ca_1956_wk_prov_dbs_Part10_tables.csv,5,10,,..,False,False,False,False,False,,2,0.0
cdi_ca_1956_wk_prov_dbs_Part10_tables.csv,5,11,: .,..,False,False,False,False,False,,2,0.33333333333333337
cdi_ca_1956_wk_prov_dbs_Part10_tables.csv,5,18,-,..,False,False,False,False,False,,2,0.0
cdi_ca_1956_wk_prov_dbs_Part10_tables.csv,5,19,,..,False,False,False,False,False,,2,0.0
cdi_ca_1956_wk_prov_dbs_Part10_tables.csv,5,20,,..,False,False,False,False,False,,2,0.0
cdi_ca_1956_wk_prov_dbs_Part10_tables.csv,5,21,,..,False,False,False,False,False,,2,0.0
cdi_ca_1956_wk_prov_dbs_Part10_tables.csv,5,36,-,6,False,False,False,False,False,,1,0.0
cdi_ca_1956_wk_prov_dbs_Part10_tables.csv,6,6,"2,543",..,False,False,False,False,False,,5,0.0
cdi_ca_1956_wk_prov_dbs_Part10_tables.csv,6,7,...,..,False,False,False,False,False,,1,0.6666666666666667
cdi_ca_1956_wk_prov_dbs_Part10_tables.csv,6,8,...,..,False,False,False,False,False,,1,0.6666666666666667
cdi_ca_1956_wk_prov_dbs_Part10_tables.csv,6,11,32,..,False,False,False,False,False,,2,0.0
cdi_ca_1956_wk_prov_dbs_Part10_tables.csv,6,30,3,..,False,False,False,False,False,,2,0.0
cdi_ca_1956_wk_prov_dbs_Part10_tables.csv,6,31,,..,False,False,False,False,False,,2,0.0
cdi_ca_1956_wk_prov_dbs_Part10_tables.csv,6,32,R.P.,..,False,False,False,False,False,,2,0.5
cdi_ca_1956_wk_prov_dbs_Part10_tables.csv,6,36,61,7,False,False,False,False,False,,2,0.0
cdi_ca_1956_wk_prov_dbs_Part10_tables.csv,8,9,-,..,False,False,False,False,False,,2,0.0
cdi_ca_1956_wk_prov_dbs_Part10_tables.csv,8,10,,..,False,False,False,False,False,,2,0.0
cdi_ca_1956_wk_prov_dbs_Part10_tables.csv,8,11,...,..,False,False,False,False,False,,1,0.6666666666666667
cdi_ca_1956_wk_prov_dbs_Part10_tables.csv,8,30,-,..,False,False,False,False,False,,2,0.0
cdi_ca_1956_wk_prov_dbs_Part10_tables.csv,8,36,1,9,False,False,False,False,False,,1,0.0
cdi_ca_1956_wk_prov_dbs_Part10_tables.csv,9,27,...,..,False,False,False,False,False,,1,0.6666666666666667
cdi_ca_1956_wk_prov_dbs_Part10_tables.csv,9,30,...,..,False,False,False,False,False,,1,0.6666666666666667
cdi_ca_1956_wk_prov_dbs_Part10_tables.csv,9,31,...,..,False,False,False,False,False,,1,0.6666666666666667
cdi_ca_1956_wk_prov_dbs_Part10_tables.csv,10,36,-,11,False,False,False,False,False,,2,0.0
cdi_ca_1956_wk_prov_dbs_Part10_tables.csv,13,9,...,..,False,False,False,False,False,,1,0.6666666666666667
cdi_ca_1956_wk_prov_dbs_Part10_tables.csv,13,10,...,..,False,False,False,False,False,,1,0.6666666666666667
cdi_ca_1956_wk_prov_dbs_Part10_tables.csv,13,11,,..,False,False,False,False,False,,2,0.0
cdi_ca_1956_wk_prov_dbs_Part10_tables.csv,13,15,....,..,False,False,False,False,False,,2,0.5
cdi_ca_1956_wk_prov_dbs_Part10_tables.csv,13,16,,..,False,False,False,False,False,,2,0.0
cdi_ca_1956_wk_prov_dbs_Part10_tables.csv,13,17,,..,False,False,False,False,False,,2,0.0
cdi_ca_1956_wk_prov_dbs_Part10_tables.csv,13,20,33,38,False,False,False,False,False,,1,0.5
cdi_ca_1956_wk_prov_dbs_Part10_tables.csv,13,27,...,..,False,False,False,False,False,,1,0.6666666666666667
cdi_ca_1956_wk_prov_dbs_Part10_tables.csv,13,28,...,..,False,False,False,False,False,,1,0.6666666666666667
cdi_ca_1956_wk_prov_dbs_Part10_tables.csv,14,36,77,15,False,False,False,False,False,,2,0.0
cdi_ca_1956_wk_prov_dbs_Part10_tables.csv,18,30,...,..,False,False,False,False,False,,1,0.6666666666666667
cdi_ca_1956_wk_prov_dbs_Part10_tables.csv,18,32,....,..,False,False,False,False,False,,2,0.5
cdi_ca_1956_wk_prov_dbs_Part10_tables.csv,20,16,,..,False,False,False,False,False,,2,0.0
cdi_ca_1956_wk_prov_dbs_Part10_tables.csv,20,17,,..,False,False,False,False,False,,2,0.0
cdi_ca_1956_wk_prov_dbs_Part10_tables.csv,20,30,...,..,False,False,False,False,False,,1,0.6666666666666667
cdi_ca_1956_wk_prov_dbs_Part10_tables.csv,20,31,...,..,False,False,False,False,False,,1,0.6666666666666667
cdi_ca_1956_wk_prov_dbs_Part10_tables.csv,20,32,...,..,False,False,False,False,False,,1,0.6666666666666667
cdi_ca_1956_wk_prov_dbs_Part10_tables.csv,22,36,-,23,False,False,False,False,False,,2,0.0
cdi_ca_1956_wk_prov_dbs_Part11_tables.csv,0,27,A.P.,..,False,False,False,False,False,,2,0.5
cdi_ca_1956_wk_prov_dbs_Part11_tables.csv,0,28,...,..,False,False,False,False,False,,1,0.6666666666666667
cdi_ca_1956_wk_prov_dbs_Part11_tables.csv,0,30,,..,False,False,False,False,False,,2,0.0
cdi_ca_1956_wk_prov_dbs_Part11_tables.csv,0,31,,..,False,False,False,False,False,,2,0.0
cdi_ca_1956_wk_prov_dbs_Part11_tables.csv,1,30,... -,-,False,False,False,False,False,,4,0.19999999999999996
cdi_ca_1956_wk_prov_dbs_Part11_tables.csv,2,15,P...,..,False,False,False,False,False,,2,0.5
cdi_ca_1956_wk_prov_dbs_Part11_tables.csv,2,16,,..,False,False,False,False,False,,2,0.0
cdi_ca_1956_wk_prov_dbs_Part11_tables.csv,2,17,....,..,False,False,False,False,False,,2,0.5
cdi_ca_1956_wk_prov_dbs_Part11_tables.csv,2,18,...,..,False,False,False,False,False,,1,0.6666666666666667
cdi_ca_1956_wk_prov_dbs_Part11_tables.csv,2,19,R.A.,..,False,False,False,False,False,,2,0.5
cdi_ca_1956_wk_prov_dbs_Part11_tables.csv,2,20,...,..,False,False,False,False,False,,1,0.6666666666666667
cdi_ca_1956_wk_prov_dbs_Part11_tables.csv,3,15,P...,..,False,False,False,False,False,,2,0.5
cdi_ca_1956_wk_prov_dbs_Part11_tables.csv,3,16,,..,False,False,False,False,False,,2,0.0
cdi_ca_1956_wk_prov_dbs_Part11_tables.csv,3,17,,..,False,False,False,False,False,,2,0.0
cdi_ca_1956_wk_prov_dbs_Part11_tables.csv,3,18,,..,False,False,False,False,False,,2,0.0
cdi_ca_1956_wk_prov_dbs_Part11_tables.csv,3,19,,..,False,False,False,False,False,,2,0.0
cdi_ca_1956_wk_prov_dbs_Part11_tables.csv,3,20,P.A,..,False,False,False,False,False,,2,0.33333333333333337
cdi_ca_1956_wk_prov_dbs_Part11_tables.csv,3,34,I,-,False,False,False,False,False,,1,0.0
cdi_ca_1956_wk_prov_dbs_Part11_tables.csv,3,35,I,-,False,False,False,False,False,,1,0.0
cdi_ca_1956_wk_prov_dbs_Part11_tables.csv,4,15,R.P.,..,False,False,False,False,False,,2,0.5
cdi_ca_1956_wk_prov_dbs_Part11_tables.csv,4,16,...,..,False,False,False,False,False,,1,0.6666666666666667
cdi_ca_1956_wk_prov_dbs_Part11_tables.csv,4,17,,..,False,False,False,False,False,,2,0.0
cdi_ca_1956_wk_prov_dbs_Part11_tables.csv,4,18,9.8,..,False,False,False,False,False,,2,0.33333333333333337
cdi_ca_1956_wk_prov_dbs_Part11_tables.csv,4,19,A.A.,..,False,False,False,False,False,,2,0.5
cdi_ca_1956_wk_prov_dbs_Part11_tables.csv,4,20,....,..,False,False,False,False,False,,2,0.5
cdi_ca_1956_wk_prov_dbs_Part11_tables.csv,4,23,4.,4,False,False,False,False,False,,1,0.5
cdi_ca_1956_wk_prov_dbs_Part11_tables.csv,5,9,-,..,False,False,False,False,False,,2,0.0
cdi_ca_1956_wk_prov_dbs_Part11_tables.csv,5,10,...,..,False,False,False,False,False,,1,0.6666666666666667
cdi_ca_1956_wk_prov_dbs_Part11_tables.csv,5,11,A.A.,..,False,False,False,False,False,,2,0.5
cdi_ca_1956_wk_prov_dbs_Part11_tables.csv,5,18,-,..,False,False,False,False,False,,2,0.0
cdi_ca_1956_wk_prov_dbs_Part11_tables.csv,5,19,.A,..,False,False,False,False,False,,1,0.5
cdi_ca_1956_wk_prov_dbs_Part11_tables.csv,5,20,,..,False,False,False,False,False,,2,0.0
cdi_ca_1956_wk_prov_dbs_Part11_tables.csv,5,21,P.A.,..,False,False,False,False,False,,2,0.5
cdi_ca_1956_wk_prov_dbs_Part11_tables.csv,5,22,A.A.,..,False,False,False,False,False,,2,0.5
cdi_ca_1956_wk_prov_dbs_Part11_tables.csv,5,23,,..,False,False,False,False,False,,2,0.0
cdi_ca_1956_wk_prov_dbs_Part11_tables.csv,5,34,1,-,False,False,False,False,False,,1,0.0
cdi_ca_1956_wk_prov_dbs_Part11_tables.csv,5,36,-,6,False,False,False,False,False,,1,0.0
cdi_ca_1956_wk_prov_dbs_Part11_tables.csv,6,6,"3,020",..,False,False,False,False,False,,5,0.0
cdi_ca_1956_wk_prov_dbs_Part11_tables.csv,6,7,....,..,False,False,False,False,False,,2,0.5
cdi_ca_1956_wk_prov_dbs_Part11_tables.csv,6,8,...,..,False,False,False,False,False,,1,0.6666666666666667
cdi_ca_1956_wk_prov_dbs_Part11_tables.csv,6,11,27,..,False,False,False,False,False,,2,0.0
cdi_ca_1956_wk_prov_dbs_Part11_tables.csv,6,27,1,-,False,False,False,False,False,,1,0.0
cdi_ca_1956_wk_prov_dbs_Part11_tables.csv,6,28,I,8,False,False,False,False,False,,1,0.0
cdi_ca_1956_wk_prov_dbs_Part11_tables.csv,6,30,-,..,False,False,False,False,False,,2,0.0
cdi_ca_1956_wk_prov_dbs_Part11_tables.csv,6,31,,..,False,False,False,False,False,,2,0.0
cdi_ca_1956_wk_prov_dbs_Part11_tables.csv,6,32,,..,False,False,False,False,False,,2,0.0
cdi_ca_1956_wk_prov_dbs_Part11_tables.csv,6,36,200,7,False,False,False,False,False,,3,0.0
cdi_ca_1956_wk_prov_dbs_Part11_tables.csv,7,27,9.8,..,False,False,False,False,False,,2,0.33333333333333337
cdi_ca_1956_wk_prov_dbs_Part11_tables.csv,7,30,-- 10,10,False,False,False,False,False,,3,0.4
cdi_ca_1956_wk_prov_dbs_Part11_tables.csv,8,10,1,..,False,False,False,False,False,,2,0.0
cdi_ca_1956_wk_prov_dbs_Part11_tables.csv,8,11,A.P.,..,False,False,False,False,False,,2,0.5
cdi_ca_1956_wk_prov_dbs_Part11_tables.csv,8,30,-,..,False,False,False,False,False,,2,0.0
cdi_ca_1956_wk_prov_dbs_Part11_tables.csv,8,31,,..,False,False,False,False,False,,2,0.0
cdi_ca_1956_wk_prov_dbs_Part11_tables.csv,8,32,,..,False,False,False,False,False,,2,0.0
cdi_ca_1956_wk_prov_dbs_Part11_tables.csv,8,36,-,9,False,False,False,False,False,,1,0.0
cdi_ca_1956_wk_prov_dbs_Part11_tables.csv,9,27,R.P.,..,False,False,False,False,False,,2,0.5
cdi_ca_1956_wk_prov_dbs_Part11_tables.csv,9,28,...,..,False,False,False,False,False,,1,0.6666666666666667
cdi_ca_1956_wk_prov_dbs_Part11_tables.csv,9,30,... ....,..,False,False,False,False,False,,6,0.25
cdi_ca_1956_wk_prov_dbs_Part11_tables.csv,9,31,R.A. ..,..,False,False,False,False,False,,5,0.2857142857142857
cdi_ca_1956_wk_prov_dbs_Part11_tables.csv,9,32,P.O. 19,19,False,False,False,False,False,,5,0.2857142857142857
cdi_ca_1956_wk_prov_dbs_Part11_tables.csv,10,36,1,11,False,False,False,False,False,,1,0.5
cdi_ca_1956_wk_prov_dbs_Part11_tables.csv,13,9,,..,False,False,False,False,False,,2,0.0
cdi_ca_1956_wk_prov_dbs_Part11_tables.csv,13,10,,..,False,False,False,False,False,,2,0.0
cdi_ca_1956_wk_prov_dbs_Part11_tables.csv,13,11,,..,False,False,False,False,False,,2,0.0
cdi_ca_1956_wk_prov_dbs_Part11_tables.csv,13,15,,..,False,False,False,False,False,,2,0.0
cdi_ca_1956_wk_prov_dbs_Part11_tables.csv,13,16,,..,False,False,False,False,False,,2,0.0
cdi_ca_1956_wk_prov_dbs_Part11_tables.csv,13,17,,..,False,False,False,False,False,,2,0.0
cdi_ca_1956_wk_prov_dbs_Part11_tables.csv,13,27,A.R,..,False,False,False,False,False,,2,0.33333333333333337
cdi_ca_1956_wk_prov_dbs_Part11_tables.csv,14,36,57,15,False,False,False,False,False,,2,0.0
cdi_ca_1956_wk_prov_dbs_Part11_tables.csv,18,31,A.P.,..,False,False,False,False,False,,2,0.5
cdi_ca_1956_wk_prov_dbs_Part11_tables.csv,20,15,....,..,False,False,False,False,False,,2,0.5
cdi_ca_1956_wk_prov_dbs_Part11_tables.csv,20,16,9.8,..,False,False,False,False,False,,2,0.33333333333333337
cdi_ca_1956_wk_prov_dbs_Part11_tables.csv,20,17,P...,..,False,False,False,False,False,,2,0.5
cdi_ca_1956_wk_prov_dbs_Part11_tables.csv,20,19,....,..,False,False,False,False,False,,2,0.5
cdi_ca_1956_wk_prov_dbs_Part11_tables.csv,20,31,A.R.,..,False,False,False,False,False,,2,0.5
cdi_ca_1956_wk_prov_dbs_Part11_tables.csv,20,32,P.A.,..,False,False,False,False,False,,2,0.5
cdi_ca_1956_wk_prov_dbs_Part11_tables.csv,22,36,-,23,False,False,False,False,False,,2,0.0
cdi_ca_1956_wk_prov_dbs_Part11_tables.csv,23,28,I,-,False,False,False,False,False,,1,0.0
cdi_ca_1956_wk_prov_dbs_Part11_tables.csv,25,7,.9,9,False,False,False,False,False,,1,0.5
cdi_ca_1956_wk_prov_dbs_Part12_tables.csv,0,27,P...,..,False,False,False,False,False,,2,0.5
cdi_ca_1956_wk_prov_dbs_Part12_tables.csv,0,28,9.8,..,False,False,False,False,False,,2,0.33333333333333337
cdi_ca_1956_wk_prov_dbs_Part12_tables.csv,0,30,P.R.,..,False,False,False,False,False,,2,0.5
cdi_ca_1956_wk_prov_dbs_Part12_tables.csv,0,31,A.P.,..,False,False,False,False,False,,2,0.5
cdi_ca_1956_wk_prov_dbs_Part12_tables.csv,2,15,,..,False,False,False,False,False,,2,0.0
cdi_ca_1956_wk_prov_dbs_Part12_tables.csv,2,16,,..,False,False,False,False,False,,2,0.0
cdi_ca_1956_wk_prov_dbs_Part12_tables.csv,2,17,A.O.,..,False,False,False,False,False,,2,0.5
cdi_ca_1956_wk_prov_dbs_Part12_tables.csv,2,19,,..,False,False,False,False,False,,2,0.0
cdi_ca_1956_wk_prov_dbs_Part12_tables.csv,2,20,.A,..,False,False,False,False,False,,1,0.5
cdi_ca_1956_wk_prov_dbs_Part12_tables.csv,3,15,,..,False,False,False,False,False,,2,0.0
cdi_ca_1956_wk_prov_dbs_Part12_tables.csv,3,16,,..,False,False,False,False,False,,2,0.0
cdi_ca_1956_wk_prov_dbs_Part12_tables.csv,3,17,,..,False,False,False,False,False,,2,0.0
cdi_ca_1956_wk_prov_dbs_Part12_tables.csv,3,18,.A,..,False,False,False,False,False,,1,0.5
cdi_ca_1956_wk_prov_dbs_Part12_tables.csv,3,19,,..,False,False,False,False,False,,2,0.0
cdi_ca_1956_wk_prov_dbs_Part12_tables.csv,3,20,.A,..,False,False,False,False,False,,1,0.5
cdi_ca_1956_wk_prov_dbs_Part12_tables.csv,4,15,A.O.,..,False,False,False,False,False,,2,0.5
cdi_ca_1956_wk_prov_dbs_Part12_tables.csv,4,16,9.8,..,False,False,False,False,False,,2,0.33333333333333337
cdi_ca_1956_wk_prov_dbs_Part12_tables.csv,4,17,A.9.,..,False,False,False,False,False,,2,0.5
cdi_ca_1956_wk_prov_dbs_Part12_tables.csv,4,19,R.P.,..,False,False,False,False,False,,2,0.5
cdi_ca_1956_wk_prov_dbs_Part12_tables.csv,4,20,9.9,..,False,False,False,False,False,,2,0.33333333333333337
cdi_ca_1956_wk_prov_dbs_Part12_tables.csv,5,9,-,..,False,False,False,False,False,,2,0.0
cdi_ca_1956_wk_prov_dbs_Part12_tables.csv,5,10,....,..,False,False,False,False,False,,2,0.5
cdi_ca_1956_wk_prov_dbs_Part12_tables.csv,5,11,R.R.,..,False,False,False,False,False,,2,0.5
cdi_ca_1956_wk_prov_dbs_Part12_tables.csv,5,18,-,..,False,False,False,False,False,,2,0.0
cdi_ca_1956_wk_prov_dbs_Part12_tables.csv,5,19,..A,..,False,False,False,False,False,,1,0.6666666666666667
cdi_ca_1956_wk_prov_dbs_Part12_tables.csv,5,20,R.P.,..,False,False,False,False,False,,2,0.5
cdi_ca_1956_wk_prov_dbs_Part12_tables.csv,5,21,..A,..,False,False,False,False,False,,1,0.6666666666666667
cdi_ca_1956_wk_prov_dbs_Part12_tables.csv,5,22,R.P.,..,False,False,False,False,False,,2,0.5
cdi_ca_1956_wk_prov_dbs_Part12_tables.csv,5,23,...,..,False,False,False,False,False,,1,0.6666666666666667
cdi_ca_1956_wk_prov_dbs_Part12_tables.csv,5,36,-,6,False,False,False,False,False,,1,0.0
cdi_ca_1956_wk_prov_dbs_Part12_tables.csv,6,6,"3,304",..,False,False,False,False,False,,5,0.0
cdi_ca_1956_wk_prov_dbs_Part12_tables.csv,6,7,P...,..,False,False,False,False,False,,2,0.5
cdi_ca_1956_wk_prov_dbs_Part12_tables.csv,6,8,9.9,..,False,False,False,False,False,,2,0.33333333333333337
cdi_ca_1956_wk_prov_dbs_Part12_tables.csv,6,9,R.P.,..,False,False,False,False,False,,2,0.5
cdi_ca_1956_wk_prov_dbs_Part12_tables.csv,6,11,65,..,False,False,False,False,False,,2,0.0
cdi_ca_1956_wk_prov_dbs_Part12_tables.csv,6,30,1,..,False,False,False,False,False,,2,0.0
cdi_ca_1956_wk_prov_dbs_Part12_tables.csv,6,31,....,..,False,False,False,False,False,,2,0.5
cdi_ca_1956_wk_prov_dbs_Part12_tables.csv,6,32,a.e.,..,False,False,False,False,False,,2,0.5
cdi_ca_1956_wk_prov_dbs_Part12_tables.csv,6,36,12,7,False,False,False,False,False,,2,0.0
cdi_ca_1956_wk_prov_dbs_Part12_tables.csv,7,28,,..,False,False,False,False,False,,2,0.0
cdi_ca_1956_wk_prov_dbs_Part12_tables.csv,8,9,-,..,False,False,False,False,False,,2,0.0
cdi_ca_1956_wk_prov_dbs_Part12_tables.csv,8,11,1,..,False,False,False,False,False,,2,0.0
cdi_ca_1956_wk_prov_dbs_Part12_tables.csv,8,30,-,..,False,False,False,False,False,,2,0.0
cdi_ca_1956_wk_prov_dbs_Part12_tables.csv,8,31,P.R,..,False,False,False,False,False,,2,0.33333333333333337
cdi_ca_1956_wk_prov_dbs_Part12_tables.csv,8,32,R.A,..,False,False,False,False,False,,2,0.33333333333333337
cdi_ca_1956_wk_prov_dbs_Part12_tables.csv,8,36,1,9,False,False,False,False,False,,1,0.0
cdi_ca_1956_wk_prov_dbs_Part12_tables.csv,9,27,....,..,False,False,False,False,False,,2,0.5
cdi_ca_1956_wk_prov_dbs_Part12_tables.csv,9,28,1.9,..,False,False,False,False,False,,2,0.33333333333333337
cdi_ca_1956_wk_prov_dbs_Part12_tables.csv,9,30,P.R.,..,False,False,False,False,False,,2,0.5
cdi_ca_1956_wk_prov_dbs_Part12_tables.csv,9,31,R.P.,..,False,False,False,False,False,,2,0.5
cdi_ca_1956_wk_prov_dbs_Part12_tables.csv,10,36,-,11,False,False,False,False,False,,2,0.0
cdi_ca_1956_wk_prov_dbs_Part12_tables.csv,13,9,,..,False,False,False,False,False,,2,0.0
cdi_ca_1956_wk_prov_dbs_Part12_tables.csv,13,10,,..,False,False,False,False,False,,2,0.0
cdi_ca_1956_wk_prov_dbs_Part12_tables.csv,13,11,....,..,False,False,False,False,False,,2,0.5
cdi_ca_1956_wk_prov_dbs_Part12_tables.csv,13,15,,..,False,False,False,False,False,,2,0.0
cdi_ca_1956_wk_prov_dbs_Part12_tables.csv,13,16,,..,False,False,False,False,False,,2,0.0
cdi_ca_1956_wk_prov_dbs_Part12_tables.csv,13,17,A.P.,..,False,False,False,False,False,,2,0.5
cdi_ca_1956_wk_prov_dbs_Part12_tables.csv,13,27,,..,False,False,False,False,False,,2,0.0
cdi_ca_1956_wk_prov_dbs_Part12_tables.csv,13,28,...,..,False,False,False,False,False,,1,0.6666666666666667
cdi_ca_1956_wk_prov_dbs_Part12_tables.csv,14,4,"4,057",3085,False,False,False,False,False,,4,0.19999999999999996
cdi_ca_1956_wk_prov_dbs_Part12_tables.csv,14,36,70,15,False,False,False,False,False,,2,0.0
cdi_ca_1956_wk_prov_dbs_Part12_tables.csv,18,32,...,..,False,False,False,False,False,,1,0.6666666666666667
cdi_ca_1956_wk_prov_dbs_Part12_tables.csv,20,15,a.e.,..,False,False,False,False,False,,2,0.5
cdi_ca_1956_wk_prov_dbs_Part12_tables.csv,20,16,..A.,..,False,False,False,False,False,,2,0.5
cdi_ca_1956_wk_prov_dbs_Part12_tables.csv,20,17,A.P.,..,False,False,False,False,False,,2,0.5
cdi_ca_1956_wk_prov_dbs_Part12_tables.csv,20,30,....,..,False,False,False,False,False,,2,0.5
cdi_ca_1956_wk_prov_dbs_Part12_tables.csv,20,32,,..,False,False,False,False,False,,2,0.0
cdi_ca_1956_wk_prov_dbs_Part12_tables.csv,21,16,9.,9,False,False,False,False,False,,1,0.5
cdi_ca_1956_wk_prov_dbs_Part12_tables.csv,22,36,-,23,False,False,False,False,False,,2,0.0
cdi_ca_1956_wk_prov_dbs_Part12_tables.csv,23,12,I,-,False,False,False,False,False,,1,0.0
cdi_ca_1956_wk_prov_dbs_Part12_tables.csv,23,13,I,-,False,False,False,False,False,,1,0.0
cdi_ca_1956_wk_prov_dbs_Part12_tables.csv,25,35,45,5,False,False,False,False,False,,1,0.5
cdi_ca_1956_wk_prov_dbs_Part12_tables.csv,27,12,I,-,False,False,False,False,False,,1,0.0
cdi_ca_1956_wk_prov_dbs_Part13_tables.csv,0,27,R.P.,..,False,False,False,False,False,,2,0.5
cdi_ca_1956_wk_prov_dbs_Part13_tables.csv,0,28,....,..,False,False,False,False,False,,2,0.5
cdi_ca_1956_wk_prov_dbs_Part13_tables.csv,0,30,P...,..,False,False,False,False,False,,2,0.5
cdi_ca_1956_wk_prov_dbs_Part13_tables.csv,0,31,...,..,False,False,False,False,False,,1,0.6666666666666667
cdi_ca_1956_wk_prov_dbs_Part13_tables.csv,2,15,R.P.,..,False,False,False,False,False,,2,0.5
cdi_ca_1956_wk_prov_dbs_Part13_tables.csv,2,16,...,..,False,False,False,False,False,,1,0.6666666666666667
cdi_ca_1956_wk_prov_dbs_Part13_tables.csv,2,17,...,..,False,False,False,False,False,,1,0.6666666666666667
cdi_ca_1956_wk_prov_dbs_Part13_tables.csv,2,18,P.A,..,False,False,False,False,False,,2,0.33333333333333337
cdi_ca_1956_wk_prov_dbs_Part13_tables.csv,2,20,*.*,..,False,False,False,False,False,,2,0.33333333333333337
cdi_ca_1956_wk_prov_dbs_Part13_tables.csv,3,15,A.P.,..,False,False,False,False,False,,2,0.5
cdi_ca_1956_wk_prov_dbs_Part13_tables.csv,3,16,,..,False,False,False,False,False,,2,0.0
cdi_ca_1956_wk_prov_dbs_Part13_tables.csv,3,17,,..,False,False,False,False,False,,2,0.0
cdi_ca_1956_wk_prov_dbs_Part13_tables.csv,3,18,,..,False,False,False,False,False,,2,0.0
cdi_ca_1956_wk_prov_dbs_Part13_tables.csv,3,19,A.P,..,False,False,False,False,False,,2,0.33333333333333337
cdi_ca_1956_wk_prov_dbs_Part13_tables.csv,3,20,*.*,..,False,False,False,False,False,,2,0.33333333333333337
cdi_ca_1956_wk_prov_dbs_Part13_tables.csv,4,15,A.P.,..,False,False,False,False,False,,2,0.5
cdi_ca_1956_wk_prov_dbs_Part13_tables.csv,4,16,,..,False,False,False,False,False,,2,0.0
cdi_ca_1956_wk_prov_dbs_Part13_tables.csv,4,17,A.P.,..,False,False,False,False,False,,2,0.5
cdi_ca_1956_wk_prov_dbs_Part13_tables.csv,4,18,,..,False,False,False,False,False,,2,0.0
cdi_ca_1956_wk_prov_dbs_Part13_tables.csv,4,20,...,..,False,False,False,False,False,,1,0.6666666666666667
cdi_ca_1956_wk_prov_dbs_Part13_tables.csv,5,9,-,..,False,False,False,False,False,,2,0.0
cdi_ca_1956_wk_prov_dbs_Part13_tables.csv,5,10,...,..,False,False,False,False,False,,1,0.6666666666666667
cdi_ca_1956_wk_prov_dbs_Part13_tables.csv,5,11,R.A,..,False,False,False,False,False,,2,0.33333333333333337
cdi_ca_1956_wk_prov_dbs_Part13_tables.csv,5,18,-,..,False,False,False,False,False,,2,0.0
cdi_ca_1956_wk_prov_dbs_Part13_tables.csv,5,19,P.S,..,False,False,False,False,False,,2,0.33333333333333337
cdi_ca_1956_wk_prov_dbs_Part13_tables.csv,5,20,R.P.,..,False,False,False,False,False,,2,0.5
cdi_ca_1956_wk_prov_dbs_Part13_tables.csv,5,21,...,..,False,False,False,False,False,,1,0.6666666666666667
cdi_ca_1956_wk_prov_dbs_Part13_tables.csv,5,22,R.P.,..,False,False,False,False,False,,2,0.5
cdi_ca_1956_wk_prov_dbs_Part13_tables.csv,5,23,...,..,False,False,False,False,False,,1,0.6666666666666667
cdi_ca_1956_wk_prov_dbs_Part13_tables.csv,5,36,-,6,False,False,False,False,False,,1,0.0
cdi_ca_1956_wk_prov_dbs_Part13_tables.csv,6,6,"3,955",..,False,False,False,False,False,,5,0.0
cdi_ca_1956_wk_prov_dbs_Part13_tables.csv,6,7,....,..,False,False,False,False,False,,2,0.5
cdi_ca_1956_wk_prov_dbs_Part13_tables.csv,6,8,...,..,False,False,False,False,False,,1,0.6666666666666667
cdi_ca_1956_wk_prov_dbs_Part13_tables.csv,6,11,62,..,False,False,False,False,False,,2,0.0
cdi_ca_1956_wk_prov_dbs_Part13_tables.csv,6,30,-,..,False,False,False,False,False,,2,0.0
cdi_ca_1956_wk_prov_dbs_Part13_tables.csv,6,31,....,..,False,False,False,False,False,,2,0.5
cdi_ca_1956_wk_prov_dbs_Part13_tables.csv,6,32,R.A,..,False,False,False,False,False,,2,0.33333333333333337
cdi_ca_1956_wk_prov_dbs_Part13_tables.csv,7,27,,..,False,False,False,False,False,,2,0.0
cdi_ca_1956_wk_prov_dbs_Part13_tables.csv,8,10,1,..,False,False,False,False,False,,2,0.0
cdi_ca_1956_wk_prov_dbs_Part13_tables.csv,8,11,R.A,..,False,False,False,False,False,,2,0.33333333333333337
cdi_ca_1956_wk_prov_dbs_Part13_tables.csv,8,30,1,..,False,False,False,False,False,,2,0.0
cdi_ca_1956_wk_prov_dbs_Part13_tables.csv,8,31,a.e.,..,False,False,False,False,False,,2,0.5
cdi_ca_1956_wk_prov_dbs_Part13_tables.csv,8,32,,..,False,False,False,False,False,,2,0.0
cdi_ca_1956_wk_prov_dbs_Part13_tables.csv,8,36,2,9,False,False,False,False,False,,1,0.0
cdi_ca_1956_wk_prov_dbs_Part13_tables.csv,9,28,...,..,False,False,False,False,False,,1,0.6666666666666667
cdi_ca_1956_wk_prov_dbs_Part13_tables.csv,9,30,....,..,False,False,False,False,False,,2,0.5
cdi_ca_1956_wk_prov_dbs_Part13_tables.csv,9,31,,..,False,False,False,False,False,,2,0.0
cdi_ca_1956_wk_prov_dbs_Part13_tables.csv,9,32,a.e. 24,24,False,False,False,False,False,,5,0.2857142857142857
cdi_ca_1956_wk_prov_dbs_Part13_tables.csv,10,36,-,11,False,False,False,False,False,,2,0.0
cdi_ca_1956_wk_prov_dbs_Part13_tables.csv,13,9,...,..,False,False,False,False,False,,1,0.6666666666666667
cdi_ca_1956_wk_prov_dbs_Part13_tables.csv,13,10,A.P.,..,False,False,False,False,False,,2,0.5
cdi_ca_1956_wk_prov_dbs_Part13_tables.csv,13,11,....,..,False,False,False,False,False,,2,0.5
cdi_ca_1956_wk_prov_dbs_Part13_tables.csv,13,15,....,..,False,False,False,False,False,,2,0.5
cdi_ca_1956_wk_prov_dbs_Part13_tables.csv,13,16,...,..,False,False,False,False,False,,1,0.6666666666666667
cdi_ca_1956_wk_prov_dbs_Part13_tables.csv,13,17,A.P.,..,False,False,False,False,False,,2,0.5
cdi_ca_1956_wk_prov_dbs_Part13_tables.csv,13,27,...,..,False,False,False,False,False,,1,0.6666666666666667
cdi_ca_1956_wk_prov_dbs_Part13_tables.csv,13,28,....,..,False,False,False,False,False,,2,0.5
cdi_ca_1956_wk_prov_dbs_Part13_tables.csv,14,36,50,15,False,False,False,False,False,,2,0.0
cdi_ca_1956_wk_prov_dbs_Part13_tables.csv,17,30,S,8,False,False,False,False,False,,1,0.0
cdi_ca_1956_wk_prov_dbs_Part13_tables.csv,17,31,7.,7,False,False,False,False,False,,1,0.5
cdi_ca_1956_wk_prov_dbs_Part13_tables.csv,18,30,P...,..,False,False,False,False,False,,2,0.5
cdi_ca_1956_wk_prov_dbs_Part13_tables.csv,20,15,...,..,False,False,False,False,False,,1,0.6666666666666667
cdi_ca_1956_wk_prov_dbs_Part13_tables.csv,20,16,...,..,False,False,False,False,False,,1,0.6666666666666667
cdi_ca_1956_wk_prov_dbs_Part13_tables.csv,20,17,A.A.,..,False,False,False,False,False,,2,0.5
cdi_ca_1956_wk_prov_dbs_Part13_tables.csv,20,18,...,..,False,False,False,False,False,,1,0.6666666666666667
cdi_ca_1956_wk_prov_dbs_Part13_tables.csv,20,30,A.O.,..,False,False,False,False,False,,2,0.5
cdi_ca_1956_wk_prov_dbs_Part13_tables.csv,20,31,,..,False,False,False,False,False,,2,0.0
cdi_ca_1956_wk_prov_dbs_Part13_tables.csv,20,32,A.O.,..,False,False,False,False,False,,2,0.5
cdi_ca_1956_wk_prov_dbs_Part13_tables.csv,21,35,50,60,False,False,False,False,False,,1,0.5
cdi_ca_1956_wk_prov_dbs_Part13_tables.csv,22,31,2,-,False,False,False,False,False,,1,0.0
cdi_ca_1956_wk_prov_dbs_Part13_tables.csv,22,36,-,23,False,False,False,False,False,,2,0.0
cdi_ca_1956_wk_prov_dbs_Part14_tables.csv,0,27,.....,..,False,False,False,False,False,,3,0.4
cdi_ca_1956_wk_prov_dbs_Part14_tables.csv,0,28,:,..,False,False,False,False,False,,2,0.0
cdi_ca_1956_wk_prov_dbs_Part14_tables.csv,0,30,:,..,False,False,False,False,False,,2,0.0
cdi_ca_1956_wk_prov_dbs_Part14_tables.csv,0,31,P...,..,False,False,False,False,False,,2,0.5
cdi_ca_1956_wk_prov_dbs_Part14_tables.csv,2,15,P..,..,False,False,False,False,False,,1,0.6666666666666667
cdi_ca_1956_wk_prov_dbs_Part14_tables.csv,2,16,R.P.,..,False,False,False,False,False,,2,0.5
cdi_ca_1956_wk_prov_dbs_Part14_tables.csv,2,17,...,..,False,False,False,False,False,,1,0.6666666666666667
cdi_ca_1956_wk_prov_dbs_Part14_tables.csv,2,19,,..,False,False,False,False,False,,2,0.0
cdi_ca_1956_wk_prov_dbs_Part14_tables.csv,2,20,...,..,False,False,False,False,False,,1,0.6666666666666667
cdi_ca_1956_wk_prov_dbs_Part14_tables.csv,3,15,,..,False,False,False,False,False,,2,0.0
cdi_ca_1956_wk_prov_dbs_Part14_tables.csv,3,16,,..,False,False,False,False,False,,2,0.0
cdi_ca_1956_wk_prov_dbs_Part14_tables.csv,3,17,,..,False,False,False,False,False,,2,0.0
cdi_ca_1956_wk_prov_dbs_Part14_tables.csv,3,18,,..,False,False,False,False,False,,2,0.0
cdi_ca_1956_wk_prov_dbs_Part14_tables.csv,3,19,,..,False,False,False,False,False,,2,0.0
cdi_ca_1956_wk_prov_dbs_Part14_tables.csv,3,20,..A.,..,False,False,False,False,False,,2,0.5
cdi_ca_1956_wk_prov_dbs_Part14_tables.csv,4,15,,..,False,False,False,False,False,,2,0.0
cdi_ca_1956_wk_prov_dbs_Part14_tables.csv,4,16,,..,False,False,False,False,False,,2,0.0
cdi_ca_1956_wk_prov_dbs_Part14_tables.csv,4,17,...,..,False,False,False,False,False,,1,0.6666666666666667
cdi_ca_1956_wk_prov_dbs_Part14_tables.csv,4,19,*...,..,False,False,False,False,False,,2,0.5
cdi_ca_1956_wk_prov_dbs_Part14_tables.csv,4,20,,..,False,False,False,False,False,,2,0.0
cdi_ca_1956_wk_prov_dbs_Part14_tables.csv,5,9,-,..,False,False,False,False,False,,2,0.0
cdi_ca_1956_wk_prov_dbs_Part14_tables.csv,5,10,,..,False,False,False,False,False,,2,0.0
cdi_ca_1956_wk_prov_dbs_Part14_tables.csv,5,11,,..,False,False,False,False,False,,2,0.0
cdi_ca_1956_wk_prov_dbs_Part14_tables.csv,5,18,-,..,False,False,False,False,False,,2,0.0
cdi_ca_1956_wk_prov_dbs_Part14_tables.csv,5,19,,..,False,False,False,False,False,,2,0.0
cdi_ca_1956_wk_prov_dbs_Part14_tables.csv,5,20,,..,False,False,False,False,False,,2,0.0
cdi_ca_1956_wk_prov_dbs_Part14_tables.csv,5,21,....,..,False,False,False,False,False,,2,0.5
cdi_ca_1956_wk_prov_dbs_Part14_tables.csv,5,22,,..,False,False,False,False,False,,2,0.0
cdi_ca_1956_wk_prov_dbs_Part14_tables.csv,5,23,...,..,False,False,False,False,False,,1,0.6666666666666667
cdi_ca_1956_wk_prov_dbs_Part14_tables.csv,5,36,-,6,False,False,False,False,False,,1,0.0
cdi_ca_1956_wk_prov_dbs_Part14_tables.csv,6,6,"4,704",..,False,False,False,False,False,,5,0.0
cdi_ca_1956_wk_prov_dbs_Part14_tables.csv,6,7,P...,..,False,False,False,False,False,,2,0.5
cdi_ca_1956_wk_prov_dbs_Part14_tables.csv,6,8,,..,False,False,False,False,False,,2,0.0
cdi_ca_1956_wk_prov_dbs_Part14_tables.csv,6,11,86,..,False,False,False,False,False,,2,0.0
cdi_ca_1956_wk_prov_dbs_Part14_tables.csv,6,30,-,..,False,False,False,False,False,,2,0.0
cdi_ca_1956_wk_prov_dbs_Part14_tables.csv,6,31,..A.,..,False,False,False,False,False,,2,0.5
cdi_ca_1956_wk_prov_dbs_Part14_tables.csv,6,32,a.e.,..,False,False,False,False,False,,2,0.5
cdi_ca_1956_wk_prov_dbs_Part14_tables.csv,6,36,68,7,False,False,False,False,False,,2,0.0
cdi_ca_1956_wk_prov_dbs_Part14_tables.csv,7,28,P.A.,..,False,False,False,False,False,,2,0.5
cdi_ca_1956_wk_prov_dbs_Part14_tables.csv,8,9,-,..,False,False,False,False,False,,2,0.0
cdi_ca_1956_wk_prov_dbs_Part14_tables.csv,8,11,1,..,False,False,False,False,False,,2,0.0
cdi_ca_1956_wk_prov_dbs_Part14_tables.csv,8,30,1,..,False,False,False,False,False,,2,0.0
cdi_ca_1956_wk_prov_dbs_Part14_tables.csv,8,31,P.A,..,False,False,False,False,False,,2,0.33333333333333337
cdi_ca_1956_wk_prov_dbs_Part14_tables.csv,8,32,R.P.,..,False,False,False,False,False,,2,0.5
cdi_ca_1956_wk_prov_dbs_Part14_tables.csv,8,36,-,9,False,False,False,False,False,,1,0.0
cdi_ca_1956_wk_prov_dbs_Part14_tables.csv,9,30,...,..,False,False,False,False,False,,1,0.6666666666666667
cdi_ca_1956_wk_prov_dbs_Part14_tables.csv,9,31,A.P.,..,False,False,False,False,False,,2,0.5
cdi_ca_1956_wk_prov_dbs_Part14_tables.csv,10,36,-,11,False,False,False,False,False,,2,0.0
cdi_ca_1956_wk_prov_dbs_Part14_tables.csv,13,9,,..,False,False,False,False,False,,2,0.0
cdi_ca_1956_wk_prov_dbs_Part14_tables.csv,13,10,,..,False,False,False,False,False,,2,0.0
cdi_ca_1956_wk_prov_dbs_Part14_tables.csv,13,11,,..,False,False,False,False,False,,2,0.0
cdi_ca_1956_wk_prov_dbs_Part14_tables.csv,13,15,,..,False,False,False,False,False,,2,0.0
cdi_ca_1956_wk_prov_dbs_Part14_tables.csv,13,16,,..,False,False,False,False,False,,2,0.0
cdi_ca_1956_wk_prov_dbs_Part14_tables.csv,13,17,,..,False,False,False,False,False,,2,0.0
cdi_ca_1956_wk_prov_dbs_Part14_tables.csv,13,27,,..,False,False,False,False,False,,2,0.0
cdi_ca_1956_wk_prov_dbs_Part14_tables.csv,13,28,,..,False,False,False,False,False,,2,0.0
cdi_ca_1956_wk_prov_dbs_Part14_tables.csv,14,36,65,15,False,False,False,False,False,,1,0.5
cdi_ca_1956_wk_prov_dbs_Part14_tables.csv,15,13,=,-,False,False,False,False,False,,1,0.0
cdi_ca_1956_wk_prov_dbs_Part14_tables.csv,18,31,,..,False,False,False,False,False,,2,0.0
cdi_ca_1956_wk_prov_dbs_Part14_tables.csv,18,32,,..,False,False,False,False,False,,2,0.0
cdi_ca_1956_wk_prov_dbs_Part14_tables.csv,20,15,,..,False,False,False,False,False,,2,0.0
cdi_ca_1956_wk_prov_dbs_Part14_tables.csv,20,16,,..,False,False,False,False,False,,2,0.0
cdi_ca_1956_wk_prov_dbs_Part14_tables.csv,20,17,,..,False,False,False,False,False,,2,0.0
cdi_ca_1956_wk_prov_dbs_Part14_tables.csv,20,19,,..,False,False,False,False,False,,2,0.0
cdi_ca_1956_wk_prov_dbs_Part14_tables.csv,20,30,,..,False,False,False,False,False,,2,0.0
cdi_ca_1956_wk_prov_dbs_Part14_tables.csv,20,31,,..,False,False,False,False,False,,2,0.0
cdi_ca_1956_wk_prov_dbs_Part14_tables.csv,20,32,,..,False,False,False,False,False,,2,0.0
cdi_ca_1956_wk_prov_dbs_Part14_tables.csv,22,36,-,23,False,False,False,False,False,,2,0.0
cdi_ca_1956_wk_prov_dbs_Part14_tables.csv,23,13,1,-,False,False,False,False,False,,1,0.0
cdi_ca_1956_wk_prov_dbs_Part14_tables.csv,23,14,4,-,False,False,False,False,False,,1,0.0
cdi_ca_1956_wk_prov_dbs_Part14_tables.csv,23,15,I,-,False,False,False,False,False,,1,0.0
cdi_ca_1956_wk_prov_dbs_Part14_tables.csv,23,25,,-,False,False,False,False,False,,1,0.0
cdi_ca_1956_wk_prov_dbs_Part14_tables.csv,23,31,,-,False,False,False,False,False,,1,0.0
cdi_ca_1956_wk_prov_dbs_Part15_tables.csv,0,27,...,..,False,False,False,False,False,,1,0.6666666666666667
cdi_ca_1956_wk_prov_dbs_Part15_tables.csv,0,28,...,..,False,False,False,False,False,,1,0.6666666666666667
cdi_ca_1956_wk_prov_dbs_Part15_tables.csv,0,30,...,..,False,False,False,False,False,,1,0.6666666666666667
cdi_ca_1956_wk_prov_dbs_Part15_tables.csv,0,31,...,..,False,False,False,False,False,,1,0.6666666666666667
cdi_ca_1956_wk_prov_dbs_Part15_tables.csv,2,15,R.P,..,False,False,False,False,False,,2,0.33333333333333337
cdi_ca_1956_wk_prov_dbs_Part15_tables.csv,2,16,,..,False,False,False,False,False,,2,0.0
cdi_ca_1956_wk_prov_dbs_Part15_tables.csv,2,17,....,..,False,False,False,False,False,,2,0.5
cdi_ca_1956_wk_prov_dbs_Part15_tables.csv,2,18,...,..,False,False,False,False,False,,1,0.6666666666666667
cdi_ca_1956_wk_prov_dbs_Part15_tables.csv,2,20,...,..,False,False,False,False,False,,1,0.6666666666666667
cdi_ca_1956_wk_prov_dbs_Part15_tables.csv,2,35,7.,7,False,False,False,False,False,,1,0.5
cdi_ca_1956_wk_prov_dbs_Part15_tables.csv,3,15,A.P,..,False,False,False,False,False,,2,0.33333333333333337
cdi_ca_1956_wk_prov_dbs_Part15_tables.csv,3,16,,..,False,False,False,False,False,,2,0.0
cdi_ca_1956_wk_prov_dbs_Part15_tables.csv,3,17,A.F.,..,False,False,False,False,False,,2,0.5
cdi_ca_1956_wk_prov_dbs_Part15_tables.csv,3,18,...,..,False,False,False,False,False,,1,0.6666666666666667
cdi_ca_1956_wk_prov_dbs_Part15_tables.csv,3,19,,..,False,False,False,False,False,,2,0.0
cdi_ca_1956_wk_prov_dbs_Part15_tables.csv,3,20,#.A,..,False,False,False,False,False,,2,0.33333333333333337
cdi_ca_1956_wk_prov_dbs_Part15_tables.csv,3,30,I,-,False,False,False,False,False,,1,0.0
cdi_ca_1956_wk_prov_dbs_Part15_tables.csv,3,31,,-,False,False,False,False,False,,1,0.0
cdi_ca_1956_wk_prov_dbs_Part15_tables.csv,3,35,I,-,False,False,False,False,False,,1,0.0
cdi_ca_1956_wk_prov_dbs_Part15_tables.csv,4,15,...,..,False,False,False,False,False,,1,0.6666666666666667
cdi_ca_1956_wk_prov_dbs_Part15_tables.csv,4,16,...,..,False,False,False,False,False,,1,0.6666666666666667
cdi_ca_1956_wk_prov_dbs_Part15_tables.csv,4,17,....,..,False,False,False,False,False,,2,0.5
cdi_ca_1956_wk_prov_dbs_Part15_tables.csv,4,18,...,..,False,False,False,False,False,,1,0.6666666666666667
cdi_ca_1956_wk_prov_dbs_Part15_tables.csv,4,20,...,..,False,False,False,False,False,,1,0.6666666666666667
cdi_ca_1956_wk_prov_dbs_Part15_tables.csv,5,9,-,..,False,False,False,False,False,,2,0.0
cdi_ca_1956_wk_prov_dbs_Part15_tables.csv,5,10,,..,False,False,False,False,False,,2,0.0
cdi_ca_1956_wk_prov_dbs_Part15_tables.csv,5,11,...,..,False,False,False,False,False,,1,0.6666666666666667
cdi_ca_1956_wk_prov_dbs_Part15_tables.csv,5,18,-,..,False,False,False,False,False,,2,0.0
cdi_ca_1956_wk_prov_dbs_Part15_tables.csv,5,19,...,..,False,False,False,False,False,,1,0.6666666666666667
cdi_ca_1956_wk_prov_dbs_Part15_tables.csv,5,20,...,..,False,False,False,False,False,,1,0.6666666666666667
cdi_ca_1956_wk_prov_dbs_Part15_tables.csv,5,21,9.8,..,False,False,False,False,False,,2,0.33333333333333337
cdi_ca_1956_wk_prov_dbs_Part15_tables.csv,5,22,,..,False,False,False,False,False,,2,0.0
cdi_ca_1956_wk_prov_dbs_Part15_tables.csv,5,23,....,..,False,False,False,False,False,,2,0.5
cdi_ca_1956_wk_prov_dbs_Part15_tables.csv,5,36,-,6,False,False,False,False,False,,1,0.0
cdi_ca_1956_wk_prov_dbs_Part15_tables.csv,6,6,"5,224",..,False,False,False,False,False,,5,0.0
cdi_ca_1956_wk_prov_dbs_Part15_tables.csv,6,7,:,..,False,False,False,False,False,,2,0.0
cdi_ca_1956_wk_prov_dbs_Part15_tables.csv,6,8,,..,False,False,False,False,False,,2,0.0
cdi_ca_1956_wk_prov_dbs_Part15_tables.csv,6,11,80,..,False,False,False,False,False,,2,0.0
cdi_ca_1956_wk_prov_dbs_Part15_tables.csv,6,30,-,..,False,False,False,False,False,,2,0.0
cdi_ca_1956_wk_prov_dbs_Part15_tables.csv,6,31,...,..,False,False,False,False,False,,1,0.6666666666666667
cdi_ca_1956_wk_prov_dbs_Part15_tables.csv,6,32,,..,False,False,False,False,False,,2,0.0
cdi_ca_1956_wk_prov_dbs_Part15_tables.csv,6,36,31,7,False,False,False,False,False,,2,0.0
cdi_ca_1956_wk_prov_dbs_Part15_tables.csv,7,27,R.P.,..,False,False,False,False,False,,2,0.5
cdi_ca_1956_wk_prov_dbs_Part15_tables.csv,7,31,A.A 9,9,False,False,False,False,False,,4,0.19999999999999996
cdi_ca_1956_wk_prov_dbs_Part15_tables.csv,7,32,.... 106,106,False,False,False,False,False,,5,0.375
cdi_ca_1956_wk_prov_dbs_Part15_tables.csv,8,9,-,..,False,False,False,False,False,,2,0.0
cdi_ca_1956_wk_prov_dbs_Part15_tables.csv,8,10,,..,False,False,False,False,False,,2,0.0
cdi_ca_1956_wk_prov_dbs_Part15_tables.csv,8,11,...,..,False,False,False,False,False,,1,0.6666666666666667
cdi_ca_1956_wk_prov_dbs_Part15_tables.csv,8,30,-,..,False,False,False,False,False,,2,0.0
cdi_ca_1956_wk_prov_dbs_Part15_tables.csv,8,31,,..,False,False,False,False,False,,2,0.0
cdi_ca_1956_wk_prov_dbs_Part15_tables.csv,8,32,,..,False,False,False,False,False,,2,0.0
cdi_ca_1956_wk_prov_dbs_Part15_tables.csv,8,36,1,9,False,False,False,False,False,,1,0.0
cdi_ca_1956_wk_prov_dbs_Part15_tables.csv,9,27,S.A.,..,False,False,False,False,False,,2,0.5
cdi_ca_1956_wk_prov_dbs_Part15_tables.csv,9,30,...,..,False,False,False,False,False,,1,0.6666666666666667
cdi_ca_1956_wk_prov_dbs_Part15_tables.csv,9,31,,..,False,False,False,False,False,,2,0.0
cdi_ca_1956_wk_prov_dbs_Part15_tables.csv,9,32,a.e. 10,10,False,False,False,False,False,,5,0.2857142857142857
cdi_ca_1956_wk_prov_dbs_Part15_tables.csv,10,36,1,11,False,False,False,False,False,,1,0.5
cdi_ca_1956_wk_prov_dbs_Part15_tables.csv,13,9,,..,False,False,False,False,False,,2,0.0
cdi_ca_1956_wk_prov_dbs_Part15_tables.csv,13,10,...,..,False,False,False,False,False,,1,0.6666666666666667
cdi_ca_1956_wk_prov_dbs_Part15_tables.csv,13,11,...,..,False,False,False,False,False,,1,0.6666666666666667
cdi_ca_1956_wk_prov_dbs_Part15_tables.csv,13,15,P...,..,False,False,False,False,False,,2,0.5
cdi_ca_1956_wk_prov_dbs_Part15_tables.csv,13,16,,..,False,False,False,False,False,,2,0.0
cdi_ca_1956_wk_prov_dbs_Part15_tables.csv,13,17,...,..,False,False,False,False,False,,1,0.6666666666666667
cdi_ca_1956_wk_prov_dbs_Part15_tables.csv,13,27,,..,False,False,False,False,False,,2,0.0
cdi_ca_1956_wk_prov_dbs_Part15_tables.csv,13,28,P...,..,False,False,False,False,False,,2,0.5
cdi_ca_1956_wk_prov_dbs_Part15_tables.csv,14,10,4,18,False,False,False,False,False,,2,0.0
cdi_ca_1956_wk_prov_dbs_Part15_tables.csv,14,36,63,15,False,False,False,False,False,,2,0.0
cdi_ca_1956_wk_prov_dbs_Part15_tables.csv,18,26,I,-,False,False,False,False,False,,1,0.0
cdi_ca_1956_wk_prov_dbs_Part15_tables.csv,18,30,a.e.,..,False,False,False,False,False,,2,0.5
cdi_ca_1956_wk_prov_dbs_Part15_tables.csv,20,15,,..,False,False,False,False,False,,2,0.0
cdi_ca_1956_wk_prov_dbs_Part15_tables.csv,20,16,...,..,False,False,False,False,False,,1,0.6666666666666667
cdi_ca_1956_wk_prov_dbs_Part15_tables.csv,20,17,...,..,False,False,False,False,False,,1,0.6666666666666667
cdi_ca_1956_wk_prov_dbs_Part15_tables.csv,20,18,...,..,False,False,False,False,False,,1,0.6666666666666667
cdi_ca_1956_wk_prov_dbs_Part15_tables.csv,20,30,...,..,False,False,False,False,False,,1,0.6666666666666667
cdi_ca_1956_wk_prov_dbs_Part15_tables.csv,20,31,M.P.,..,False,False,False,False,False,,2,0.5
cdi_ca_1956_wk_prov_dbs_Part15_tables.csv,20,32,...,..,False,False,False,False,False,,1,0.6666666666666667
cdi_ca_1956_wk_prov_dbs_Part15_tables.csv,22,29,1,-,False,False,False,False,False,,1,0.0
cdi_ca_1956_wk_prov_dbs_Part15_tables.csv,22,32,1,-,False,False,False,False,False,,1,0.0
cdi_ca_1956_wk_prov_dbs_Part15_tables.csv,22,33,I,-,False,False,False,False,False,,1,0.0
cdi_ca_1956_wk_prov_dbs_Part15_tables.csv,22,34,1,-,False,False,False,False,False,,1,0.0
cdi_ca_1956_wk_prov_dbs_Part15_tables.csv,22,35,I,-,False,False,False,False,False,,1,0.0
cdi_ca_1956_wk_prov_dbs_Part15_tables.csv,22,36,I,23,False,False,False,False,False,,2,0.0
cdi_ca_1956_wk_prov_dbs_Part15_tables.csv,24,20,25,24,False,False,False,False,False,,1,0.5
cdi_ca_1956_wk_prov_dbs_Part15_tables.csv,27,16,--,-,False,False,False,False,False,,1,0.5
cdi_ca_1956_wk_prov_dbs_Part15_tables.csv,27,17,i,-,False,False,False,False,False,,1,0.0
cdi_ca_1956_wk_prov_dbs_Part16_tables.csv,0,27,:.,..,False,False,False,False,False,,1,0.5
cdi_ca_1956_wk_prov_dbs_Part16_tables.csv,0,28,:.,..,False,False,False,False,False,,1,0.5
cdi_ca_1956_wk_prov_dbs_Part16_tables.csv,0,30,:,..,False,False,False,False,False,,2,0.0
cdi_ca_1956_wk_prov_dbs_Part16_tables.csv,0,31,:,..,False,False,False,False,False,,2,0.0
cdi_ca_1956_wk_prov_dbs_Part16_tables.csv,2,15,,..,False,False,False,False,False,,2,0.0
cdi_ca_1956_wk_prov_dbs_Part16_tables.csv,2,16,,..,False,False,False,False,False,,2,0.0
cdi_ca_1956_wk_prov_dbs_Part16_tables.csv,2,17,A.P.,..,False,False,False,False,False,,2,0.5
cdi_ca_1956_wk_prov_dbs_Part16_tables.csv,2,19,,..,False,False,False,False,False,,2,0.0
cdi_ca_1956_wk_prov_dbs_Part16_tables.csv,2,20,,..,False,False,False,False,False,,2,0.0
cdi_ca_1956_wk_prov_dbs_Part16_tables.csv,3,15,,..,False,False,False,False,False,,2,0.0
cdi_ca_1956_wk_prov_dbs_Part16_tables.csv,3,16,,..,False,False,False,False,False,,2,0.0
cdi_ca_1956_wk_prov_dbs_Part16_tables.csv,3,17,,..,False,False,False,False,False,,2,0.0
cdi_ca_1956_wk_prov_dbs_Part16_tables.csv,3,18,,..,False,False,False,False,False,,2,0.0
cdi_ca_1956_wk_prov_dbs_Part16_tables.csv,3,19,,..,False,False,False,False,False,,2,0.0
cdi_ca_1956_wk_prov_dbs_Part16_tables.csv,3,20,,..,False,False,False,False,False,,2,0.0
cdi_ca_1956_wk_prov_dbs_Part16_tables.csv,4,15,,..,False,False,False,False,False,,2,0.0
cdi_ca_1956_wk_prov_dbs_Part16_tables.csv,4,16,...,..,False,False,False,False,False,,1,0.6666666666666667
cdi_ca_1956_wk_prov_dbs_Part16_tables.csv,4,17,R.P.,..,False,False,False,False,False,,2,0.5
cdi_ca_1956_wk_prov_dbs_Part16_tables.csv,4,19,..A,..,False,False,False,False,False,,1,0.6666666666666667
cdi_ca_1956_wk_prov_dbs_Part16_tables.csv,4,20,P..,..,False,False,False,False,False,,1,0.6666666666666667
cdi_ca_1956_wk_prov_dbs_Part16_tables.csv,5,9,-,..,False,False,False,False,False,,2,0.0
cdi_ca_1956_wk_prov_dbs_Part16_tables.csv,5,10,,..,False,False,False,False,False,,2,0.0
cdi_ca_1956_wk_prov_dbs_Part16_tables.csv,5,11,,..,False,False,False,False,False,,2,0.0
cdi_ca_1956_wk_prov_dbs_Part16_tables.csv,5,18,-,..,False,False,False,False,False,,2,0.0
cdi_ca_1956_wk_prov_dbs_Part16_tables.csv,5,19,,..,False,False,False,False,False,,2,0.0
cdi_ca_1956_wk_prov_dbs_Part16_tables.csv,5,20,R.P.,..,False,False,False,False,False,,2,0.5
cdi_ca_1956_wk_prov_dbs_Part16_tables.csv,5,21,,..,False,False,False,False,False,,2,0.0
cdi_ca_1956_wk_prov_dbs_Part16_tables.csv,5,22,,..,False,False,False,False,False,,2,0.0
cdi_ca_1956_wk_prov_dbs_Part16_tables.csv,5,23,....,..,False,False,False,False,False,,2,0.5
cdi_ca_1956_wk_prov_dbs_Part16_tables.csv,5,36,-,6,False,False,False,False,False,,1,0.0
cdi_ca_1956_wk_prov_dbs_Part16_tables.csv,6,6,"6,013",..,False,False,False,False,False,,5,0.0
cdi_ca_1956_wk_prov_dbs_Part16_tables.csv,6,7,A..,..,False,False,False,False,False,,1,0.6666666666666667
cdi_ca_1956_wk_prov_dbs_Part16_tables.csv,6,8,...,..,False,False,False,False,False,,1,0.6666666666666667
cdi_ca_1956_wk_prov_dbs_Part16_tables.csv,6,11,49,..,False,False,False,False,False,,2,0.0
cdi_ca_1956_wk_prov_dbs_Part16_tables.csv,6,30,-,..,False,False,False,False,False,,2,0.0
cdi_ca_1956_wk_prov_dbs_Part16_tables.csv,6,31,...,..,False,False,False,False,False,,1,0.6666666666666667
cdi_ca_1956_wk_prov_dbs_Part16_tables.csv,6,32,...,..,False,False,False,False,False,,1,0.6666666666666667
cdi_ca_1956_wk_prov_dbs_Part16_tables.csv,6,36,4,7,False,False,False,False,False,,1,0.0
cdi_ca_1956_wk_prov_dbs_Part16_tables.csv,7,27,...,..,False,False,False,False,False,,1,0.6666666666666667
cdi_ca_1956_wk_prov_dbs_Part16_tables.csv,7,28,A.O.,..,False,False,False,False,False,,2,0.5
cdi_ca_1956_wk_prov_dbs_Part16_tables.csv,8,9,-,..,False,False,False,False,False,,2,0.0
cdi_ca_1956_wk_prov_dbs_Part16_tables.csv,8,10,,..,False,False,False,False,False,,2,0.0
cdi_ca_1956_wk_prov_dbs_Part16_tables.csv,8,11,,..,False,False,False,False,False,,2,0.0
cdi_ca_1956_wk_prov_dbs_Part16_tables.csv,8,30,1,..,False,False,False,False,False,,2,0.0
cdi_ca_1956_wk_prov_dbs_Part16_tables.csv,8,31,a.e.,..,False,False,False,False,False,,2,0.5
cdi_ca_1956_wk_prov_dbs_Part16_tables.csv,8,32,,..,False,False,False,False,False,,2,0.0
cdi_ca_1956_wk_prov_dbs_Part16_tables.csv,8,36,1,9,False,False,False,False,False,,1,0.0
cdi_ca_1956_wk_prov_dbs_Part16_tables.csv,9,27,S.A,..,False,False,False,False,False,,2,0.33333333333333337
cdi_ca_1956_wk_prov_dbs_Part16_tables.csv,9,28,...,..,False,False,False,False,False,,1,0.6666666666666667
cdi_ca_1956_wk_prov_dbs_Part16_tables.csv,9,30,R.P.,..,False,False,False,False,False,,2,0.5
cdi_ca_1956_wk_prov_dbs_Part16_tables.csv,9,31,...,..,False,False,False,False,False,,1,0.6666666666666667
cdi_ca_1956_wk_prov_dbs_Part16_tables.csv,10,36,1,11,False,False,False,False,False,,1,0.5
cdi_ca_1956_wk_prov_dbs_Part16_tables.csv,13,9,...,..,False,False,False,False,False,,1,0.6666666666666667
cdi_ca_1956_wk_prov_dbs_Part16_tables.csv,13,10,...,..,False,False,False,False,False,,1,0.6666666666666667
cdi_ca_1956_wk_prov_dbs_Part16_tables.csv,13,11,....,..,False,False,False,False,False,,2,0.5
cdi_ca_1956_wk_prov_dbs_Part16_tables.csv,13,16,.,..,False,False,False,False,False,,1,0.5
cdi_ca_1956_wk_prov_dbs_Part16_tables.csv,13,17,...,..,False,False,False,False,False,,1,0.6666666666666667
cdi_ca_1956_wk_prov_dbs_Part16_tables.csv,14,30,15,8,False,False,False,False,False,,2,0.0
cdi_ca_1956_wk_prov_dbs_Part16_tables.csv,14,36,56,15,False,False,False,False,False,,2,0.0
cdi_ca_1956_wk_prov_dbs_Part16_tables.csv,18,14,,-,False,False,False,False,False,,1,0.0
cdi_ca_1956_wk_prov_dbs_Part16_tables.csv,18,31,...,..,False,False,False,False,False,,1,0.6666666666666667
cdi_ca_1956_wk_prov_dbs_Part16_tables.csv,18,32,P...,..,False,False,False,False,False,,2,0.5
cdi_ca_1956_wk_prov_dbs_Part16_tables.csv,20,15,.,..,False,False,False,False,False,,1,0.5
cdi_ca_1956_wk_prov_dbs_Part16_tables.csv,20,16,P...,..,False,False,False,False,False,,2,0.5
cdi_ca_1956_wk_prov_dbs_Part16_tables.csv,20,17,A.A.,..,False,False,False,False,False,,2,0.5
cdi_ca_1956_wk_prov_dbs_Part16_tables.csv,20,19,S.A,..,False,False,False,False,False,,2,0.33333333333333337
cdi_ca_1956_wk_prov_dbs_Part16_tables.csv,20,30,...,..,False,False,False,False,False,,1,0.6666666666666667
cdi_ca_1956_wk_prov_dbs_Part16_tables.csv,20,31,,..,False,False,False,False,False,,2,0.0
cdi_ca_1956_wk_prov_dbs_Part16_tables.csv,20,32,....,..,False,False,False,False,False,,2,0.5
cdi_ca_1956_wk_prov_dbs_Part16_tables.csv,22,36,-,23,False,False,False,False,False,,2,0.0
cdi_ca_1956_wk_prov_dbs_Part16_tables.csv,26,35,1,-,False,False,False,False,False,,1,0.0
cdi_ca_1956_wk_prov_dbs_Part17_tables.csv,0,3,"18,533",18544,False,False,False,False,False,,3,0.5
cdi_ca_1956_wk_prov_dbs_Part17_tables.csv,0,27,....,..,False,False,False,False,False,,2,0.5
cdi_ca_1956_wk_prov_dbs_Part17_tables.csv,0,28,...,..,False,False,False,False,False,,1,0.6666666666666667
cdi_ca_1956_wk_prov_dbs_Part17_tables.csv,0,30,...,..,False,False,False,False,False,,1,0.6666666666666667
cdi_ca_1956_wk_prov_dbs_Part17_tables.csv,0,31,....,..,False,False,False,False,False,,2,0.5
cdi_ca_1956_wk_prov_dbs_Part17_tables.csv,2,15,...,..,False,False,False,False,False,,1,0.6666666666666667
cdi_ca_1956_wk_prov_dbs_Part17_tables.csv,2,16,A.P.,..,False,False,False,False,False,,2,0.5
cdi_ca_1956_wk_prov_dbs_Part17_tables.csv,2,17,,..,False,False,False,False,False,,2,0.0
cdi_ca_1956_wk_prov_dbs_Part17_tables.csv,2,18,A.P.,..,False,False,False,False,False,,2,0.5
cdi_ca_1956_wk_prov_dbs_Part17_tables.csv,2,24,,1,False,False,False,False,False,,1,0.0
cdi_ca_1956_wk_prov_dbs_Part17_tables.csv,3,15,,..,False,False,False,False,False,,2,0.0
cdi_ca_1956_wk_prov_dbs_Part17_tables.csv,3,16,,..,False,False,False,False,False,,2,0.0
cdi_ca_1956_wk_prov_dbs_Part17_tables.csv,3,17,,..,False,False,False,False,False,,2,0.0
cdi_ca_1956_wk_prov_dbs_Part17_tables.csv,3,18,,..,False,False,False,False,False,,2,0.0
cdi_ca_1956_wk_prov_dbs_Part17_tables.csv,3,19,,..,False,False,False,False,False,,2,0.0
cdi_ca_1956_wk_prov_dbs_Part17_tables.csv,3,20,,..,False,False,False,False,False,,2,0.0
cdi_ca_1956_wk_prov_dbs_Part17_tables.csv,4,15,,..,False,False,False,False,False,,2,0.0
cdi_ca_1956_wk_prov_dbs_Part17_tables.csv,4,16,,..,False,False,False,False,False,,2,0.0
cdi_ca_1956_wk_prov_dbs_Part17_tables.csv,4,17,,..,False,False,False,False,False,,2,0.0
cdi_ca_1956_wk_prov_dbs_Part17_tables.csv,4,18,,..,False,False,False,False,False,,2,0.0
cdi_ca_1956_wk_prov_dbs_Part17_tables.csv,4,20,,1,False,False,False,False,False,,1,0.0
cdi_ca_1956_wk_prov_dbs_Part17_tables.csv,5,5,7,9,False,False,False,False,False,,1,0.0
cdi_ca_1956_wk_prov_dbs_Part17_tables.csv,5,9,-,..,False,False,False,False,False,,2,0.0
cdi_ca_1956_wk_prov_dbs_Part17_tables.csv,5,10,,..,False,False,False,False,False,,2,0.0
cdi_ca_1956_wk_prov_dbs_Part17_tables.csv,5,11,,..,False,False,False,False,False,,2,0.0
cdi_ca_1956_wk_prov_dbs_Part17_tables.csv,5,18,-,..,False,False,False,False,False,,2,0.0
cdi_ca_1956_wk_prov_dbs_Part17_tables.csv,5,19,A.S.,..,False,False,False,False,False,,2,0.5
cdi_ca_1956_wk_prov_dbs_Part17_tables.csv,5,20,,..,False,False,False,False,False,,2,0.0
cdi_ca_1956_wk_prov_dbs_Part17_tables.csv,5,21,,..,False,False,False,False,False,,2,0.0
cdi_ca_1956_wk_prov_dbs_Part17_tables.csv,5,22,,..,False,False,False,False,False,,2,0.0
cdi_ca_1956_wk_prov_dbs_Part17_tables.csv,5,23,..A,..,False,False,False,False,False,,1,0.6666666666666667
cdi_ca_1956_wk_prov_dbs_Part17_tables.csv,5,36,-,6,False,False,False,False,False,,1,0.0
cdi_ca_1956_wk_prov_dbs_Part17_tables.csv,6,6,"6,598",..,False,False,False,False,False,,5,0.0
cdi_ca_1956_wk_prov_dbs_Part17_tables.csv,6,7,,..,False,False,False,False,False,,2,0.0
cdi_ca_1956_wk_prov_dbs_Part17_tables.csv,6,8,,..,False,False,False,False,False,,2,0.0
cdi_ca_1956_wk_prov_dbs_Part17_tables.csv,6,11,165,..,False,False,False,False,False,,3,0.0
cdi_ca_1956_wk_prov_dbs_Part17_tables.csv,6,23,12,5,False,False,False,False,False,,2,0.0
cdi_ca_1956_wk_prov_dbs_Part17_tables.csv,6,30,-,..,False,False,False,False,False,,2,0.0
cdi_ca_1956_wk_prov_dbs_Part17_tables.csv,6,31,,..,False,False,False,False,False,,2,0.0
cdi_ca_1956_wk_prov_dbs_Part17_tables.csv,6,32,A.P.,..,False,False,False,False,False,,2,0.5
cdi_ca_1956_wk_prov_dbs_Part17_tables.csv,6,33,,5,False,False,False,False,False,,1,0.0
cdi_ca_1956_wk_prov_dbs_Part17_tables.csv,6,36,20,7,False,False,False,False,False,,2,0.0
cdi_ca_1956_wk_prov_dbs_Part17_tables.csv,7,2,"1,567",1667,False,False,False,False,False,,2,0.6
cdi_ca_1956_wk_prov_dbs_Part17_tables.csv,7,31,23,22,False,False,False,False,False,,1,0.5
cdi_ca_1956_wk_prov_dbs_Part17_tables.csv,7,34,1.33,133,False,False,False,False,False,,1,0.75
cdi_ca_1956_wk_prov_dbs_Part17_tables.csv,8,6,114,8,False,False,False,False,False,,3,0.0
cdi_ca_1956_wk_prov_dbs_Part17_tables.csv,8,9,-,..,False,False,False,False,False,,2,0.0
cdi_ca_1956_wk_prov_dbs_Part17_tables.csv,8,10,,..,False,False,False,False,False,,2,0.0
cdi_ca_1956_wk_prov_dbs_Part17_tables.csv,8,11,A...,..,False,False,False,False,False,,2,0.5
cdi_ca_1956_wk_prov_dbs_Part17_tables.csv,8,30,-,..,False,False,False,False,False,,2,0.0
cdi_ca_1956_wk_prov_dbs_Part17_tables.csv,8,31,,..,False,False,False,False,False,,2,0.0
cdi_ca_1956_wk_prov_dbs_Part17_tables.csv,8,32,A.O.,..,False,False,False,False,False,,2,0.5
cdi_ca_1956_wk_prov_dbs_Part17_tables.csv,8,36,1,9,False,False,False,False,False,,1,0.0
cdi_ca_1956_wk_prov_dbs_Part17_tables.csv,9,30,V.A,..,False,False,False,False,False,,2,0.33333333333333337
cdi_ca_1956_wk_prov_dbs_Part17_tables.csv,9,31,,..,False,False,False,False,False,,2,0.0
cdi_ca_1956_wk_prov_dbs_Part17_tables.csv,10,36,1,11,False,False,False,False,False,,1,0.5
cdi_ca_1956_wk_prov_dbs_Part17_tables.csv,13,9,,..,False,False,False,False,False,,2,0.0
cdi_ca_1956_wk_prov_dbs_Part17_tables.csv,13,10,A.P.,..,False,False,False,False,False,,2,0.5
cdi_ca_1956_wk_prov_dbs_Part17_tables.csv,13,11,,..,False,False,False,False,False,,2,0.0
cdi_ca_1956_wk_prov_dbs_Part17_tables.csv,13,15,...,..,False,False,False,False,False,,1,0.6666666666666667
cdi_ca_1956_wk_prov_dbs_Part17_tables.csv,13,16,,..,False,False,False,False,False,,2,0.0
cdi_ca_1956_wk_prov_dbs_Part17_tables.csv,13,17,,..,False,False,False,False,False,,2,0.0
cdi_ca_1956_wk_prov_dbs_Part17_tables.csv,13,27,R.9,..,False,False,False,False,False,,2,0.33333333333333337
cdi_ca_1956_wk_prov_dbs_Part17_tables.csv,13,28,...,..,False,False,False,False,False,,1,0.6666666666666667
cdi_ca_1956_wk_prov_dbs_Part17_tables.csv,14,36,50,15,False,False,False,False,False,,2,0.0
cdi_ca_1956_wk_prov_dbs_Part17_tables.csv,20,15,,..,False,False,False,False,False,,2,0.0
cdi_ca_1956_wk_prov_dbs_Part17_tables.csv,20,16,,..,False,False,False,False,False,,2,0.0
cdi_ca_1956_wk_prov_dbs_Part17_tables.csv,20,17,,..,False,False,False,False,False,,2,0.0
cdi_ca_1956_wk_prov_dbs_Part17_tables.csv,20,30,...,..,False,False,False,False,False,,1,0.6666666666666667
cdi_ca_1956_wk_prov_dbs_Part17_tables.csv,20,31,,..,False,False,False,False,False,,2,0.0
cdi_ca_1956_wk_prov_dbs_Part17_tables.csv,20,32,,..,False,False,False,False,False,,2,0.0
cdi_ca_1956_wk_prov_dbs_Part17_tables.csv,22,33,2,-,False,False,False,False,False,,1,0.0
cdi_ca_1956_wk_prov_dbs_Part17_tables.csv,22,36,-,23,False,False,False,False,False,,2,0.0
cdi_ca_1956_wk_prov_dbs_Part17_tables.csv,24,33,7.,7,False,False,False,False,False,,1,0.5
cdi_ca_1956_wk_prov_dbs_Part18_tables.csv,0,27,P.P.,..,False,False,False,False,False,,2,0.5
cdi_ca_1956_wk_prov_dbs_Part18_tables.csv,0,28,...,..,False,False,False,False,False,,1,0.6666666666666667
cdi_ca_1956_wk_prov_dbs_Part18_tables.csv,0,30,A.R.,..,False,False,False,False,False,,2,0.5
cdi_ca_1956_wk_prov_dbs_Part18_tables.csv,0,31,:,..,False,False,False,False,False,,2,0.0
cdi_ca_1956_wk_prov_dbs_Part18_tables.csv,1,30,1,2,False,False,False,False,False,,1,0.0
cdi_ca_1956_wk_prov_dbs_Part18_tables.csv,2,15,...,..,False,False,False,False,False,,1,0.6666666666666667
cdi_ca_1956_wk_prov_dbs_Part18_tables.csv,2,16,,..,False,False,False,False,False,,2,0.0
cdi_ca_1956_wk_prov_dbs_Part18_tables.csv,2,17,,..,False,False,False,False,False,,2,0.0
cdi_ca_1956_wk_prov_dbs_Part18_tables.csv,2,18,,..,False,False,False,False,False,,2,0.0
cdi_ca_1956_wk_prov_dbs_Part18_tables.csv,2,19,...,..,False,False,False,False,False,,1,0.6666666666666667
cdi_ca_1956_wk_prov_dbs_Part18_tables.csv,3,15,...,..,False,False,False,False,False,,1,0.6666666666666667
cdi_ca_1956_wk_prov_dbs_Part18_tables.csv,3,16,,..,False,False,False,False,False,,2,0.0
cdi_ca_1956_wk_prov_dbs_Part18_tables.csv,3,17,,..,False,False,False,False,False,,2,0.0
cdi_ca_1956_wk_prov_dbs_Part18_tables.csv,3,18,,..,False,False,False,False,False,,2,0.0
cdi_ca_1956_wk_prov_dbs_Part18_tables.csv,3,19,,..,False,False,False,False,False,,2,0.0
cdi_ca_1956_wk_prov_dbs_Part18_tables.csv,3,20,.A,..,False,False,False,False,False,,1,0.5
cdi_ca_1956_wk_prov_dbs_Part18_tables.csv,3,33,I,-,False,False,False,False,False,,1,0.0
cdi_ca_1956_wk_prov_dbs_Part18_tables.csv,4,15,,..,False,False,False,False,False,,2,0.0
cdi_ca_1956_wk_prov_dbs_Part18_tables.csv,4,16,,..,False,False,False,False,False,,2,0.0
cdi_ca_1956_wk_prov_dbs_Part18_tables.csv,4,17,,..,False,False,False,False,False,,2,0.0
cdi_ca_1956_wk_prov_dbs_Part18_tables.csv,4,18,,..,False,False,False,False,False,,2,0.0
cdi_ca_1956_wk_prov_dbs_Part18_tables.csv,4,19,,..,False,False,False,False,False,,2,0.0
cdi_ca_1956_wk_prov_dbs_Part18_tables.csv,5,3,-,6,False,False,False,False,False,,1,0.0
cdi_ca_1956_wk_prov_dbs_Part18_tables.csv,5,9,-,..,False,False,False,False,False,,2,0.0
cdi_ca_1956_wk_prov_dbs_Part18_tables.csv,5,10,...,..,False,False,False,False,False,,1,0.6666666666666667
cdi_ca_1956_wk_prov_dbs_Part18_tables.csv,5,20,....,..,False,False,False,False,False,,2,0.5
cdi_ca_1956_wk_prov_dbs_Part18_tables.csv,5,21,...,..,False,False,False,False,False,,1,0.6666666666666667
cdi_ca_1956_wk_prov_dbs_Part18_tables.csv,5,22,...,..,False,False,False,False,False,,1,0.6666666666666667
cdi_ca_1956_wk_prov_dbs_Part18_tables.csv,5,23,...,..,False,False,False,False,False,,1,0.6666666666666667
cdi_ca_1956_wk_prov_dbs_Part18_tables.csv,5,36,-,6,False,False,False,False,False,,1,0.0
cdi_ca_1956_wk_prov_dbs_Part18_tables.csv,6,3,368,6402,False,False,False,False,False,,4,0.0
cdi_ca_1956_wk_prov_dbs_Part18_tables.csv,6,6,"7,500",..,False,False,False,False,False,,5,0.0
cdi_ca_1956_wk_prov_dbs_Part18_tables.csv,6,7,,..,False,False,False,False,False,,2,0.0
cdi_ca_1956_wk_prov_dbs_Part18_tables.csv,6,8,:.,..,False,False,False,False,False,,1,0.5
cdi_ca_1956_wk_prov_dbs_Part18_tables.csv,6,11,32,..,False,False,False,False,False,,2,0.0
cdi_ca_1956_wk_prov_dbs_Part18_tables.csv,6,30,-,..,False,False,False,False,False,,2,0.0
cdi_ca_1956_wk_prov_dbs_Part18_tables.csv,6,31,...,..,False,False,False,False,False,,1,0.6666666666666667
cdi_ca_1956_wk_prov_dbs_Part18_tables.csv,6,32,,..,False,False,False,False,False,,2,0.0
cdi_ca_1956_wk_prov_dbs_Part18_tables.csv,6,36,21,7,False,False,False,False,False,,2,0.0
cdi_ca_1956_wk_prov_dbs_Part18_tables.csv,7,27,R.P,..,False,False,False,False,False,,2,0.33333333333333337
cdi_ca_1956_wk_prov_dbs_Part18_tables.csv,7,28,,..,False,False,False,False,False,,2,0.0
cdi_ca_1956_wk_prov_dbs_Part18_tables.csv,8,9,-,..,False,False,False,False,False,,2,0.0
cdi_ca_1956_wk_prov_dbs_Part18_tables.csv,8,10,...,..,False,False,False,False,False,,1,0.6666666666666667
cdi_ca_1956_wk_prov_dbs_Part18_tables.csv,8,11,...,..,False,False,False,False,False,,1,0.6666666666666667
cdi_ca_1956_wk_prov_dbs_Part18_tables.csv,8,30,1,..,False,False,False,False,False,,2,0.0
cdi_ca_1956_wk_prov_dbs_Part18_tables.csv,8,31,P.A,..,False,False,False,False,False,,2,0.33333333333333337
cdi_ca_1956_wk_prov_dbs_Part18_tables.csv,8,32,R.9.,..,False,False,False,False,False,,2,0.5
cdi_ca_1956_wk_prov_dbs_Part18_tables.csv,8,36,-,9,False,False,False,False,False,,1,0.0
cdi_ca_1956_wk_prov_dbs_Part18_tables.csv,9,27,,..,False,False,False,False,False,,2,0.0
cdi_ca_1956_wk_prov_dbs_Part18_tables.csv,9,28,,..,False,False,False,False,False,,2,0.0
cdi_ca_1956_wk_prov_dbs_Part18_tables.csv,9,30,...,..,False,False,False,False,False,,1,0.6666666666666667
cdi_ca_1956_wk_prov_dbs_Part18_tables.csv,9,31,A.P.,..,False,False,False,False,False,,2,0.5
cdi_ca_1956_wk_prov_dbs_Part18_tables.csv,10,36,-,11,False,False,False,False,False,,2,0.0
cdi_ca_1956_wk_prov_dbs_Part18_tables.csv,13,9,,..,False,False,False,False,False,,2,0.0
cdi_ca_1956_wk_prov_dbs_Part18_tables.csv,13,10,,..,False,False,False,False,False,,2,0.0
cdi_ca_1956_wk_prov_dbs_Part18_tables.csv,13,11,,..,False,False,False,False,False,,2,0.0
cdi_ca_1956_wk_prov_dbs_Part18_tables.csv,13,15,,..,False,False,False,False,False,,2,0.0
cdi_ca_1956_wk_prov_dbs_Part18_tables.csv,13,16,,..,False,False,False,False,False,,2,0.0
cdi_ca_1956_wk_prov_dbs_Part18_tables.csv,13,17,*.*,..,False,False,False,False,False,,2,0.33333333333333337
cdi_ca_1956_wk_prov_dbs_Part18_tables.csv,13,28,,..,False,False,False,False,False,,2,0.0
cdi_ca_1956_wk_prov_dbs_Part18_tables.csv,14,10,14,7,False,False,False,False,False,,2,0.0
cdi_ca_1956_wk_prov_dbs_Part18_tables.csv,14,36,50,15,False,False,False,False,False,,2,0.0
cdi_ca_1956_wk_prov_dbs_Part18_tables.csv,18,30,9.8,..,False,False,False,False,False,,2,0.33333333333333337
cdi_ca_1956_wk_prov_dbs_Part18_tables.csv,20,15,...,..,False,False,False,False,False,,1,0.6666666666666667
cdi_ca_1956_wk_prov_dbs_Part18_tables.csv,20,16,R.P.,..,False,False,False,False,False,,2,0.5
cdi_ca_1956_wk_prov_dbs_Part18_tables.csv,20,17,9..9.,..,False,False,False,False,False,,3,0.4
cdi_ca_1956_wk_prov_dbs_Part18_tables.csv,20,30,..A,..,False,False,False,False,False,,1,0.6666666666666667
cdi_ca_1956_wk_prov_dbs_Part18_tables.csv,20,31,,..,False,False,False,False,False,,2,0.0
cdi_ca_1956_wk_prov_dbs_Part18_tables.csv,20,32,.A,..,False,False,False,False,False,,1,0.5
cdi_ca_1956_wk_prov_dbs_Part18_tables.csv,22,36,1,23,False,False,False,False,False,,2,0.0
cdi_ca_1956_wk_prov_dbs_Part19_tables.csv,0,28,:,..,False,False,False,False,False,,2,0.0
cdi_ca_1956_wk_prov_dbs_Part19_tables.csv,0,30,:.,..,False,False,False,False,False,,1,0.5
cdi_ca_1956_wk_prov_dbs_Part19_tables.csv,0,31,: .,..,False,False,False,False,False,,2,0.33333333333333337
cdi_ca_1956_wk_prov_dbs_Part19_tables.csv,2,3,198,19,False,False,False,False,False,,1,0.6666666666666667
cdi_ca_1956_wk_prov_dbs_Part19_tables.csv,2,15,,..,False,False,False,False,False,,2,0.0
cdi_ca_1956_wk_prov_dbs_Part19_tables.csv,2,16,,..,False,False,False,False,False,,2,0.0
cdi_ca_1956_wk_prov_dbs_Part19_tables.csv,2,17,,..,False,False,False,False,False,,2,0.0
cdi_ca_1956_wk_prov_dbs_Part19_tables.csv,2,18,,..,False,False,False,False,False,,2,0.0
cdi_ca_1956_wk_prov_dbs_Part19_tables.csv,2,19,,..,False,False,False,False,False,,2,0.0
cdi_ca_1956_wk_prov_dbs_Part19_tables.csv,2,20,,..,False,False,False,False,False,,2,0.0
cdi_ca_1956_wk_prov_dbs_Part19_tables.csv,3,15,,..,False,False,False,False,False,,2,0.0
cdi_ca_1956_wk_prov_dbs_Part19_tables.csv,3,16,,..,False,False,False,False,False,,2,0.0
cdi_ca_1956_wk_prov_dbs_Part19_tables.csv,3,17,,..,False,False,False,False,False,,2,0.0
cdi_ca_1956_wk_prov_dbs_Part19_tables.csv,3,18,,..,False,False,False,False,False,,2,0.0
cdi_ca_1956_wk_prov_dbs_Part19_tables.csv,3,19,,..,False,False,False,False,False,,2,0.0
cdi_ca_1956_wk_prov_dbs_Part19_tables.csv,3,20,,..,False,False,False,False,False,,2,0.0
cdi_ca_1956_wk_prov_dbs_Part19_tables.csv,4,15,,..,False,False,False,False,False,,2,0.0
cdi_ca_1956_wk_prov_dbs_Part19_tables.csv,4,16,,..,False,False,False,False,False,,2,0.0
cdi_ca_1956_wk_prov_dbs_Part19_tables.csv,4,17,,..,False,False,False,False,False,,2,0.0
cdi_ca_1956_wk_prov_dbs_Part19_tables.csv,4,18,,..,False,False,False,False,False,,2,0.0
cdi_ca_1956_wk_prov_dbs_Part19_tables.csv,4,19,,..,False,False,False,False,False,,2,0.0
cdi_ca_1956_wk_prov_dbs_Part19_tables.csv,4,20,,..,False,False,False,False,False,,2,0.0
cdi_ca_1956_wk_prov_dbs_Part19_tables.csv,5,9,-,..,False,False,False,False,False,,2,0.0
cdi_ca_1956_wk_prov_dbs_Part19_tables.csv,5,10,,..,False,False,False,False,False,,2,0.0
cdi_ca_1956_wk_prov_dbs_Part19_tables.csv,5,11,,..,False,False,False,False,False,,2,0.0
cdi_ca_1956_wk_prov_dbs_Part19_tables.csv,5,18,-,..,False,False,False,False,False,,2,0.0
cdi_ca_1956_wk_prov_dbs_Part19_tables.csv,5,19,,..,False,False,False,False,False,,2,0.0
cdi_ca_1956_wk_prov_dbs_Part19_tables.csv,5,20,,..,False,False,False,False,False,,2,0.0
cdi_ca_1956_wk_prov_dbs_Part19_tables.csv,5,21,,..,False,False,False,False,False,,2,0.0
cdi_ca_1956_wk_prov_dbs_Part19_tables.csv,5,22,,..,False,False,False,False,False,,2,0.0
cdi_ca_1956_wk_prov_dbs_Part19_tables.csv,5,23,,..,False,False,False,False,False,,2,0.0
cdi_ca_1956_wk_prov_dbs_Part19_tables.csv,5,36,-,6,False,False,False,False,False,,1,0.0
cdi_ca_1956_wk_prov_dbs_Part19_tables.csv,6,6,"7,868",..,False,False,False,False,False,,5,0.0
cdi_ca_1956_wk_prov_dbs_Part19_tables.csv,6,7,,..,False,False,False,False,False,,2,0.0
cdi_ca_1956_wk_prov_dbs_Part19_tables.csv,6,8,,..,False,False,False,False,False,,2,0.0
cdi_ca_1956_wk_prov_dbs_Part19_tables.csv,6,11,59,..,False,False,False,False,False,,2,0.0
cdi_ca_1956_wk_prov_dbs_Part19_tables.csv,6,30,-,..,False,False,False,False,False,,2,0.0
cdi_ca_1956_wk_prov_dbs_Part19_tables.csv,6,31,,..,False,False,False,False,False,,2,0.0
cdi_ca_1956_wk_prov_dbs_Part19_tables.csv,6,32,,..,False,False,False,False,False,,2,0.0
cdi_ca_1956_wk_prov_dbs_Part19_tables.csv,6,36,5,7,False,False,False,False,False,,1,0.0
cdi_ca_1956_wk_prov_dbs_Part19_tables.csv,7,28,,..,False,False,False,False,False,,2,0.0
cdi_ca_1956_wk_prov_dbs_Part19_tables.csv,8,9,-,..,False,False,False,False,False,,2,0.0
cdi_ca_1956_wk_prov_dbs_Part19_tables.csv,8,10,,..,False,False,False,False,False,,2,0.0
cdi_ca_1956_wk_prov_dbs_Part19_tables.csv,8,11,,..,False,False,False,False,False,,2,0.0
cdi_ca_1956_wk_prov_dbs_Part19_tables.csv,8,30,-,..,False,False,False,False,False,,2,0.0
cdi_ca_1956_wk_prov_dbs_Part19_tables.csv,8,31,,..,False,False,False,False,False,,2,0.0
cdi_ca_1956_wk_prov_dbs_Part19_tables.csv,8,32,,..,False,False,False,False,False,,2,0.0
cdi_ca_1956_wk_prov_dbs_Part19_tables.csv,8,36,-,9,False,False,False,False,False,,1,0.0
cdi_ca_1956_wk_prov_dbs_Part19_tables.csv,9,28,,..,False,False,False,False,False,,2,0.0
cdi_ca_1956_wk_prov_dbs_Part19_tables.csv,9,30,,..,False,False,False,False,False,,2,0.0
cdi_ca_1956_wk_prov_dbs_Part19_tables.csv,9,31,,..,False,False,False,False,False,,2,0.0
cdi_ca_1956_wk_prov_dbs_Part19_tables.csv,10,36,1,11,False,False,False,False,False,,1,0.5
cdi_ca_1956_wk_prov_dbs_Part19_tables.csv,13,9,,..,False,False,False,False,False,,2,0.0
cdi_ca_1956_wk_prov_dbs_Part19_tables.csv,13,10,,..,False,False,False,False,False,,2,0.0
cdi_ca_1956_wk_prov_dbs_Part19_tables.csv,13,11,...,..,False,False,False,False,False,,1,0.6666666666666667
cdi_ca_1956_wk_prov_dbs_Part19_tables.csv,13,15,,..,False,False,False,False,False,,2,0.0
cdi_ca_1956_wk_prov_dbs_Part19_tables.csv,13,16,,..,False,False,False,False,False,,2,0.0
cdi_ca_1956_wk_prov_dbs_Part19_tables.csv,13,17,,..,False,False,False,False,False,,2,0.0
cdi_ca_1956_wk_prov_dbs_Part19_tables.csv,14,36,72,15,False,False,False,False,False,,2,0.0
cdi_ca_1956_wk_prov_dbs_Part19_tables.csv,18,31,,..,False,False,False,False,False,,2,0.0
cdi_ca_1956_wk_prov_dbs_Part19_tables.csv,19,12,,-,False,False,False,False,False,,1,0.0
cdi_ca_1956_wk_prov_dbs_Part19_tables.csv,20,15,...,..,False,False,False,False,False,,1,0.6666666666666667
cdi_ca_1956_wk_prov_dbs_Part19_tables.csv,20,16,....,..,False,False,False,False,False,,2,0.5
cdi_ca_1956_wk_prov_dbs_Part19_tables.csv,20,17,,..,False,False,False,False,False,,2,0.0
cdi_ca_1956_wk_prov_dbs_Part19_tables.csv,20,20,....,..,False,False,False,False,False,,2,0.5
cdi_ca_1956_wk_prov_dbs_Part19_tables.csv,20,30,....,..,False,False,False,False,False,,2,0.5
cdi_ca_1956_wk_prov_dbs_Part19_tables.csv,20,31,,..,False,False,False,False,False,,2,0.0
cdi_ca_1956_wk_prov_dbs_Part19_tables.csv,20,32,,..,False,False,False,False,False,,2,0.0
cdi_ca_1956_wk_prov_dbs_Part19_tables.csv,22,36,-,23,False,False,False,False,False,,2,0.0
cdi_ca_1956_wk_prov_dbs_Part19_tables.csv,23,12,I,-,False,False,False,False,False,,1,0.0
cdi_ca_1956_wk_prov_dbs_Part19_tables.csv,23,13,,-,False,False,False,False,False,,1,0.0
cdi_ca_1956_wk_prov_dbs_Part19_tables.csv,24,12,,-,False,False,False,False,False,,1,0.0
cdi_ca_1956_wk_prov_dbs_Part19_tables.csv,24,34,7.,7,False,False,False,False,False,,1,0.5
cdi_ca_1956_wk_prov_dbs_Part19_tables.csv,25,14,.0,10,False,False,False,False,False,,1,0.5
cdi_ca_1956_wk_prov_dbs_Part20_tables.csv,0,28,: .,..,False,False,False,False,False,,2,0.33333333333333337
cdi_ca_1956_wk_prov_dbs_Part20_tables.csv,0,30,:,..,False,False,False,False,False,,2,0.0
cdi_ca_1956_wk_prov_dbs_Part20_tables.csv,0,31,:,..,False,False,False,False,False,,2,0.0
cdi_ca_1956_wk_prov_dbs_Part20_tables.csv,1,0,rist,-,False,False,False,False,False,,4,0.0
cdi_ca_1956_wk_prov_dbs_Part20_tables.csv,1,32,used,-,False,False,False,False,False,,4,0.0
cdi_ca_1956_wk_prov_dbs_Part20_tables.csv,2,15,...,..,False,False,False,False,False,,1,0.6666666666666667
cdi_ca_1956_wk_prov_dbs_Part20_tables.csv,2,16,,..,False,False,False,False,False,,2,0.0
cdi_ca_1956_wk_prov_dbs_Part20_tables.csv,2,19,: .,..,False,False,False,False,False,,2,0.33333333333333337
cdi_ca_1956_wk_prov_dbs_Part20_tables.csv,2,20,:,..,False,False,False,False,False,,2,0.0
cdi_ca_1956_wk_prov_dbs_Part20_tables.csv,3,15,...,..,False,False,False,False,False,,1,0.6666666666666667
cdi_ca_1956_wk_prov_dbs_Part20_tables.csv,3,16,...,..,False,False,False,False,False,,1,0.6666666666666667
cdi_ca_1956_wk_prov_dbs_Part20_tables.csv,3,17,...,..,False,False,False,False,False,,1,0.6666666666666667
cdi_ca_1956_wk_prov_dbs_Part20_tables.csv,3,18,,..,False,False,False,False,False,,2,0.0
cdi_ca_1956_wk_prov_dbs_Part20_tables.csv,4,15,...,..,False,False,False,False,False,,1,0.6666666666666667
cdi_ca_1956_wk_prov_dbs_Part20_tables.csv,4,16,...,..,False,False,False,False,False,,1,0.6666666666666667
cdi_ca_1956_wk_prov_dbs_Part20_tables.csv,4,19,...,..,False,False,False,False,False,,1,0.6666666666666667
cdi_ca_1956_wk_prov_dbs_Part20_tables.csv,4,20,R.S,..,False,False,False,False,False,,2,0.33333333333333337
cdi_ca_1956_wk_prov_dbs_Part20_tables.csv,5,9,-,..,False,False,False,False,False,,2,0.0
cdi_ca_1956_wk_prov_dbs_Part20_tables.csv,5,10,...,..,False,False,False,False,False,,1,0.6666666666666667
cdi_ca_1956_wk_prov_dbs_Part20_tables.csv,5,11,A.°,..,False,False,False,False,False,,2,0.33333333333333337
cdi_ca_1956_wk_prov_dbs_Part20_tables.csv,5,18,-,..,False,False,False,False,False,,2,0.0
cdi_ca_1956_wk_prov_dbs_Part20_tables.csv,5,19,...,..,False,False,False,False,False,,1,0.6666666666666667
cdi_ca_1956_wk_prov_dbs_Part20_tables.csv,5,20,...,..,False,False,False,False,False,,1,0.6666666666666667
cdi_ca_1956_wk_prov_dbs_Part20_tables.csv,5,21,...,..,False,False,False,False,False,,1,0.6666666666666667
cdi_ca_1956_wk_prov_dbs_Part20_tables.csv,5,22,:,..,False,False,False,False,False,,2,0.0
cdi_ca_1956_wk_prov_dbs_Part20_tables.csv,5,23,...,..,False,False,False,False,False,,1,0.6666666666666667
cdi_ca_1956_wk_prov_dbs_Part20_tables.csv,5,36,-,6,False,False,False,False,False,,1,0.0
cdi_ca_1956_wk_prov_dbs_Part20_tables.csv,6,6,"8,250",..,False,False,False,False,False,,5,0.0
cdi_ca_1956_wk_prov_dbs_Part20_tables.csv,6,7,,..,False,False,False,False,False,,2,0.0
cdi_ca_1956_wk_prov_dbs_Part20_tables.csv,6,8,...,..,False,False,False,False,False,,1,0.6666666666666667
cdi_ca_1956_wk_prov_dbs_Part20_tables.csv,6,11,63,..,False,False,False,False,False,,2,0.0
cdi_ca_1956_wk_prov_dbs_Part20_tables.csv,6,28,15,-,False,False,False,False,False,,2,0.0
cdi_ca_1956_wk_prov_dbs_Part20_tables.csv,6,30,-,..,False,False,False,False,False,,2,0.0
cdi_ca_1956_wk_prov_dbs_Part20_tables.csv,6,31,R.P.,..,False,False,False,False,False,,2,0.5
cdi_ca_1956_wk_prov_dbs_Part20_tables.csv,6,32,...,..,False,False,False,False,False,,1,0.6666666666666667
cdi_ca_1956_wk_prov_dbs_Part20_tables.csv,6,36,3,7,False,False,False,False,False,,1,0.0
cdi_ca_1956_wk_prov_dbs_Part20_tables.csv,7,27,....,..,False,False,False,False,False,,2,0.5
cdi_ca_1956_wk_prov_dbs_Part20_tables.csv,7,32,...P. 219,219,False,False,False,False,False,,6,0.33333333333333337
cdi_ca_1956_wk_prov_dbs_Part20_tables.csv,8,9,-,..,False,False,False,False,False,,2,0.0
cdi_ca_1956_wk_prov_dbs_Part20_tables.csv,8,10,,..,False,False,False,False,False,,2,0.0
cdi_ca_1956_wk_prov_dbs_Part20_tables.csv,8,11,...,..,False,False,False,False,False,,1,0.6666666666666667
cdi_ca_1956_wk_prov_dbs_Part20_tables.csv,8,32,...,..,False,False,False,False,False,,1,0.6666666666666667
cdi_ca_1956_wk_prov_dbs_Part20_tables.csv,8,36,-,9,False,False,False,False,False,,1,0.0
cdi_ca_1956_wk_prov_dbs_Part20_tables.csv,9,27,9.9,..,False,False,False,False,False,,2,0.33333333333333337
cdi_ca_1956_wk_prov_dbs_Part20_tables.csv,9,30,...,..,False,False,False,False,False,,1,0.6666666666666667
cdi_ca_1956_wk_prov_dbs_Part20_tables.csv,9,31,P.R,..,False,False,False,False,False,,2,0.33333333333333337
cdi_ca_1956_wk_prov_dbs_Part20_tables.csv,10,36,1,11,False,False,False,False,False,,1,0.5
cdi_ca_1956_wk_prov_dbs_Part20_tables.csv,12,1,,-,False,False,False,False,False,,1,0.0
cdi_ca_1956_wk_prov_dbs_Part20_tables.csv,12,32,per,-,False,False,False,False,False,,3,0.0
cdi_ca_1956_wk_prov_dbs_Part20_tables.csv,13,9,,..,False,False,False,False,False,,2,0.0
cdi_ca_1956_wk_prov_dbs_Part20_tables.csv,13,10,,..,False,False,False,False,False,,2,0.0
cdi_ca_1956_wk_prov_dbs_Part20_tables.csv,13,11,,..,False,False,False,False,False,,2,0.0
cdi_ca_1956_wk_prov_dbs_Part20_tables.csv,13,15,,..,False,False,False,False,False,,2,0.0
cdi_ca_1956_wk_prov_dbs_Part20_tables.csv,13,16,,..,False,False,False,False,False,,2,0.0
cdi_ca_1956_wk_prov_dbs_Part20_tables.csv,13,17,,..,False,False,False,False,False,,2,0.0
cdi_ca_1956_wk_prov_dbs_Part20_tables.csv,13,26,I,-,False,False,False,False,False,,1,0.0
cdi_ca_1956_wk_prov_dbs_Part20_tables.csv,13,27,,..,False,False,False,False,False,,2,0.0
cdi_ca_1956_wk_prov_dbs_Part20_tables.csv,14,36,50,15,False,False,False,False,False,,2,0.0
cdi_ca_1956_wk_prov_dbs_Part20_tables.csv,18,30,A.A,..,False,False,False,False,False,,2,0.33333333333333337
cdi_ca_1956_wk_prov_dbs_Part20_tables.csv,20,12,I,-,False,False,False,False,False,,1,0.0
cdi_ca_1956_wk_prov_dbs_Part20_tables.csv,20,13,I,-,False,False,False,False,False,,1,0.0
cdi_ca_1956_wk_prov_dbs_Part20_tables.csv,20,14,I,-,False,False,False,False,False,,1,0.0
cdi_ca_1956_wk_prov_dbs_Part20_tables.csv,20,15,,..,False,False,False,False,False,,2,0.0
cdi_ca_1956_wk_prov_dbs_Part20_tables.csv,20,16,,..,False,False,False,False,False,,2,0.0
cdi_ca_1956_wk_prov_dbs_Part20_tables.csv,20,17,,..,False,False,False,False,False,,2,0.0
cdi_ca_1956_wk_prov_dbs_Part20_tables.csv,20,20,,..,False,False,False,False,False,,2,0.0
cdi_ca_1956_wk_prov_dbs_Part20_tables.csv,20,30,,..,False,False,False,False,False,,2,0.0
cdi_ca_1956_wk_prov_dbs_Part20_tables.csv,20,31,,..,False,False,False,False,False,,2,0.0
cdi_ca_1956_wk_prov_dbs_Part20_tables.csv,20,32,,..,False,False,False,False,False,,2,0.0
cdi_ca_1956_wk_prov_dbs_Part20_tables.csv,22,0, primary,-,False,False,False,False,False,,8,0.0
cdi_ca_1956_wk_prov_dbs_Part20_tables.csv,22,32,3,1,False,False,False,False,False,,1,0.0
cdi_ca_1956_wk_prov_dbs_Part20_tables.csv,22,36,-,23,False,False,False,False,False,,2,0.0
cdi_ca_1956_wk_prov_dbs_Part20_tables.csv,23,31,1,-,False,False,False,False,False,,1,0.0
cdi_ca_1956_wk_prov_dbs_Part20_tables.csv,24,13,I,-,False,False,False,False,False,,1,0.0
cdi_ca_1956_wk_prov_dbs_Part20_tables.csv,24,30,I,-,False,False,False,False,False,,1,0.0
cdi_ca_1956_wk_prov_dbs_Part21_tables.csv,0,27,:,..,False,False,False,False,False,,2,0.0
cdi_ca_1956_wk_prov_dbs_Part21_tables.csv,0,30,...,..,False,False,False,False,False,,1,0.6666666666666667
cdi_ca_1956_wk_prov_dbs_Part21_tables.csv,0,31,:,..,False,False,False,False,False,,2,0.0
cdi_ca_1956_wk_prov_dbs_Part21_tables.csv,2,15,9.4,..,False,False,False,False,False,,2,0.33333333333333337
cdi_ca_1956_wk_prov_dbs_Part21_tables.csv,2,16,...,..,False,False,False,False,False,,1,0.6666666666666667
cdi_ca_1956_wk_prov_dbs_Part21_tables.csv,2,17,....,..,False,False,False,False,False,,2,0.5
cdi_ca_1956_wk_prov_dbs_Part21_tables.csv,2,19,,..,False,False,False,False,False,,2,0.0
cdi_ca_1956_wk_prov_dbs_Part21_tables.csv,3,15,...,..,False,False,False,False,False,,1,0.6666666666666667
cdi_ca_1956_wk_prov_dbs_Part21_tables.csv,3,16,,..,False,False,False,False,False,,2,0.0
cdi_ca_1956_wk_prov_dbs_Part21_tables.csv,3,17,,..,False,False,False,False,False,,2,0.0
cdi_ca_1956_wk_prov_dbs_Part21_tables.csv,3,18,,..,False,False,False,False,False,,2,0.0
cdi_ca_1956_wk_prov_dbs_Part21_tables.csv,3,19,,..,False,False,False,False,False,,2,0.0
cdi_ca_1956_wk_prov_dbs_Part21_tables.csv,3,20,...,..,False,False,False,False,False,,1,0.6666666666666667
cdi_ca_1956_wk_prov_dbs_Part21_tables.csv,4,15,P...,..,False,False,False,False,False,,2,0.5
cdi_ca_1956_wk_prov_dbs_Part21_tables.csv,4,16,R.P.,..,False,False,False,False,False,,2,0.5
cdi_ca_1956_wk_prov_dbs_Part21_tables.csv,4,17,,..,False,False,False,False,False,,2,0.0
cdi_ca_1956_wk_prov_dbs_Part21_tables.csv,4,19,...,..,False,False,False,False,False,,1,0.6666666666666667
cdi_ca_1956_wk_prov_dbs_Part21_tables.csv,5,9,-,..,False,False,False,False,False,,2,0.0
cdi_ca_1956_wk_prov_dbs_Part21_tables.csv,5,10,...,..,False,False,False,False,False,,1,0.6666666666666667
cdi_ca_1956_wk_prov_dbs_Part21_tables.csv,5,11,A.P.,..,False,False,False,False,False,,2,0.5
cdi_ca_1956_wk_prov_dbs_Part21_tables.csv,5,18,-,..,False,False,False,False,False,,2,0.0
cdi_ca_1956_wk_prov_dbs_Part21_tables.csv,5,19,,..,False,False,False,False,False,,2,0.0
cdi_ca_1956_wk_prov_dbs_Part21_tables.csv,5,20,,..,False,False,False,False,False,,2,0.0
cdi_ca_1956_wk_prov_dbs_Part21_tables.csv,5,21,...,..,False,False,False,False,False,,1,0.6666666666666667
cdi_ca_1956_wk_prov_dbs_Part21_tables.csv,5,22,....,..,False,False,False,False,False,,2,0.5
cdi_ca_1956_wk_prov_dbs_Part21_tables.csv,5,36,-,6,False,False,False,False,False,,1,0.0
cdi_ca_1956_wk_prov_dbs_Part21_tables.csv,6,6,"8,476",..,False,False,False,False,False,,5,0.0
cdi_ca_1956_wk_prov_dbs_Part21_tables.csv,6,7,P...,..,False,False,False,False,False,,2,0.5
cdi_ca_1956_wk_prov_dbs_Part21_tables.csv,6,8,...,..,False,False,False,False,False,,1,0.6666666666666667
cdi_ca_1956_wk_prov_dbs_Part21_tables.csv,6,11,94,..,False,False,False,False,False,,2,0.0
cdi_ca_1956_wk_prov_dbs_Part21_tables.csv,6,12,...,7,False,False,False,False,False,,3,0.0
cdi_ca_1956_wk_prov_dbs_Part21_tables.csv,6,30,-,..,False,False,False,False,False,,2,0.0
cdi_ca_1956_wk_prov_dbs_Part21_tables.csv,6,31,...,..,False,False,False,False,False,,1,0.6666666666666667
cdi_ca_1956_wk_prov_dbs_Part21_tables.csv,6,32,P...,..,False,False,False,False,False,,2,0.5
cdi_ca_1956_wk_prov_dbs_Part21_tables.csv,6,36,5,7,False,False,False,False,False,,1,0.0
cdi_ca_1956_wk_prov_dbs_Part21_tables.csv,7,16,I,-,False,False,False,False,False,,1,0.0
cdi_ca_1956_wk_prov_dbs_Part21_tables.csv,7,27,....,..,False,False,False,False,False,,2,0.5
cdi_ca_1956_wk_prov_dbs_Part21_tables.csv,7,28,9.8,..,False,False,False,False,False,,2,0.33333333333333337
cdi_ca_1956_wk_prov_dbs_Part21_tables.csv,8,9,-,..,False,False,False,False,False,,2,0.0
cdi_ca_1956_wk_prov_dbs_Part21_tables.csv,8,10,,..,False,False,False,False,False,,2,0.0
cdi_ca_1956_wk_prov_dbs_Part21_tables.csv,8,11,A.O.,..,False,False,False,False,False,,2,0.5
cdi_ca_1956_wk_prov_dbs_Part21_tables.csv,8,30,1,..,False,False,False,False,False,,2,0.0
cdi_ca_1956_wk_prov_dbs_Part21_tables.csv,8,31,.A,..,False,False,False,False,False,,1,0.5
cdi_ca_1956_wk_prov_dbs_Part21_tables.csv,8,32,R.P.,..,False,False,False,False,False,,2,0.5
cdi_ca_1956_wk_prov_dbs_Part21_tables.csv,8,36,1,9,False,False,False,False,False,,1,0.0
cdi_ca_1956_wk_prov_dbs_Part21_tables.csv,9,27,A..,..,False,False,False,False,False,,1,0.6666666666666667
cdi_ca_1956_wk_prov_dbs_Part21_tables.csv,9,28,..A,..,False,False,False,False,False,,1,0.6666666666666667
cdi_ca_1956_wk_prov_dbs_Part21_tables.csv,9,30,..A,..,False,False,False,False,False,,1,0.6666666666666667
cdi_ca_1956_wk_prov_dbs_Part21_tables.csv,9,31,,..,False,False,False,False,False,,2,0.0
cdi_ca_1956_wk_prov_dbs_Part21_tables.csv,9,32,...A 17,17,False,False,False,False,False,,5,0.2857142857142857
cdi_ca_1956_wk_prov_dbs_Part21_tables.csv,10,36,4,11,False,False,False,False,False,,2,0.0
cdi_ca_1956_wk_prov_dbs_Part21_tables.csv,13,9,,..,False,False,False,False,False,,2,0.0
cdi_ca_1956_wk_prov_dbs_Part21_tables.csv,13,10,A.P.,..,False,False,False,False,False,,2,0.5
cdi_ca_1956_wk_prov_dbs_Part21_tables.csv,13,11,,..,False,False,False,False,False,,2,0.0
cdi_ca_1956_wk_prov_dbs_Part21_tables.csv,13,15,...,..,False,False,False,False,False,,1,0.6666666666666667
cdi_ca_1956_wk_prov_dbs_Part21_tables.csv,13,16,,..,False,False,False,False,False,,2,0.0
cdi_ca_1956_wk_prov_dbs_Part21_tables.csv,13,17,a.e.,..,False,False,False,False,False,,2,0.5
cdi_ca_1956_wk_prov_dbs_Part21_tables.csv,13,27,,..,False,False,False,False,False,,2,0.0
cdi_ca_1956_wk_prov_dbs_Part21_tables.csv,13,28,...R.,..,False,False,False,False,False,,3,0.4
cdi_ca_1956_wk_prov_dbs_Part21_tables.csv,14,36,56,15,False,False,False,False,False,,2,0.0
cdi_ca_1956_wk_prov_dbs_Part21_tables.csv,15,35,1,-,False,False,False,False,False,,1,0.0
cdi_ca_1956_wk_prov_dbs_Part21_tables.csv,19,20,5.,5,False,False,False,False,False,,1,0.5
cdi_ca_1956_wk_prov_dbs_Part21_tables.csv,20,15,,..,False,False,False,False,False,,2,0.0
cdi_ca_1956_wk_prov_dbs_Part21_tables.csv,20,16,,..,False,False,False,False,False,,2,0.0
cdi_ca_1956_wk_prov_dbs_Part21_tables.csv,20,17,,..,False,False,False,False,False,,2,0.0
cdi_ca_1956_wk_prov_dbs_Part21_tables.csv,20,22,I,-,False,False,False,False,False,,1,0.0
cdi_ca_1956_wk_prov_dbs_Part21_tables.csv,20,29,a,-,False,False,False,False,False,,1,0.0
cdi_ca_1956_wk_prov_dbs_Part21_tables.csv,20,30,,..,False,False,False,False,False,,2,0.0
cdi_ca_1956_wk_prov_dbs_Part21_tables.csv,20,31,,..,False,False,False,False,False,,2,0.0
cdi_ca_1956_wk_prov_dbs_Part21_tables.csv,20,32,,..,False,False,False,False,False,,2,0.0
cdi_ca_1956_wk_prov_dbs_Part21_tables.csv,20,33,I,-,False,False,False,False,False,,1,0.0
cdi_ca_1956_wk_prov_dbs_Part21_tables.csv,20,34,I,-,False,False,False,False,False,,1,0.0
cdi_ca_1956_wk_prov_dbs_Part21_tables.csv,20,35,I,-,False,False,False,False,False,,1,0.0
cdi_ca_1956_wk_prov_dbs_Part21_tables.csv,22,36,-,23,False,False,False,False,False,,2,0.0
cdi_ca_1956_wk_prov_dbs_Part21_tables.csv,24,17,7,1,False,False,False,False,False,,1,0.0
cdi_ca_1956_wk_prov_dbs_Part22_tables.csv,0,27,...,..,False,False,False,False,False,,1,0.6666666666666667
cdi_ca_1956_wk_prov_dbs_Part22_tables.csv,0,28,:,..,False,False,False,False,False,,2,0.0
cdi_ca_1956_wk_prov_dbs_Part22_tables.csv,0,30,.....,..,False,False,False,False,False,,3,0.4
cdi_ca_1956_wk_prov_dbs_Part22_tables.csv,0,31,R.P.,..,False,False,False,False,False,,2,0.5
cdi_ca_1956_wk_prov_dbs_Part22_tables.csv,2,15,,..,False,False,False,False,False,,2,0.0
cdi_ca_1956_wk_prov_dbs_Part22_tables.csv,2,16,,..,False,False,False,False,False,,2,0.0
cdi_ca_1956_wk_prov_dbs_Part22_tables.csv,2,17,,..,False,False,False,False,False,,2,0.0
cdi_ca_1956_wk_prov_dbs_Part22_tables.csv,3,15,,..,False,False,False,False,False,,2,0.0
cdi_ca_1956_wk_prov_dbs_Part22_tables.csv,3,16,,..,False,False,False,False,False,,2,0.0
cdi_ca_1956_wk_prov_dbs_Part22_tables.csv,3,17,,..,False,False,False,False,False,,2,0.0
cdi_ca_1956_wk_prov_dbs_Part22_tables.csv,3,18,,..,False,False,False,False,False,,2,0.0
cdi_ca_1956_wk_prov_dbs_Part22_tables.csv,3,19,,..,False,False,False,False,False,,2,0.0
cdi_ca_1956_wk_prov_dbs_Part22_tables.csv,3,20,,..,False,False,False,False,False,,2,0.0
cdi_ca_1956_wk_prov_dbs_Part22_tables.csv,4,15,,..,False,False,False,False,False,,2,0.0
cdi_ca_1956_wk_prov_dbs_Part22_tables.csv,4,16,,..,False,False,False,False,False,,2,0.0
cdi_ca_1956_wk_prov_dbs_Part22_tables.csv,4,17,,..,False,False,False,False,False,,2,0.0
cdi_ca_1956_wk_prov_dbs_Part22_tables.csv,5,1,1,-,False,False,False,False,False,,1,0.0
cdi_ca_1956_wk_prov_dbs_Part22_tables.csv,5,9,-,..,False,False,False,False,False,,2,0.0
cdi_ca_1956_wk_prov_dbs_Part22_tables.csv,5,10,,..,False,False,False,False,False,,2,0.0
cdi_ca_1956_wk_prov_dbs_Part22_tables.csv,5,11,,..,False,False,False,False,False,,2,0.0
cdi_ca_1956_wk_prov_dbs_Part22_tables.csv,5,18,I,..,False,False,False,False,False,,2,0.0
cdi_ca_1956_wk_prov_dbs_Part22_tables.csv,5,19,,..,False,False,False,False,False,,2,0.0
cdi_ca_1956_wk_prov_dbs_Part22_tables.csv,5,20,,..,False,False,False,False,False,,2,0.0
cdi_ca_1956_wk_prov_dbs_Part22_tables.csv,5,22,1,..,False,False,False,False,False,,2,0.0
cdi_ca_1956_wk_prov_dbs_Part22_tables.csv,5,23,A.P.,..,False,False,False,False,False,,2,0.5
cdi_ca_1956_wk_prov_dbs_Part22_tables.csv,5,36,-,6,False,False,False,False,False,,1,0.0
cdi_ca_1956_wk_prov_dbs_Part22_tables.csv,6,6,"8,611",..,False,False,False,False,False,,5,0.0
cdi_ca_1956_wk_prov_dbs_Part22_tables.csv,6,7,,..,False,False,False,False,False,,2,0.0
cdi_ca_1956_wk_prov_dbs_Part22_tables.csv,6,8,,..,False,False,False,False,False,,2,0.0
cdi_ca_1956_wk_prov_dbs_Part22_tables.csv,6,11,76,..,False,False,False,False,False,,2,0.0
cdi_ca_1956_wk_prov_dbs_Part22_tables.csv,6,30,-,..,False,False,False,False,False,,2,0.0
cdi_ca_1956_wk_prov_dbs_Part22_tables.csv,6,31,A.P.,..,False,False,False,False,False,,2,0.5
cdi_ca_1956_wk_prov_dbs_Part22_tables.csv,6,32,,..,False,False,False,False,False,,2,0.0
cdi_ca_1956_wk_prov_dbs_Part22_tables.csv,6,36,3,7,False,False,False,False,False,,1,0.0
cdi_ca_1956_wk_prov_dbs_Part22_tables.csv,7,27,P.A,..,False,False,False,False,False,,2,0.33333333333333337
cdi_ca_1956_wk_prov_dbs_Part22_tables.csv,7,28,R.P.,..,False,False,False,False,False,,2,0.5
cdi_ca_1956_wk_prov_dbs_Part22_tables.csv,8,9,-,..,False,False,False,False,False,,2,0.0
cdi_ca_1956_wk_prov_dbs_Part22_tables.csv,8,11,1,..,False,False,False,False,False,,2,0.0
cdi_ca_1956_wk_prov_dbs_Part22_tables.csv,8,31,1,..,False,False,False,False,False,,2,0.0
cdi_ca_1956_wk_prov_dbs_Part22_tables.csv,8,32,...,..,False,False,False,False,False,,1,0.6666666666666667
cdi_ca_1956_wk_prov_dbs_Part22_tables.csv,8,36,-,9,False,False,False,False,False,,1,0.0
cdi_ca_1956_wk_prov_dbs_Part22_tables.csv,9,27,,..,False,False,False,False,False,,2,0.0
cdi_ca_1956_wk_prov_dbs_Part22_tables.csv,9,28,,..,False,False,False,False,False,,2,0.0
cdi_ca_1956_wk_prov_dbs_Part22_tables.csv,9,30,...,..,False,False,False,False,False,,1,0.6666666666666667
cdi_ca_1956_wk_prov_dbs_Part22_tables.csv,9,31,,..,False,False,False,False,False,,2,0.0
cdi_ca_1956_wk_prov_dbs_Part22_tables.csv,10,36,5,11,False,False,False,False,False,,2,0.0
cdi_ca_1956_wk_prov_dbs_Part22_tables.csv,11,34,1,-,False,False,False,False,False,,1,0.0
cdi_ca_1956_wk_prov_dbs_Part22_tables.csv,12,10,1,-,False,False,False,False,False,,1,0.0
cdi_ca_1956_wk_prov_dbs_Part22_tables.csv,12,34,I,-,False,False,False,False,False,,1,0.0
cdi_ca_1956_wk_prov_dbs_Part22_tables.csv,13,1,1.770,1770,False,False,False,False,False,,1,0.8
cdi_ca_1956_wk_prov_dbs_Part22_tables.csv,13,9,,..,False,False,False,False,False,,2,0.0
cdi_ca_1956_wk_prov_dbs_Part22_tables.csv,13,10,,..,False,False,False,False,False,,2,0.0
cdi_ca_1956_wk_prov_dbs_Part22_tables.csv,13,11,,..,False,False,False,False,False,,2,0.0
cdi_ca_1956_wk_prov_dbs_Part22_tables.csv,13,15,,..,False,False,False,False,False,,2,0.0
cdi_ca_1956_wk_prov_dbs_Part22_tables.csv,13,16,,..,False,False,False,False,False,,2,0.0
cdi_ca_1956_wk_prov_dbs_Part22_tables.csv,13,17,,..,False,False,False,False,False,,2,0.0
cdi_ca_1956_wk_prov_dbs_Part22_tables.csv,13,27,O.A,..,False,False,False,False,False,,2,0.33333333333333337
cdi_ca_1956_wk_prov_dbs_Part22_tables.csv,13,28,A.P.,..,False,False,False,False,False,,2,0.5
cdi_ca_1956_wk_prov_dbs_Part22_tables.csv,14,36,36,15,False,False,False,False,False,,2,0.0
cdi_ca_1956_wk_prov_dbs_Part22_tables.csv,15,14,,-,False,False,False,False,False,,1,0.0
cdi_ca_1956_wk_prov_dbs_Part22_tables.csv,20,15,,..,False,False,False,False,False,,2,0.0
cdi_ca_1956_wk_prov_dbs_Part22_tables.csv,20,16,,..,False,False,False,False,False,,2,0.0
cdi_ca_1956_wk_prov_dbs_Part22_tables.csv,20,17,,..,False,False,False,False,False,,2,0.0
cdi_ca_1956_wk_prov_dbs_Part22_tables.csv,20,29,1,-,False,False,False,False,False,,1,0.0
cdi_ca_1956_wk_prov_dbs_Part22_tables.csv,20,30,A.A.,..,False,False,False,False,False,,2,0.5
cdi_ca_1956_wk_prov_dbs_Part22_tables.csv,20,31,,..,False,False,False,False,False,,2,0.0
cdi_ca_1956_wk_prov_dbs_Part22_tables.csv,20,32,,..,False,False,False,False,False,,2,0.0
cdi_ca_1956_wk_prov_dbs_Part22_tables.csv,20,35,I,-,False,False,False,False,False,,1,0.0
cdi_ca_1956_wk_prov_dbs_Part22_tables.csv,22,36,-,23,False,False,False,False,False,,2,0.0
cdi_ca_1956_wk_prov_dbs_Part22_tables.csv,24,15,I,-,False,False,False,False,False,,1,0.0
cdi_ca_1956_wk_prov_dbs_Part22_tables.csv,24,25,I,-,False,False,False,False,False,,1,0.0
cdi_ca_1956_wk_prov_dbs_Part23_tables.csv,0,30,...,..,False,False,False,False,False,,1,0.6666666666666667
cdi_ca_1956_wk_prov_dbs_Part23_tables.csv,0,31,....,..,False,False,False,False,False,,2,0.5
cdi_ca_1956_wk_prov_dbs_Part23_tables.csv,2,15,P.P,..,False,False,False,False,False,,2,0.33333333333333337
cdi_ca_1956_wk_prov_dbs_Part23_tables.csv,2,16,R.P.,..,False,False,False,False,False,,2,0.5
cdi_ca_1956_wk_prov_dbs_Part23_tables.csv,2,17,,..,False,False,False,False,False,,2,0.0
cdi_ca_1956_wk_prov_dbs_Part23_tables.csv,3,4,I,1,False,False,False,False,False,,1,0.0
cdi_ca_1956_wk_prov_dbs_Part23_tables.csv,3,15,,..,False,False,False,False,False,,2,0.0
cdi_ca_1956_wk_prov_dbs_Part23_tables.csv,3,16,...,..,False,False,False,False,False,,1,0.6666666666666667
cdi_ca_1956_wk_prov_dbs_Part23_tables.csv,3,17,,..,False,False,False,False,False,,2,0.0
cdi_ca_1956_wk_prov_dbs_Part23_tables.csv,3,18,,..,False,False,False,False,False,,2,0.0
cdi_ca_1956_wk_prov_dbs_Part23_tables.csv,3,19,,..,False,False,False,False,False,,2,0.0
cdi_ca_1956_wk_prov_dbs_Part23_tables.csv,3,20,R.R.,..,False,False,False,False,False,,2,0.5
cdi_ca_1956_wk_prov_dbs_Part23_tables.csv,4,15,....,..,False,False,False,False,False,,2,0.5
cdi_ca_1956_wk_prov_dbs_Part23_tables.csv,4,16,$.8,..,False,False,False,False,False,,2,0.33333333333333337
cdi_ca_1956_wk_prov_dbs_Part23_tables.csv,4,17,,..,False,False,False,False,False,,2,0.0
cdi_ca_1956_wk_prov_dbs_Part23_tables.csv,4,23,I,1,False,False,False,False,False,,1,0.0
cdi_ca_1956_wk_prov_dbs_Part23_tables.csv,5,0, infectious,1,False,False,False,False,False,,11,0.0
cdi_ca_1956_wk_prov_dbs_Part23_tables.csv,5,9,-,..,False,False,False,False,False,,2,0.0
cdi_ca_1956_wk_prov_dbs_Part23_tables.csv,5,10,...,..,False,False,False,False,False,,1,0.6666666666666667
cdi_ca_1956_wk_prov_dbs_Part23_tables.csv,5,11,R.P.,..,False,False,False,False,False,,2,0.5
cdi_ca_1956_wk_prov_dbs_Part23_tables.csv,5,12,...,-,False,False,False,False,False,,3,0.0
cdi_ca_1956_wk_prov_dbs_Part23_tables.csv,5,18,-,..,False,False,False,False,False,,2,0.0
cdi_ca_1956_wk_prov_dbs_Part23_tables.csv,5,23,1,..,False,False,False,False,False,,2,0.0
cdi_ca_1956_wk_prov_dbs_Part23_tables.csv,5,36,-,6,False,False,False,False,False,,1,0.0
cdi_ca_1956_wk_prov_dbs_Part23_tables.csv,6,4,"7,437",35826,False,False,False,False,False,,5,0.0
cdi_ca_1956_wk_prov_dbs_Part23_tables.csv,6,6,"8,653",..,False,False,False,False,False,,5,0.0
cdi_ca_1956_wk_prov_dbs_Part23_tables.csv,6,7,:.,..,False,False,False,False,False,,1,0.5
cdi_ca_1956_wk_prov_dbs_Part23_tables.csv,6,8,,..,False,False,False,False,False,,2,0.0
cdi_ca_1956_wk_prov_dbs_Part23_tables.csv,6,11,89,..,False,False,False,False,False,,2,0.0
cdi_ca_1956_wk_prov_dbs_Part23_tables.csv,6,30,-,..,False,False,False,False,False,,2,0.0
cdi_ca_1956_wk_prov_dbs_Part23_tables.csv,6,31,...,..,False,False,False,False,False,,1,0.6666666666666667
cdi_ca_1956_wk_prov_dbs_Part23_tables.csv,6,32,....,..,False,False,False,False,False,,2,0.5
cdi_ca_1956_wk_prov_dbs_Part23_tables.csv,6,36,-,7,False,False,False,False,False,,1,0.0
cdi_ca_1956_wk_prov_dbs_Part23_tables.csv,7,28,...,..,False,False,False,False,False,,1,0.6666666666666667
cdi_ca_1956_wk_prov_dbs_Part23_tables.csv,8,9,-,..,False,False,False,False,False,,2,0.0
cdi_ca_1956_wk_prov_dbs_Part23_tables.csv,8,10,,..,False,False,False,False,False,,2,0.0
cdi_ca_1956_wk_prov_dbs_Part23_tables.csv,8,11,R.P.,..,False,False,False,False,False,,2,0.5
cdi_ca_1956_wk_prov_dbs_Part23_tables.csv,8,12,f.t,-,False,False,False,False,False,,3,0.0
cdi_ca_1956_wk_prov_dbs_Part23_tables.csv,8,30,1,..,False,False,False,False,False,,2,0.0
cdi_ca_1956_wk_prov_dbs_Part23_tables.csv,8,32,1,..,False,False,False,False,False,,2,0.0
cdi_ca_1956_wk_prov_dbs_Part23_tables.csv,8,36,-,9,False,False,False,False,False,,1,0.0
cdi_ca_1956_wk_prov_dbs_Part23_tables.csv,9,27,P...,..,False,False,False,False,False,,2,0.5
cdi_ca_1956_wk_prov_dbs_Part23_tables.csv,9,28,R.A,..,False,False,False,False,False,,2,0.33333333333333337
cdi_ca_1956_wk_prov_dbs_Part23_tables.csv,9,30,Y.R,..,False,False,False,False,False,,2,0.33333333333333337
cdi_ca_1956_wk_prov_dbs_Part23_tables.csv,9,31,R.f,..,False,False,False,False,False,,2,0.33333333333333337
cdi_ca_1956_wk_prov_dbs_Part23_tables.csv,10,24,2,-,False,False,False,False,False,,1,0.0
cdi_ca_1956_wk_prov_dbs_Part23_tables.csv,10,36,3,11,False,False,False,False,False,,2,0.0
cdi_ca_1956_wk_prov_dbs_Part23_tables.csv,13,9,,..,False,False,False,False,False,,2,0.0
cdi_ca_1956_wk_prov_dbs_Part23_tables.csv,13,10,R.O.,..,False,False,False,False,False,,2,0.5
cdi_ca_1956_wk_prov_dbs_Part23_tables.csv,13,11,,..,False,False,False,False,False,,2,0.0
cdi_ca_1956_wk_prov_dbs_Part23_tables.csv,13,15,....,..,False,False,False,False,False,,2,0.5
cdi_ca_1956_wk_prov_dbs_Part23_tables.csv,13,16,,..,False,False,False,False,False,,2,0.0
cdi_ca_1956_wk_prov_dbs_Part23_tables.csv,13,17,,..,False,False,False,False,False,,2,0.0
cdi_ca_1956_wk_prov_dbs_Part23_tables.csv,13,27,,..,False,False,False,False,False,,2,0.0
cdi_ca_1956_wk_prov_dbs_Part23_tables.csv,13,28,*.*,..,False,False,False,False,False,,2,0.33333333333333337
cdi_ca_1956_wk_prov_dbs_Part23_tables.csv,14,36,37,15,False,False,False,False,False,,2,0.0
cdi_ca_1956_wk_prov_dbs_Part23_tables.csv,18,8,the,-,False,False,False,False,False,,3,0.0
cdi_ca_1956_wk_prov_dbs_Part23_tables.csv,20,15,,..,False,False,False,False,False,,2,0.0
cdi_ca_1956_wk_prov_dbs_Part23_tables.csv,20,16,I.A.,..,False,False,False,False,False,,2,0.5
cdi_ca_1956_wk_prov_dbs_Part23_tables.csv,20,17,,..,False,False,False,False,False,,2,0.0
cdi_ca_1956_wk_prov_dbs_Part23_tables.csv,20,30,R.A.,..,False,False,False,False,False,,2,0.5
cdi_ca_1956_wk_prov_dbs_Part23_tables.csv,20,31,,..,False,False,False,False,False,,2,0.0
cdi_ca_1956_wk_prov_dbs_Part23_tables.csv,20,32,,..,False,False,False,False,False,,2,0.0
cdi_ca_1956_wk_prov_dbs_Part23_tables.csv,22,36,-,23,False,False,False,False,False,,2,0.0
cdi_ca_1956_wk_prov_dbs_Part23_tables.csv,24,31,,-,False,False,False,False,False,,1,0.0
cdi_ca_1956_wk_prov_dbs_Part23_tables.csv,24,32,I,-,False,False,False,False,False,,1,0.0
cdi_ca_1956_wk_prov_dbs_Part23_tables.csv,26,9,--,-,False,False,False,False,False,,1,0.5
cdi_ca_1956_wk_prov_dbs_Part23_tables.csv,27,14,?,7,False,False,False,False,False,,1,0.0
cdi_ca_1956_wk_prov_dbs_Part23_tables.csv,27,36,28.,28,False,False,False,False,False,,1,0.6666666666666667
cdi_ca_1956_wk_prov_dbs_Part24_tables.csv,0,15,,..,False,False,False,False,False,,2,0.0
cdi_ca_1956_wk_prov_dbs_Part24_tables.csv,0,16,,..,False,False,False,False,False,,2,0.0
cdi_ca_1956_wk_prov_dbs_Part24_tables.csv,0,17,,..,False,False,False,False,False,,2,0.0
cdi_ca_1956_wk_prov_dbs_Part24_tables.csv,0,27,A.R,..,False,False,False,False,False,,2,0.33333333333333337
cdi_ca_1956_wk_prov_dbs_Part24_tables.csv,0,28,A.C.,..,False,False,False,False,False,,2,0.5
cdi_ca_1956_wk_prov_dbs_Part24_tables.csv,0,30,,..,False,False,False,False,False,,2,0.0
cdi_ca_1956_wk_prov_dbs_Part24_tables.csv,0,31,A.P.,..,False,False,False,False,False,,2,0.5
cdi_ca_1956_wk_prov_dbs_Part24_tables.csv,0,35,133,13,False,False,False,False,False,,1,0.6666666666666667
cdi_ca_1956_wk_prov_dbs_Part24_tables.csv,1,29,=,-,False,False,False,False,False,,1,0.0
cdi_ca_1956_wk_prov_dbs_Part24_tables.csv,1,30,1,-,False,False,False,False,False,,1,0.0
cdi_ca_1956_wk_prov_dbs_Part24_tables.csv,1,33,I,-,False,False,False,False,False,,1,0.0
cdi_ca_1956_wk_prov_dbs_Part24_tables.csv,1,34,I,-,False,False,False,False,False,,1,0.0
cdi_ca_1956_wk_prov_dbs_Part24_tables.csv,1,35,=,-,False,False,False,False,False,,1,0.0
cdi_ca_1956_wk_prov_dbs_Part24_tables.csv,2,15,,..,False,False,False,False,False,,2,0.0
cdi_ca_1956_wk_prov_dbs_Part24_tables.csv,2,16,,..,False,False,False,False,False,,2,0.0
cdi_ca_1956_wk_prov_dbs_Part24_tables.csv,2,17,,..,False,False,False,False,False,,2,0.0
cdi_ca_1956_wk_prov_dbs_Part24_tables.csv,2,18,,..,False,False,False,False,False,,2,0.0
cdi_ca_1956_wk_prov_dbs_Part24_tables.csv,3,15,*..,..,False,False,False,False,False,,1,0.6666666666666667
cdi_ca_1956_wk_prov_dbs_Part24_tables.csv,3,16,...,..,False,False,False,False,False,,1,0.6666666666666667
cdi_ca_1956_wk_prov_dbs_Part24_tables.csv,3,17,9.3,..,False,False,False,False,False,,2,0.33333333333333337
cdi_ca_1956_wk_prov_dbs_Part24_tables.csv,3,18,R.P.,..,False,False,False,False,False,,2,0.5
cdi_ca_1956_wk_prov_dbs_Part24_tables.csv,3,19,9.9,..,False,False,False,False,False,,2,0.33333333333333337
cdi_ca_1956_wk_prov_dbs_Part24_tables.csv,3,20,R.P.,..,False,False,False,False,False,,2,0.5
cdi_ca_1956_wk_prov_dbs_Part24_tables.csv,4,15,...,..,False,False,False,False,False,,1,0.6666666666666667
cdi_ca_1956_wk_prov_dbs_Part24_tables.csv,4,16,...,..,False,False,False,False,False,,1,0.6666666666666667
cdi_ca_1956_wk_prov_dbs_Part24_tables.csv,4,17,P...,..,False,False,False,False,False,,2,0.5
cdi_ca_1956_wk_prov_dbs_Part24_tables.csv,4,18,A.R.,..,False,False,False,False,False,,2,0.5
cdi_ca_1956_wk_prov_dbs_Part24_tables.csv,5,9,-,..,False,False,False,False,False,,2,0.0
cdi_ca_1956_wk_prov_dbs_Part24_tables.csv,5,10,,..,False,False,False,False,False,,2,0.0
cdi_ca_1956_wk_prov_dbs_Part24_tables.csv,5,11,,..,False,False,False,False,False,,2,0.0
cdi_ca_1956_wk_prov_dbs_Part24_tables.csv,5,18,-,..,False,False,False,False,False,,2,0.0
cdi_ca_1956_wk_prov_dbs_Part24_tables.csv,5,19,,..,False,False,False,False,False,,2,0.0
cdi_ca_1956_wk_prov_dbs_Part24_tables.csv,5,20,A..,..,False,False,False,False,False,,1,0.6666666666666667
cdi_ca_1956_wk_prov_dbs_Part24_tables.csv,5,21,,..,False,False,False,False,False,,2,0.0
cdi_ca_1956_wk_prov_dbs_Part24_tables.csv,5,23,1,..,False,False,False,False,False,,2,0.0
cdi_ca_1956_wk_prov_dbs_Part24_tables.csv,5,26,,-,False,False,False,False,False,,1,0.0
cdi_ca_1956_wk_prov_dbs_Part24_tables.csv,5,36,1,6,False,False,False,False,False,,1,0.0
cdi_ca_1956_wk_prov_dbs_Part24_tables.csv,6,6,"8,721",..,False,False,False,False,False,,5,0.0
cdi_ca_1956_wk_prov_dbs_Part24_tables.csv,6,7,A.O.,..,False,False,False,False,False,,2,0.5
cdi_ca_1956_wk_prov_dbs_Part24_tables.csv,6,8,,..,False,False,False,False,False,,2,0.0
cdi_ca_1956_wk_prov_dbs_Part24_tables.csv,6,11,129,..,False,False,False,False,False,,3,0.0
cdi_ca_1956_wk_prov_dbs_Part24_tables.csv,6,30,-,..,False,False,False,False,False,,2,0.0
cdi_ca_1956_wk_prov_dbs_Part24_tables.csv,6,31,A.A.,..,False,False,False,False,False,,2,0.5
cdi_ca_1956_wk_prov_dbs_Part24_tables.csv,6,32,,..,False,False,False,False,False,,2,0.0
cdi_ca_1956_wk_prov_dbs_Part24_tables.csv,6,35,-,2,False,False,False,False,False,,1,0.0
cdi_ca_1956_wk_prov_dbs_Part24_tables.csv,6,36,: 2,7,False,False,False,False,False,,3,0.0
cdi_ca_1956_wk_prov_dbs_Part24_tables.csv,7,15,,..,False,False,False,False,False,,2,0.0
cdi_ca_1956_wk_prov_dbs_Part24_tables.csv,7,16,,..,False,False,False,False,False,,2,0.0
cdi_ca_1956_wk_prov_dbs_Part24_tables.csv,7,27,,..,False,False,False,False,False,,2,0.0
cdi_ca_1956_wk_prov_dbs_Part24_tables.csv,8,1,2,6,False,False,False,False,False,,1,0.0
cdi_ca_1956_wk_prov_dbs_Part24_tables.csv,8,9,-,..,False,False,False,False,False,,2,0.0
cdi_ca_1956_wk_prov_dbs_Part24_tables.csv,8,10,,..,False,False,False,False,False,,2,0.0
cdi_ca_1956_wk_prov_dbs_Part24_tables.csv,8,11,,..,False,False,False,False,False,,2,0.0
cdi_ca_1956_wk_prov_dbs_Part24_tables.csv,8,30,-,..,False,False,False,False,False,,2,0.0
cdi_ca_1956_wk_prov_dbs_Part24_tables.csv,8,31,,..,False,False,False,False,False,,2,0.0
cdi_ca_1956_wk_prov_dbs_Part24_tables.csv,8,32,,..,False,False,False,False,False,,2,0.0
cdi_ca_1956_wk_prov_dbs_Part24_tables.csv,8,36,-,9,False,False,False,False,False,,1,0.0
cdi_ca_1956_wk_prov_dbs_Part24_tables.csv,9,15,,..,False,False,False,False,False,,2,0.0
cdi_ca_1956_wk_prov_dbs_Part24_tables.csv,9,16,,..,False,False,False,False,False,,2,0.0
cdi_ca_1956_wk_prov_dbs_Part24_tables.csv,9,17,,..,False,False,False,False,False,,2,0.0
cdi_ca_1956_wk_prov_dbs_Part24_tables.csv,9,27,,..,False,False,False,False,False,,2,0.0
cdi_ca_1956_wk_prov_dbs_Part24_tables.csv,9,28,,..,False,False,False,False,False,,2,0.0
cdi_ca_1956_wk_prov_dbs_Part24_tables.csv,9,30,,..,False,False,False,False,False,,2,0.0
cdi_ca_1956_wk_prov_dbs_Part24_tables.csv,9,31,,..,False,False,False,False,False,,2,0.0
cdi_ca_1956_wk_prov_dbs_Part24_tables.csv,10,0, epidemic:⁴,5,False,False,False,False,False,,11,0.0
cdi_ca_1956_wk_prov_dbs_Part24_tables.csv,10,25,1,-,False,False,False,False,False,,1,0.0
cdi_ca_1956_wk_prov_dbs_Part24_tables.csv,10,36,2,11,False,False,False,False,False,,2,0.0
cdi_ca_1956_wk_prov_dbs_Part24_tables.csv,13,9,,..,False,False,False,False,False,,2,0.0
cdi_ca_1956_wk_prov_dbs_Part24_tables.csv,13,10,A.O.,..,False,False,False,False,False,,2,0.5
cdi_ca_1956_wk_prov_dbs_Part24_tables.csv,13,11,,..,False,False,False,False,False,,2,0.0
cdi_ca_1956_wk_prov_dbs_Part24_tables.csv,13,15,0.9,..,False,False,False,False,False,,2,0.33333333333333337
cdi_ca_1956_wk_prov_dbs_Part24_tables.csv,13,16,,..,False,False,False,False,False,,2,0.0
cdi_ca_1956_wk_prov_dbs_Part24_tables.csv,13,17,,..,False,False,False,False,False,,2,0.0
cdi_ca_1956_wk_prov_dbs_Part24_tables.csv,13,27,,..,False,False,False,False,False,,2,0.0
cdi_ca_1956_wk_prov_dbs_Part24_tables.csv,13,28,a.a.,..,False,False,False,False,False,,2,0.5
cdi_ca_1956_wk_prov_dbs_Part24_tables.csv,14,36,35,15,False,False,False,False,False,,1,0.5
cdi_ca_1956_wk_prov_dbs_Part24_tables.csv,15,4,F,-,False,False,False,False,False,,1,0.0
cdi_ca_1956_wk_prov_dbs_Part24_tables.csv,15,21,,-,False,False,False,False,False,,1,0.0
cdi_ca_1956_wk_prov_dbs_Part24_tables.csv,15,28,F,-,False,False,False,False,False,,1,0.0
cdi_ca_1956_wk_prov_dbs_Part24_tables.csv,15,29,,-,False,False,False,False,False,,1,0.0
cdi_ca_1956_wk_prov_dbs_Part24_tables.csv,15,33,MP.,-,False,False,False,False,False,,3,0.0
cdi_ca_1956_wk_prov_dbs_Part24_tables.csv,18,27,=,-,False,False,False,False,False,,1,0.0
cdi_ca_1956_wk_prov_dbs_Part24_tables.csv,20,0,5.,5,False,False,False,False,False,,1,0.5
cdi_ca_1956_wk_prov_dbs_Part24_tables.csv,20,15,,..,False,False,False,False,False,,2,0.0
cdi_ca_1956_wk_prov_dbs_Part24_tables.csv,20,16,..A,..,False,False,False,False,False,,1,0.6666666666666667
cdi_ca_1956_wk_prov_dbs_Part24_tables.csv,20,17,,..,False,False,False,False,False,,2,0.0
cdi_ca_1956_wk_prov_dbs_Part24_tables.csv,20,28,1,-,False,False,False,False,False,,1,0.0
cdi_ca_1956_wk_prov_dbs_Part24_tables.csv,20,29,I,-,False,False,False,False,False,,1,0.0
cdi_ca_1956_wk_prov_dbs_Part24_tables.csv,20,30,a.e.,..,False,False,False,False,False,,2,0.5
cdi_ca_1956_wk_prov_dbs_Part24_tables.csv,20,31,:,..,False,False,False,False,False,,2,0.0
cdi_ca_1956_wk_prov_dbs_Part24_tables.csv,20,32,A.O.,..,False,False,False,False,False,,2,0.5
cdi_ca_1956_wk_prov_dbs_Part24_tables.csv,20,33,=,-,False,False,False,False,False,,1,0.0
cdi_ca_1956_wk_prov_dbs_Part24_tables.csv,20,35,=,-,False,False,False,False,False,,1,0.0
cdi_ca_1956_wk_prov_dbs_Part24_tables.csv,22,8,I,-,False,False,False,False,False,,1,0.0
cdi_ca_1956_wk_prov_dbs_Part24_tables.csv,22,33,1,-,False,False,False,False,False,,1,0.0
cdi_ca_1956_wk_prov_dbs_Part24_tables.csv,22,36,-,23,False,False,False,False,False,,2,0.0
cdi_ca_1956_wk_prov_dbs_Part24_tables.csv,23,29,I,-,False,False,False,False,False,,1,0.0
cdi_ca_1956_wk_prov_dbs_Part24_tables.csv,23,33,1,-,False,False,False,False,False,,1,0.0
cdi_ca_1956_wk_prov_dbs_Part24_tables.csv,23,35,I,-,False,False,False,False,False,,1,0.0
cdi_ca_1956_wk_prov_dbs_Part24_tables.csv,24,27,1,-,False,False,False,False,False,,1,0.0
cdi_ca_1956_wk_prov_dbs_Part24_tables.csv,24,28,I,-,False,False,False,False,False,,1,0.0
cdi_ca_1956_wk_prov_dbs_Part24_tables.csv,27,17,#,-,False,False,False,False,False,,1,0.0
cdi_ca_1956_wk_prov_dbs_Part25_tables.csv,0,17,,..,False,False,False,False,False,,2,0.0
cdi_ca_1956_wk_prov_dbs_Part25_tables.csv,0,27,:,..,False,False,False,False,False,,2,0.0
cdi_ca_1956_wk_prov_dbs_Part25_tables.csv,0,28,,..,False,False,False,False,False,,2,0.0
cdi_ca_1956_wk_prov_dbs_Part25_tables.csv,0,30,:.,..,False,False,False,False,False,,1,0.5
cdi_ca_1956_wk_prov_dbs_Part25_tables.csv,0,31,:,..,False,False,False,False,False,,2,0.0
cdi_ca_1956_wk_prov_dbs_Part25_tables.csv,0,35,134,135,False,False,False,False,False,,1,0.6666666666666667
cdi_ca_1956_wk_prov_dbs_Part25_tables.csv,2,10,,-,False,False,False,False,False,,1,0.0
cdi_ca_1956_wk_prov_dbs_Part25_tables.csv,2,15,-,..,False,False,False,False,False,,2,0.0
cdi_ca_1956_wk_prov_dbs_Part25_tables.csv,2,16,,..,False,False,False,False,False,,2,0.0
cdi_ca_1956_wk_prov_dbs_Part25_tables.csv,2,17,,..,False,False,False,False,False,,2,0.0
cdi_ca_1956_wk_prov_dbs_Part25_tables.csv,2,19,1,..,False,False,False,False,False,,2,0.0
cdi_ca_1956_wk_prov_dbs_Part25_tables.csv,2,20,,..,False,False,False,False,False,,2,0.0
cdi_ca_1956_wk_prov_dbs_Part25_tables.csv,2,36,5,3,False,False,False,False,False,,1,0.0
cdi_ca_1956_wk_prov_dbs_Part25_tables.csv,3,15,,..,False,False,False,False,False,,2,0.0
cdi_ca_1956_wk_prov_dbs_Part25_tables.csv,3,16,:,..,False,False,False,False,False,,2,0.0
cdi_ca_1956_wk_prov_dbs_Part25_tables.csv,3,17,:,..,False,False,False,False,False,,2,0.0
cdi_ca_1956_wk_prov_dbs_Part25_tables.csv,3,18,,..,False,False,False,False,False,,2,0.0
cdi_ca_1956_wk_prov_dbs_Part25_tables.csv,3,19,...,..,False,False,False,False,False,,1,0.6666666666666667
cdi_ca_1956_wk_prov_dbs_Part25_tables.csv,3,20,...,..,False,False,False,False,False,,1,0.6666666666666667
cdi_ca_1956_wk_prov_dbs_Part25_tables.csv,4,15,,..,False,False,False,False,False,,2,0.0
cdi_ca_1956_wk_prov_dbs_Part25_tables.csv,4,16,:,..,False,False,False,False,False,,2,0.0
cdi_ca_1956_wk_prov_dbs_Part25_tables.csv,4,17,:.,..,False,False,False,False,False,,1,0.5
cdi_ca_1956_wk_prov_dbs_Part25_tables.csv,4,19,...,..,False,False,False,False,False,,1,0.6666666666666667
cdi_ca_1956_wk_prov_dbs_Part25_tables.csv,4,20,,..,False,False,False,False,False,,2,0.0
cdi_ca_1956_wk_prov_dbs_Part25_tables.csv,5,9,-,..,False,False,False,False,False,,2,0.0
cdi_ca_1956_wk_prov_dbs_Part25_tables.csv,5,10,,..,False,False,False,False,False,,2,0.0
cdi_ca_1956_wk_prov_dbs_Part25_tables.csv,5,11,,..,False,False,False,False,False,,2,0.0
cdi_ca_1956_wk_prov_dbs_Part25_tables.csv,5,18,-,..,False,False,False,False,False,,2,0.0
cdi_ca_1956_wk_prov_dbs_Part25_tables.csv,5,19,....,..,False,False,False,False,False,,2,0.5
cdi_ca_1956_wk_prov_dbs_Part25_tables.csv,5,20,...,..,False,False,False,False,False,,1,0.6666666666666667
cdi_ca_1956_wk_prov_dbs_Part25_tables.csv,5,21,,..,False,False,False,False,False,,2,0.0
cdi_ca_1956_wk_prov_dbs_Part25_tables.csv,5,22,,..,False,False,False,False,False,,2,0.0
cdi_ca_1956_wk_prov_dbs_Part25_tables.csv,5,23,,..,False,False,False,False,False,,2,0.0
cdi_ca_1956_wk_prov_dbs_Part25_tables.csv,5,36,-,6,False,False,False,False,False,,1,0.0
cdi_ca_1956_wk_prov_dbs_Part25_tables.csv,6,6,"8,774",..,False,False,False,False,False,,5,0.0
cdi_ca_1956_wk_prov_dbs_Part25_tables.csv,6,7,,..,False,False,False,False,False,,2,0.0
cdi_ca_1956_wk_prov_dbs_Part25_tables.csv,6,8,,..,False,False,False,False,False,,2,0.0
cdi_ca_1956_wk_prov_dbs_Part25_tables.csv,6,11,88,..,False,False,False,False,False,,2,0.0
cdi_ca_1956_wk_prov_dbs_Part25_tables.csv,6,30,-,..,False,False,False,False,False,,2,0.0
cdi_ca_1956_wk_prov_dbs_Part25_tables.csv,6,31,....,..,False,False,False,False,False,,2,0.5
cdi_ca_1956_wk_prov_dbs_Part25_tables.csv,6,32,....,..,False,False,False,False,False,,2,0.5
cdi_ca_1956_wk_prov_dbs_Part25_tables.csv,6,36,-,7,False,False,False,False,False,,1,0.0
cdi_ca_1956_wk_prov_dbs_Part25_tables.csv,7,15,...,..,False,False,False,False,False,,1,0.6666666666666667
cdi_ca_1956_wk_prov_dbs_Part25_tables.csv,7,16,...,..,False,False,False,False,False,,1,0.6666666666666667
cdi_ca_1956_wk_prov_dbs_Part25_tables.csv,7,28,:.,..,False,False,False,False,False,,1,0.5
cdi_ca_1956_wk_prov_dbs_Part25_tables.csv,7,32,P... 136,136,False,False,False,False,False,,5,0.375
cdi_ca_1956_wk_prov_dbs_Part25_tables.csv,8,9,-,..,False,False,False,False,False,,2,0.0
cdi_ca_1956_wk_prov_dbs_Part25_tables.csv,8,10,,..,False,False,False,False,False,,2,0.0
cdi_ca_1956_wk_prov_dbs_Part25_tables.csv,8,11,,..,False,False,False,False,False,,2,0.0
cdi_ca_1956_wk_prov_dbs_Part25_tables.csv,8,30,-,..,False,False,False,False,False,,2,0.0
cdi_ca_1956_wk_prov_dbs_Part25_tables.csv,8,31,.....,..,False,False,False,False,False,,3,0.4
cdi_ca_1956_wk_prov_dbs_Part25_tables.csv,8,32,...,..,False,False,False,False,False,,1,0.6666666666666667
cdi_ca_1956_wk_prov_dbs_Part25_tables.csv,8,36,-,9,False,False,False,False,False,,1,0.0
cdi_ca_1956_wk_prov_dbs_Part25_tables.csv,9,15,....,..,False,False,False,False,False,,2,0.5
cdi_ca_1956_wk_prov_dbs_Part25_tables.csv,9,16,....,..,False,False,False,False,False,,2,0.5
cdi_ca_1956_wk_prov_dbs_Part25_tables.csv,9,17,,..,False,False,False,False,False,,2,0.0
cdi_ca_1956_wk_prov_dbs_Part25_tables.csv,9,27,....,..,False,False,False,False,False,,2,0.5
cdi_ca_1956_wk_prov_dbs_Part25_tables.csv,9,28,...,..,False,False,False,False,False,,1,0.6666666666666667
cdi_ca_1956_wk_prov_dbs_Part25_tables.csv,9,30,....,..,False,False,False,False,False,,2,0.5
cdi_ca_1956_wk_prov_dbs_Part25_tables.csv,9,31,:..,..,False,False,False,False,False,,1,0.6666666666666667
cdi_ca_1956_wk_prov_dbs_Part25_tables.csv,9,32,... 17,17,False,False,False,False,False,,4,0.33333333333333337
cdi_ca_1956_wk_prov_dbs_Part25_tables.csv,10,36,4,11,False,False,False,False,False,,2,0.0
cdi_ca_1956_wk_prov_dbs_Part25_tables.csv,13,9,,..,False,False,False,False,False,,2,0.0
cdi_ca_1956_wk_prov_dbs_Part25_tables.csv,13,10,:,..,False,False,False,False,False,,2,0.0
cdi_ca_1956_wk_prov_dbs_Part25_tables.csv,13,11,,..,False,False,False,False,False,,2,0.0
cdi_ca_1956_wk_prov_dbs_Part25_tables.csv,13,15,...,..,False,False,False,False,False,,1,0.6666666666666667
cdi_ca_1956_wk_prov_dbs_Part25_tables.csv,13,16,...,..,False,False,False,False,False,,1,0.6666666666666667
cdi_ca_1956_wk_prov_dbs_Part25_tables.csv,13,17,,..,False,False,False,False,False,,2,0.0
cdi_ca_1956_wk_prov_dbs_Part25_tables.csv,13,27,,..,False,False,False,False,False,,2,0.0
cdi_ca_1956_wk_prov_dbs_Part25_tables.csv,13,28,:,..,False,False,False,False,False,,2,0.0
cdi_ca_1956_wk_prov_dbs_Part25_tables.csv,14,36,30,15,False,False,False,False,False,,2,0.0
cdi_ca_1956_wk_prov_dbs_Part25_tables.csv,15,31,,-,False,False,False,False,False,,1,0.0
cdi_ca_1956_wk_prov_dbs_Part25_tables.csv,15,36,-,16,False,False,False,False,False,,2,0.0
cdi_ca_1956_wk_prov_dbs_Part25_tables.csv,20,15,,..,False,False,False,False,False,,2,0.0
cdi_ca_1956_wk_prov_dbs_Part25_tables.csv,20,16,:,..,False,False,False,False,False,,2,0.0
cdi_ca_1956_wk_prov_dbs_Part25_tables.csv,20,17,,..,False,False,False,False,False,,2,0.0
cdi_ca_1956_wk_prov_dbs_Part25_tables.csv,20,30,,..,False,False,False,False,False,,2,0.0
cdi_ca_1956_wk_prov_dbs_Part25_tables.csv,20,31,....,..,False,False,False,False,False,,2,0.5
cdi_ca_1956_wk_prov_dbs_Part25_tables.csv,20,32,...,..,False,False,False,False,False,,1,0.6666666666666667
cdi_ca_1956_wk_prov_dbs_Part25_tables.csv,22,36,-,23,False,False,False,False,False,,2,0.0
cdi_ca_1956_wk_prov_dbs_Part26_tables.csv,0,15,,..,False,False,False,False,False,,2,0.0
cdi_ca_1956_wk_prov_dbs_Part26_tables.csv,0,16,...,..,False,False,False,False,False,,1,0.6666666666666667
cdi_ca_1956_wk_prov_dbs_Part26_tables.csv,0,28,...,..,False,False,False,False,False,,1,0.6666666666666667
cdi_ca_1956_wk_prov_dbs_Part26_tables.csv,0,30,...,..,False,False,False,False,False,,1,0.6666666666666667
cdi_ca_1956_wk_prov_dbs_Part26_tables.csv,0,31,,..,False,False,False,False,False,,2,0.0
cdi_ca_1956_wk_prov_dbs_Part26_tables.csv,2,15,,..,False,False,False,False,False,,2,0.0
cdi_ca_1956_wk_prov_dbs_Part26_tables.csv,2,16,,..,False,False,False,False,False,,2,0.0
cdi_ca_1956_wk_prov_dbs_Part26_tables.csv,2,17,,..,False,False,False,False,False,,2,0.0
cdi_ca_1956_wk_prov_dbs_Part26_tables.csv,2,18,,..,False,False,False,False,False,,2,0.0
cdi_ca_1956_wk_prov_dbs_Part26_tables.csv,3,15,,..,False,False,False,False,False,,2,0.0
cdi_ca_1956_wk_prov_dbs_Part26_tables.csv,3,16,,..,False,False,False,False,False,,2,0.0
cdi_ca_1956_wk_prov_dbs_Part26_tables.csv,3,17,,..,False,False,False,False,False,,2,0.0
cdi_ca_1956_wk_prov_dbs_Part26_tables.csv,3,18,,..,False,False,False,False,False,,2,0.0
cdi_ca_1956_wk_prov_dbs_Part26_tables.csv,3,19,,..,False,False,False,False,False,,2,0.0
cdi_ca_1956_wk_prov_dbs_Part26_tables.csv,3,20,,..,False,False,False,False,False,,2,0.0
cdi_ca_1956_wk_prov_dbs_Part26_tables.csv,3,30,,-,False,False,False,False,False,,1,0.0
cdi_ca_1956_wk_prov_dbs_Part26_tables.csv,3,31,,-,False,False,False,False,False,,1,0.0
cdi_ca_1956_wk_prov_dbs_Part26_tables.csv,3,32,,-,False,False,False,False,False,,1,0.0
cdi_ca_1956_wk_prov_dbs_Part26_tables.csv,3,33,,-,False,False,False,False,False,,1,0.0
cdi_ca_1956_wk_prov_dbs_Part26_tables.csv,3,34,,-,False,False,False,False,False,,1,0.0
cdi_ca_1956_wk_prov_dbs_Part26_tables.csv,3,35,,-,False,False,False,False,False,,1,0.0
cdi_ca_1956_wk_prov_dbs_Part26_tables.csv,4,15,...,..,False,False,False,False,False,,1,0.6666666666666667
cdi_ca_1956_wk_prov_dbs_Part26_tables.csv,4,16,....,..,False,False,False,False,False,,2,0.5
cdi_ca_1956_wk_prov_dbs_Part26_tables.csv,4,17,...,..,False,False,False,False,False,,1,0.6666666666666667
cdi_ca_1956_wk_prov_dbs_Part26_tables.csv,4,18,....,..,False,False,False,False,False,,2,0.5
cdi_ca_1956_wk_prov_dbs_Part26_tables.csv,5,9,-,..,False,False,False,False,False,,2,0.0
cdi_ca_1956_wk_prov_dbs_Part26_tables.csv,5,10,...,..,False,False,False,False,False,,1,0.6666666666666667
cdi_ca_1956_wk_prov_dbs_Part26_tables.csv,5,11,...,..,False,False,False,False,False,,1,0.6666666666666667
cdi_ca_1956_wk_prov_dbs_Part26_tables.csv,5,18,-,..,False,False,False,False,False,,2,0.0
cdi_ca_1956_wk_prov_dbs_Part26_tables.csv,5,19,....,..,False,False,False,False,False,,2,0.5
cdi_ca_1956_wk_prov_dbs_Part26_tables.csv,5,20,9.8,..,False,False,False,False,False,,2,0.33333333333333337
cdi_ca_1956_wk_prov_dbs_Part26_tables.csv,5,21,...,..,False,False,False,False,False,,1,0.6666666666666667
cdi_ca_1956_wk_prov_dbs_Part26_tables.csv,5,22,..A,..,False,False,False,False,False,,1,0.6666666666666667
cdi_ca_1956_wk_prov_dbs_Part26_tables.csv,5,23,P...,..,False,False,False,False,False,,2,0.5
cdi_ca_1956_wk_prov_dbs_Part26_tables.csv,5,36,-,6,False,False,False,False,False,,1,0.0
cdi_ca_1956_wk_prov_dbs_Part26_tables.csv,6,6,"8,814",..,False,False,False,False,False,,5,0.0
cdi_ca_1956_wk_prov_dbs_Part26_tables.csv,6,11,140,..,False,False,False,False,False,,3,0.0
cdi_ca_1956_wk_prov_dbs_Part26_tables.csv,6,30,-,..,False,False,False,False,False,,2,0.0
cdi_ca_1956_wk_prov_dbs_Part26_tables.csv,6,31,,..,False,False,False,False,False,,2,0.0
cdi_ca_1956_wk_prov_dbs_Part26_tables.csv,6,32,,..,False,False,False,False,False,,2,0.0
cdi_ca_1956_wk_prov_dbs_Part26_tables.csv,6,33,,-,False,False,False,False,False,,1,0.0
cdi_ca_1956_wk_prov_dbs_Part26_tables.csv,6,34,I,-,False,False,False,False,False,,1,0.0
cdi_ca_1956_wk_prov_dbs_Part26_tables.csv,6,36,3,7,False,False,False,False,False,,1,0.0
cdi_ca_1956_wk_prov_dbs_Part26_tables.csv,7,15,...,..,False,False,False,False,False,,1,0.6666666666666667
cdi_ca_1956_wk_prov_dbs_Part26_tables.csv,7,16,R.9.,..,False,False,False,False,False,,2,0.5
cdi_ca_1956_wk_prov_dbs_Part26_tables.csv,7,27,,..,False,False,False,False,False,,2,0.0
cdi_ca_1956_wk_prov_dbs_Part26_tables.csv,7,28,a.e.,..,False,False,False,False,False,,2,0.5
cdi_ca_1956_wk_prov_dbs_Part26_tables.csv,8,30,-,..,False,False,False,False,False,,2,0.0
cdi_ca_1956_wk_prov_dbs_Part26_tables.csv,8,31,..A,..,False,False,False,False,False,,1,0.6666666666666667
cdi_ca_1956_wk_prov_dbs_Part26_tables.csv,8,32,,..,False,False,False,False,False,,2,0.0
cdi_ca_1956_wk_prov_dbs_Part26_tables.csv,8,35,3,-,False,False,False,False,False,,1,0.0
cdi_ca_1956_wk_prov_dbs_Part26_tables.csv,8,36,1,9,False,False,False,False,False,,1,0.0
cdi_ca_1956_wk_prov_dbs_Part26_tables.csv,9,15,,..,False,False,False,False,False,,2,0.0
cdi_ca_1956_wk_prov_dbs_Part26_tables.csv,9,16,,..,False,False,False,False,False,,2,0.0
cdi_ca_1956_wk_prov_dbs_Part26_tables.csv,9,17,,..,False,False,False,False,False,,2,0.0
cdi_ca_1956_wk_prov_dbs_Part26_tables.csv,9,27,...,..,False,False,False,False,False,,1,0.6666666666666667
cdi_ca_1956_wk_prov_dbs_Part26_tables.csv,9,28,....,..,False,False,False,False,False,,2,0.5
cdi_ca_1956_wk_prov_dbs_Part26_tables.csv,9,30,9.8,..,False,False,False,False,False,,2,0.33333333333333337
cdi_ca_1956_wk_prov_dbs_Part26_tables.csv,9,31,...,..,False,False,False,False,False,,1,0.6666666666666667
cdi_ca_1956_wk_prov_dbs_Part26_tables.csv,10,14,,-,False,False,False,False,False,,1,0.0
cdi_ca_1956_wk_prov_dbs_Part26_tables.csv,10,15,MP.,-,False,False,False,False,False,,3,0.0
cdi_ca_1956_wk_prov_dbs_Part26_tables.csv,10,22,1,-,False,False,False,False,False,,1,0.0
cdi_ca_1956_wk_prov_dbs_Part26_tables.csv,10,36,4,11,False,False,False,False,False,,2,0.0
cdi_ca_1956_wk_prov_dbs_Part26_tables.csv,11,15,,-,False,False,False,False,False,,1,0.0
cdi_ca_1956_wk_prov_dbs_Part26_tables.csv,11,26,,-,False,False,False,False,False,,1,0.0
cdi_ca_1956_wk_prov_dbs_Part26_tables.csv,12,31,,-,False,False,False,False,False,,1,0.0
cdi_ca_1956_wk_prov_dbs_Part26_tables.csv,12,32,,-,False,False,False,False,False,,1,0.0
cdi_ca_1956_wk_prov_dbs_Part26_tables.csv,12,33,,-,False,False,False,False,False,,1,0.0
cdi_ca_1956_wk_prov_dbs_Part26_tables.csv,12,34,,-,False,False,False,False,False,,1,0.0
cdi_ca_1956_wk_prov_dbs_Part26_tables.csv,13,9,R.P.,..,False,False,False,False,False,,2,0.5
cdi_ca_1956_wk_prov_dbs_Part26_tables.csv,13,10,....,..,False,False,False,False,False,,2,0.5
cdi_ca_1956_wk_prov_dbs_Part26_tables.csv,13,11,,..,False,False,False,False,False,,2,0.0
cdi_ca_1956_wk_prov_dbs_Part26_tables.csv,13,15,A.A,..,False,False,False,False,False,,2,0.33333333333333337
cdi_ca_1956_wk_prov_dbs_Part26_tables.csv,13,16,,..,False,False,False,False,False,,2,0.0
cdi_ca_1956_wk_prov_dbs_Part26_tables.csv,13,17,,..,False,False,False,False,False,,2,0.0
cdi_ca_1956_wk_prov_dbs_Part26_tables.csv,13,27,,..,False,False,False,False,False,,2,0.0
cdi_ca_1956_wk_prov_dbs_Part26_tables.csv,13,28,A.P.,..,False,False,False,False,False,,2,0.5
cdi_ca_1956_wk_prov_dbs_Part26_tables.csv,13,29,- 2,2,False,False,False,False,False,,2,0.33333333333333337
cdi_ca_1956_wk_prov_dbs_Part26_tables.csv,14,36,21,15,False,False,False,False,False,,2,0.0
cdi_ca_1956_wk_prov_dbs_Part26_tables.csv,20,15,..A,..,False,False,False,False,False,,1,0.6666666666666667
cdi_ca_1956_wk_prov_dbs_Part26_tables.csv,20,16,,..,False,False,False,False,False,,2,0.0
cdi_ca_1956_wk_prov_dbs_Part26_tables.csv,20,17,,..,False,False,False,False,False,,2,0.0
cdi_ca_1956_wk_prov_dbs_Part26_tables.csv,20,18,,..,False,False,False,False,False,,2,0.0
cdi_ca_1956_wk_prov_dbs_Part26_tables.csv,20,30,,..,False,False,False,False,False,,2,0.0
cdi_ca_1956_wk_prov_dbs_Part26_tables.csv,20,31,....,..,False,False,False,False,False,,2,0.5
cdi_ca_1956_wk_prov_dbs_Part26_tables.csv,20,32,,..,False,False,False,False,False,,2,0.0
cdi_ca_1956_wk_prov_dbs_Part26_tables.csv,22,2,2,5,False,False,False,False,False,,1,0.0
cdi_ca_1956_wk_prov_dbs_Part26_tables.csv,22,35,,-,False,False,False,False,False,,1,0.0
cdi_ca_1956_wk_prov_dbs_Part26_tables.csv,22,36,*,23,False,False,False,False,False,,2,0.0
cdi_ca_1956_wk_prov_dbs_Part26_tables.csv,27,29,5.,5,False,False,False,False,False,,1,0.5
cdi_ca_1956_wk_prov_dbs_Part27_tables.csv,0,0,1,255,False,False,False,False,False,,3,0.0
cdi_ca_1956_wk_prov_dbs_Part27_tables.csv,0,1,2,377,False,False,False,False,False,,3,0.0
cdi_ca_1956_wk_prov_dbs_Part27_tables.csv,0,2,1,455,False,False,False,False,False,,3,0.0
cdi_ca_1956_wk_prov_dbs_Part27_tables.csv,0,3,51,25121,False,False,False,False,False,,3,0.4
cdi_ca_1956_wk_prov_dbs_Part27_tables.csv,0,4,54,23296,False,False,False,False,False,,5,0.0
cdi_ca_1956_wk_prov_dbs_Part27_tables.csv,0,5,81,29949,False,False,False,False,False,,5,0.0
cdi_ca_1956_wk_prov_dbs_Part27_tables.csv,0,6,-,2,False,False,False,False,False,,1,0.0
cdi_ca_1956_wk_prov_dbs_Part27_tables.csv,0,7,-,1,False,False,False,False,False,,1,0.0
cdi_ca_1956_wk_prov_dbs_Part27_tables.csv,0,8,-,3,False,False,False,False,False,,1,0.0
cdi_ca_1956_wk_prov_dbs_Part27_tables.csv,0,9,-,1,False,False,False,False,False,,1,0.0
cdi_ca_1956_wk_prov_dbs_Part27_tables.csv,0,10,-,8,False,False,False,False,False,,1,0.0
cdi_ca_1956_wk_prov_dbs_Part27_tables.csv,0,11,-,3,False,False,False,False,False,,1,0.0
cdi_ca_1956_wk_prov_dbs_Part27_tables.csv,0,12,-,13,False,False,False,False,False,,2,0.0
cdi_ca_1956_wk_prov_dbs_Part27_tables.csv,0,13,-,23,False,False,False,False,False,,2,0.0
cdi_ca_1956_wk_prov_dbs_Part27_tables.csv,0,14,-,31,False,False,False,False,False,,2,0.0
cdi_ca_1956_wk_prov_dbs_Part27_tables.csv,0,15,-,..,False,False,False,False,False,,2,0.0
cdi_ca_1956_wk_prov_dbs_Part27_tables.csv,0,16,-,..,False,False,False,False,False,,2,0.0
cdi_ca_1956_wk_prov_dbs_Part27_tables.csv,0,17,-,..,False,False,False,False,False,,2,0.0
cdi_ca_1956_wk_prov_dbs_Part27_tables.csv,0,18,1,22,False,False,False,False,False,,2,0.0
cdi_ca_1956_wk_prov_dbs_Part27_tables.csv,0,19,1,33,False,False,False,False,False,,2,0.0
cdi_ca_1956_wk_prov_dbs_Part27_tables.csv,0,20,-,55,False,False,False,False,False,,2,0.0
cdi_ca_1956_wk_prov_dbs_Part27_tables.csv,0,21,-,139,False,False,False,False,False,,3,0.0
cdi_ca_1956_wk_prov_dbs_Part27_tables.csv,0,22,-,205,False,False,False,False,False,,3,0.0
cdi_ca_1956_wk_prov_dbs_Part27_tables.csv,0,23,-,192,False,False,False,False,False,,3,0.0
cdi_ca_1956_wk_prov_dbs_Part27_tables.csv,0,24,-,10,False,False,False,False,False,,2,0.0
cdi_ca_1956_wk_prov_dbs_Part27_tables.csv,0,25,-,20,False,False,False,False,False,,2,0.0
cdi_ca_1956_wk_prov_dbs_Part27_tables.csv,0,26,-,20,False,False,False,False,False,,2,0.0
cdi_ca_1956_wk_prov_dbs_Part27_tables.csv,0,27,-,..,False,False,False,False,False,,2,0.0
cdi_ca_1956_wk_prov_dbs_Part27_tables.csv,0,29,-,22,False,False,False,False,False,,2,0.0
cdi_ca_1956_wk_prov_dbs_Part27_tables.csv,0,30,-,..,False,False,False,False,False,,2,0.0
cdi_ca_1956_wk_prov_dbs_Part27_tables.csv,0,31,-,..,False,False,False,False,False,,2,0.0
cdi_ca_1956_wk_prov_dbs_Part27_tables.csv,0,32,-,26,False,False,False,False,False,,2,0.0
cdi_ca_1956_wk_prov_dbs_Part27_tables.csv,0,33,-,68,False,False,False,False,False,,2,0.0
cdi_ca_1956_wk_prov_dbs_Part27_tables.csv,0,34,-,86,False,False,False,False,False,,2,0.0
cdi_ca_1956_wk_prov_dbs_Part27_tables.csv,0,35,-,52,False,False,False,False,False,,2,0.0
cdi_ca_1956_wk_prov_dbs_Part27_tables.csv,0,36,2,1,False,False,False,False,False,,1,0.0
cdi_ca_1956_wk_prov_dbs_Part27_tables.csv,1,0,6,1,False,False,False,False,False,,1,0.0
cdi_ca_1956_wk_prov_dbs_Part27_tables.csv,1,1,8,2,False,False,False,False,False,,1,0.0
cdi_ca_1956_wk_prov_dbs_Part27_tables.csv,1,2,11,1,False,False,False,False,False,,1,0.5
cdi_ca_1956_wk_prov_dbs_Part27_tables.csv,1,3,314,51,False,False,False,False,False,,2,0.33333333333333337
cdi_ca_1956_wk_prov_dbs_Part27_tables.csv,1,4,295,54,False,False,False,False,False,,3,0.0
cdi_ca_1956_wk_prov_dbs_Part27_tables.csv,1,5,295,81,False,False,False,False,False,,3,0.0
cdi_ca_1956_wk_prov_dbs_Part27_tables.csv,1,15,: .,-,False,False,False,False,False,,3,0.0
cdi_ca_1956_wk_prov_dbs_Part27_tables.csv,1,16,:,-,False,False,False,False,False,,1,0.0
cdi_ca_1956_wk_prov_dbs_Part27_tables.csv,1,17,:.,-,False,False,False,False,False,,2,0.0
cdi_ca_1956_wk_prov_dbs_Part27_tables.csv,1,18,:.,1,False,False,False,False,False,,2,0.0
cdi_ca_1956_wk_prov_dbs_Part27_tables.csv,1,20,1,-,False,False,False,False,False,,1,0.0
cdi_ca_1956_wk_prov_dbs_Part27_tables.csv,1,28,-,1,False,False,False,False,False,,1,0.0
cdi_ca_1956_wk_prov_dbs_Part27_tables.csv,1,33,3,-,False,False,False,False,False,,1,0.0
cdi_ca_1956_wk_prov_dbs_Part27_tables.csv,1,34,8,-,False,False,False,False,False,,1,0.0
cdi_ca_1956_wk_prov_dbs_Part27_tables.csv,1,35,3,-,False,False,False,False,False,,1,0.0
cdi_ca_1956_wk_prov_dbs_Part27_tables.csv,1,36,3,2,False,False,False,False,False,,1,0.0
cdi_ca_1956_wk_prov_dbs_Part27_tables.csv,2,0,-,6,False,False,False,False,False,,1,0.0
cdi_ca_1956_wk_prov_dbs_Part27_tables.csv,2,1,-,8,False,False,False,False,False,,1,0.0
cdi_ca_1956_wk_prov_dbs_Part27_tables.csv,2,2,-,11,False,False,False,False,False,,2,0.0
cdi_ca_1956_wk_prov_dbs_Part27_tables.csv,2,3,-,314,False,False,False,False,False,,3,0.0
cdi_ca_1956_wk_prov_dbs_Part27_tables.csv,2,4,2,295,False,False,False,False,False,,2,0.33333333333333337
cdi_ca_1956_wk_prov_dbs_Part27_tables.csv,2,5,6,295,False,False,False,False,False,,3,0.0
cdi_ca_1956_wk_prov_dbs_Part27_tables.csv,2,15,: .,..,False,False,False,False,False,,2,0.33333333333333337
cdi_ca_1956_wk_prov_dbs_Part27_tables.csv,2,16,:,..,False,False,False,False,False,,2,0.0
cdi_ca_1956_wk_prov_dbs_Part27_tables.csv,2,17,:.,..,False,False,False,False,False,,1,0.5
cdi_ca_1956_wk_prov_dbs_Part27_tables.csv,2,18,:.,..,False,False,False,False,False,,1,0.5
cdi_ca_1956_wk_prov_dbs_Part27_tables.csv,2,19,:.,..,False,False,False,False,False,,1,0.5
cdi_ca_1956_wk_prov_dbs_Part27_tables.csv,2,20,:.,1,False,False,False,False,False,,2,0.0
cdi_ca_1956_wk_prov_dbs_Part27_tables.csv,2,21,-,2,False,False,False,False,False,,1,0.0
cdi_ca_1956_wk_prov_dbs_Part27_tables.csv,2,30,-,1,False,False,False,False,False,,1,0.0
cdi_ca_1956_wk_prov_dbs_Part27_tables.csv,2,33,-,3,False,False,False,False,False,,1,0.0
cdi_ca_1956_wk_prov_dbs_Part27_tables.csv,2,34,-,8,False,False,False,False,False,,1,0.0
cdi_ca_1956_wk_prov_dbs_Part27_tables.csv,2,35,-,3,False,False,False,False,False,,1,0.0
cdi_ca_1956_wk_prov_dbs_Part27_tables.csv,2,36,4,3,False,False,False,False,False,,1,0.0
cdi_ca_1956_wk_prov_dbs_Part27_tables.csv,3,0,6,-,False,False,False,False,False,,1,0.0
cdi_ca_1956_wk_prov_dbs_Part27_tables.csv,3,1,8,-,False,False,False,False,False,,1,0.0
cdi_ca_1956_wk_prov_dbs_Part27_tables.csv,3,2,11,-,False,False,False,False,False,,2,0.0
cdi_ca_1956_wk_prov_dbs_Part27_tables.csv,3,3,314,-,False,False,False,False,False,,3,0.0
cdi_ca_1956_wk_prov_dbs_Part27_tables.csv,3,4,293,2,False,False,False,False,False,,2,0.33333333333333337
cdi_ca_1956_wk_prov_dbs_Part27_tables.csv,3,5,293,6,False,False,False,False,False,,3,0.0
cdi_ca_1956_wk_prov_dbs_Part27_tables.csv,3,16,:,..,False,False,False,False,False,,2,0.0
cdi_ca_1956_wk_prov_dbs_Part27_tables.csv,3,17,:.,..,False,False,False,False,False,,1,0.5
cdi_ca_1956_wk_prov_dbs_Part27_tables.csv,3,18,: .,..,False,False,False,False,False,,2,0.33333333333333337
cdi_ca_1956_wk_prov_dbs_Part27_tables.csv,3,19,:.,..,False,False,False,False,False,,1,0.5
cdi_ca_1956_wk_prov_dbs_Part27_tables.csv,3,20,1,..,False,False,False,False,False,,2,0.0
cdi_ca_1956_wk_prov_dbs_Part27_tables.csv,3,33,3,-,False,False,False,False,False,,1,0.0
cdi_ca_1956_wk_prov_dbs_Part27_tables.csv,3,34,8,-,False,False,False,False,False,,1,0.0
cdi_ca_1956_wk_prov_dbs_Part27_tables.csv,3,35,2,-,False,False,False,False,False,,1,0.0
cdi_ca_1956_wk_prov_dbs_Part27_tables.csv,3,36,5,4,False,False,False,False,False,,1,0.0
cdi_ca_1956_wk_prov_dbs_Part27_tables.csv,4,0,-,6,False,False,False,False,False,,1,0.0
cdi_ca_1956_wk_prov_dbs_Part27_tables.csv,4,1,1,8,False,False,False,False,False,,1,0.0
cdi_ca_1956_wk_prov_dbs_Part27_tables.csv,4,2,1,11,False,False,False,False,False,,1,0.5
cdi_ca_1956_wk_prov_dbs_Part27_tables.csv,4,3,10,314,False,False,False,False,False,,2,0.33333333333333337
cdi_ca_1956_wk_prov_dbs_Part27_tables.csv,4,4,13,293,False,False,False,False,False,,2,0.33333333333333337
cdi_ca_1956_wk_prov_dbs_Part27_tables.csv,4,5,17,293,False,False,False,False,False,,3,0.0
cdi_ca_1956_wk_prov_dbs_Part27_tables.csv,4,9,...,-,False,False,False,False,False,,3,0.0
cdi_ca_1956_wk_prov_dbs_Part27_tables.csv,4,10,...,-,False,False,False,False,False,,3,0.0
cdi_ca_1956_wk_prov_dbs_Part27_tables.csv,4,15,-,..,False,False,False,False,False,,2,0.0
cdi_ca_1956_wk_prov_dbs_Part27_tables.csv,4,16,-,..,False,False,False,False,False,,2,0.0
cdi_ca_1956_wk_prov_dbs_Part27_tables.csv,4,17,-,..,False,False,False,False,False,,2,0.0
cdi_ca_1956_wk_prov_dbs_Part27_tables.csv,4,20,:.,1,False,False,False,False,False,,2,0.0
cdi_ca_1956_wk_prov_dbs_Part27_tables.csv,4,21,...,2,False,False,False,False,False,,3,0.0
cdi_ca_1956_wk_prov_dbs_Part27_tables.csv,4,22,:,-,False,False,False,False,False,,1,0.0
cdi_ca_1956_wk_prov_dbs_Part27_tables.csv,4,30,-,1,False,False,False,False,False,,1,0.0
cdi_ca_1956_wk_prov_dbs_Part27_tables.csv,4,33,-,3,False,False,False,False,False,,1,0.0
cdi_ca_1956_wk_prov_dbs_Part27_tables.csv,4,34,-,8,False,False,False,False,False,,1,0.0
cdi_ca_1956_wk_prov_dbs_Part27_tables.csv,4,35,-,2,False,False,False,False,False,,1,0.0
cdi_ca_1956_wk_prov_dbs_Part27_tables.csv,4,36,6,5,False,False,False,False,False,,1,0.0
cdi_ca_1956_wk_prov_dbs_Part27_tables.csv,5,0, infectious,-,False,False,False,False,False,,11,0.0
cdi_ca_1956_wk_prov_dbs_Part27_tables.csv,5,1,139,1,False,False,False,False,False,,2,0.33333333333333337
cdi_ca_1956_wk_prov_dbs_Part27_tables.csv,5,2,134,1,False,False,False,False,False,,2,0.33333333333333337
cdi_ca_1956_wk_prov_dbs_Part27_tables.csv,5,3,45,10,False,False,False,False,False,,2,0.0
cdi_ca_1956_wk_prov_dbs_Part27_tables.csv,5,4,"8,042",13,False,False,False,False,False,,5,0.0
cdi_ca_1956_wk_prov_dbs_Part27_tables.csv,5,5,"36,096",17,False,False,False,False,False,,6,0.0
cdi_ca_1956_wk_prov_dbs_Part27_tables.csv,5,6,"8,855",-,False,False,False,False,False,,5,0.0
cdi_ca_1956_wk_prov_dbs_Part27_tables.csv,5,7,...,-,False,False,False,False,False,,3,0.0
cdi_ca_1956_wk_prov_dbs_Part27_tables.csv,5,8,...,-,False,False,False,False,False,,3,0.0
cdi_ca_1956_wk_prov_dbs_Part27_tables.csv,5,9,...,..,False,False,False,False,False,,1,0.6666666666666667
cdi_ca_1956_wk_prov_dbs_Part27_tables.csv,5,10,90,..,False,False,False,False,False,,2,0.0
cdi_ca_1956_wk_prov_dbs_Part27_tables.csv,5,11,97,..,False,False,False,False,False,,2,0.0
cdi_ca_1956_wk_prov_dbs_Part27_tables.csv,5,12,...,-,False,False,False,False,False,,3,0.0
cdi_ca_1956_wk_prov_dbs_Part27_tables.csv,5,13,43,-,False,False,False,False,False,,2,0.0
cdi_ca_1956_wk_prov_dbs_Part27_tables.csv,5,14,35,-,False,False,False,False,False,,2,0.0
cdi_ca_1956_wk_prov_dbs_Part27_tables.csv,5,18,-,..,False,False,False,False,False,,2,0.0
cdi_ca_1956_wk_prov_dbs_Part27_tables.csv,5,19,-,..,False,False,False,False,False,,2,0.0
cdi_ca_1956_wk_prov_dbs_Part27_tables.csv,5,20,-,..,False,False,False,False,False,,2,0.0
cdi_ca_1956_wk_prov_dbs_Part27_tables.csv,5,21,-,..,False,False,False,False,False,,2,0.0
cdi_ca_1956_wk_prov_dbs_Part27_tables.csv,5,22,1,..,False,False,False,False,False,,2,0.0
cdi_ca_1956_wk_prov_dbs_Part27_tables.csv,5,23,1,..,False,False,False,False,False,,2,0.0
cdi_ca_1956_wk_prov_dbs_Part27_tables.csv,5,26,1,-,False,False,False,False,False,,1,0.0
cdi_ca_1956_wk_prov_dbs_Part27_tables.csv,5,28,-,1,False,False,False,False,False,,1,0.0
cdi_ca_1956_wk_prov_dbs_Part27_tables.csv,5,31,,-,False,False,False,False,False,,1,0.0
cdi_ca_1956_wk_prov_dbs_Part27_tables.csv,5,32,,-,False,False,False,False,False,,1,0.0
cdi_ca_1956_wk_prov_dbs_Part27_tables.csv,5,33,:,-,False,False,False,False,False,,1,0.0
cdi_ca_1956_wk_prov_dbs_Part27_tables.csv,5,36,4,6,False,False,False,False,False,,1,0.0
cdi_ca_1956_wk_prov_dbs_Part27_tables.csv,6,0, epidemic,139,False,False,False,False,False,,9,0.0
cdi_ca_1956_wk_prov_dbs_Part27_tables.csv,6,1,489,134,False,False,False,False,False,,3,0.0
cdi_ca_1956_wk_prov_dbs_Part27_tables.csv,6,2,698,45,False,False,False,False,False,,3,0.0
cdi_ca_1956_wk_prov_dbs_Part27_tables.csv,6,3,793,8042,False,False,False,False,False,,4,0.0
cdi_ca_1956_wk_prov_dbs_Part27_tables.csv,6,4,"38,511",36096,False,False,False,False,False,,5,0.16666666666666663
cdi_ca_1956_wk_prov_dbs_Part27_tables.csv,6,5,"41,140",8855,False,False,False,False,False,,6,0.0
cdi_ca_1956_wk_prov_dbs_Part27_tables.csv,6,6,"44,369",..,False,False,False,False,False,,6,0.0
cdi_ca_1956_wk_prov_dbs_Part27_tables.csv,6,7,3,..,False,False,False,False,False,,2,0.0
cdi_ca_1956_wk_prov_dbs_Part27_tables.csv,6,8,2,..,False,False,False,False,False,,2,0.0
cdi_ca_1956_wk_prov_dbs_Part27_tables.csv,6,9,3,90,False,False,False,False,False,,2,0.0
cdi_ca_1956_wk_prov_dbs_Part27_tables.csv,6,10,23,97,False,False,False,False,False,,2,0.0
cdi_ca_1956_wk_prov_dbs_Part27_tables.csv,6,11,19,..,False,False,False,False,False,,2,0.0
cdi_ca_1956_wk_prov_dbs_Part27_tables.csv,6,12,8,43,False,False,False,False,False,,2,0.0
cdi_ca_1956_wk_prov_dbs_Part27_tables.csv,6,13,19,35,False,False,False,False,False,,2,0.0
cdi_ca_1956_wk_prov_dbs_Part27_tables.csv,6,14,18,25,False,False,False,False,False,,2,0.0
cdi_ca_1956_wk_prov_dbs_Part27_tables.csv,6,15,10,-,False,False,False,False,False,,2,0.0
cdi_ca_1956_wk_prov_dbs_Part27_tables.csv,6,16,....,-,False,False,False,False,False,,4,0.0
cdi_ca_1956_wk_prov_dbs_Part27_tables.csv,6,17,..A,-,False,False,False,False,False,,3,0.0
cdi_ca_1956_wk_prov_dbs_Part27_tables.csv,6,18,2,-,False,False,False,False,False,,1,0.0
cdi_ca_1956_wk_prov_dbs_Part27_tables.csv,6,19,97,-,False,False,False,False,False,,2,0.0
cdi_ca_1956_wk_prov_dbs_Part27_tables.csv,6,20,141,-,False,False,False,False,False,,3,0.0
cdi_ca_1956_wk_prov_dbs_Part27_tables.csv,6,21,160,1,False,False,False,False,False,,2,0.33333333333333337
cdi_ca_1956_wk_prov_dbs_Part27_tables.csv,6,22,281,1,False,False,False,False,False,,2,0.33333333333333337
cdi_ca_1956_wk_prov_dbs_Part27_tables.csv,6,23,452,-,False,False,False,False,False,,3,0.0
cdi_ca_1956_wk_prov_dbs_Part27_tables.csv,6,24,242,-,False,False,False,False,False,,3,0.0
cdi_ca_1956_wk_prov_dbs_Part27_tables.csv,6,25,22,1,False,False,False,False,False,,2,0.0
cdi_ca_1956_wk_prov_dbs_Part27_tables.csv,6,26,14,6,False,False,False,False,False,,2,0.0
cdi_ca_1956_wk_prov_dbs_Part27_tables.csv,6,27,30,-,False,False,False,False,False,,2,0.0
cdi_ca_1956_wk_prov_dbs_Part27_tables.csv,6,28,:,-,False,False,False,False,False,,1,0.0
cdi_ca_1956_wk_prov_dbs_Part27_tables.csv,6,29,:,-,False,False,False,False,False,,1,0.0
cdi_ca_1956_wk_prov_dbs_Part27_tables.csv,6,30,10,..,False,False,False,False,False,,2,0.0
cdi_ca_1956_wk_prov_dbs_Part27_tables.csv,6,31,18,..,False,False,False,False,False,,2,0.0
cdi_ca_1956_wk_prov_dbs_Part27_tables.csv,6,32,25,..,False,False,False,False,False,,2,0.0
cdi_ca_1956_wk_prov_dbs_Part27_tables.csv,6,33,62,5,False,False,False,False,False,,2,0.0
cdi_ca_1956_wk_prov_dbs_Part27_tables.csv,6,34,26,-,False,False,False,False,False,,2,0.0
cdi_ca_1956_wk_prov_dbs_Part27_tables.csv,6,35,27,4,False,False,False,False,False,,2,0.0
cdi_ca_1956_wk_prov_dbs_Part27_tables.csv,6,36,115,7,False,False,False,False,False,,3,0.0
cdi_ca_1956_wk_prov_dbs_Part27_tables.csv,7,0,1,489,False,False,False,False,False,,3,0.0
cdi_ca_1956_wk_prov_dbs_Part27_tables.csv,7,1,5,698,False,False,False,False,False,,3,0.0
cdi_ca_1956_wk_prov_dbs_Part27_tables.csv,7,2,7,793,False,False,False,False,False,,2,0.33333333333333337
cdi_ca_1956_wk_prov_dbs_Part27_tables.csv,7,3,172,38511,False,False,False,False,False,,5,0.0
cdi_ca_1956_wk_prov_dbs_Part27_tables.csv,7,4,172,41140,False,False,False,False,False,,4,0.19999999999999996
cdi_ca_1956_wk_prov_dbs_Part27_tables.csv,7,5,164,44369,False,False,False,False,False,,4,0.19999999999999996
cdi_ca_1956_wk_prov_dbs_Part27_tables.csv,7,6,-,3,False,False,False,False,False,,1,0.0
cdi_ca_1956_wk_prov_dbs_Part27_tables.csv,7,7,-,2,False,False,False,False,False,,1,0.0
cdi_ca_1956_wk_prov_dbs_Part27_tables.csv,7,8,-,3,False,False,False,False,False,,1,0.0
cdi_ca_1956_wk_prov_dbs_Part27_tables.csv,7,9,...,23,False,False,False,False,False,,3,0.0
cdi_ca_1956_wk_prov_dbs_Part27_tables.csv,7,10,...,19,False,False,False,False,False,,3,0.0
cdi_ca_1956_wk_prov_dbs_Part27_tables.csv,7,11,...,8,False,False,False,False,False,,3,0.0
cdi_ca_1956_wk_prov_dbs_Part27_tables.csv,7,12,-,19,False,False,False,False,False,,2,0.0
cdi_ca_1956_wk_prov_dbs_Part27_tables.csv,7,13,1,18,False,False,False,False,False,,1,0.5
cdi_ca_1956_wk_prov_dbs_Part27_tables.csv,7,14,-,10,False,False,False,False,False,,2,0.0
cdi_ca_1956_wk_prov_dbs_Part27_tables.csv,7,15,-,..,False,False,False,False,False,,2,0.0
cdi_ca_1956_wk_prov_dbs_Part27_tables.csv,7,16,-,..,False,False,False,False,False,,2,0.0
cdi_ca_1956_wk_prov_dbs_Part27_tables.csv,7,17,-,2,False,False,False,False,False,,1,0.0
cdi_ca_1956_wk_prov_dbs_Part27_tables.csv,7,18,-,97,False,False,False,False,False,,2,0.0
cdi_ca_1956_wk_prov_dbs_Part27_tables.csv,7,19,-,141,False,False,False,False,False,,3,0.0
cdi_ca_1956_wk_prov_dbs_Part27_tables.csv,7,20,1,160,False,False,False,False,False,,2,0.33333333333333337
cdi_ca_1956_wk_prov_dbs_Part27_tables.csv,7,21,-,281,False,False,False,False,False,,3,0.0
cdi_ca_1956_wk_prov_dbs_Part27_tables.csv,7,22,2,452,False,False,False,False,False,,2,0.33333333333333337
cdi_ca_1956_wk_prov_dbs_Part27_tables.csv,7,23,2,242,False,False,False,False,False,,2,0.33333333333333337
cdi_ca_1956_wk_prov_dbs_Part27_tables.csv,7,24,-,22,False,False,False,False,False,,2,0.0
cdi_ca_1956_wk_prov_dbs_Part27_tables.csv,7,25,-,14,False,False,False,False,False,,2,0.0
cdi_ca_1956_wk_prov_dbs_Part27_tables.csv,7,26,-,30,False,False,False,False,False,,2,0.0
cdi_ca_1956_wk_prov_dbs_Part27_tables.csv,7,27,-,..,False,False,False,False,False,,2,0.0
cdi_ca_1956_wk_prov_dbs_Part27_tables.csv,7,28,-,..,False,False,False,False,False,,2,0.0
cdi_ca_1956_wk_prov_dbs_Part27_tables.csv,7,29,-,10,False,False,False,False,False,,2,0.0
cdi_ca_1956_wk_prov_dbs_Part27_tables.csv,7,30,,18,False,False,False,False,False,,2,0.0
cdi_ca_1956_wk_prov_dbs_Part27_tables.csv,7,31,:,25,False,False,False,False,False,,2,0.0
cdi_ca_1956_wk_prov_dbs_Part27_tables.csv,7,32,:,62,False,False,False,False,False,,2,0.0
cdi_ca_1956_wk_prov_dbs_Part27_tables.csv,7,33,1,26,False,False,False,False,False,,2,0.0
cdi_ca_1956_wk_prov_dbs_Part27_tables.csv,7,34,2,27,False,False,False,False,False,,1,0.5
cdi_ca_1956_wk_prov_dbs_Part27_tables.csv,7,35,-,115,False,False,False,False,False,,3,0.0
cdi_ca_1956_wk_prov_dbs_Part27_tables.csv,7,36,9,8,False,False,False,False,False,,1,0.0
cdi_ca_1956_wk_prov_dbs_Part27_tables.csv,8,0, meningococcal,1,False,False,False,False,False,,14,0.0
cdi_ca_1956_wk_prov_dbs_Part27_tables.csv,8,1,186,5,False,False,False,False,False,,3,0.0
cdi_ca_1956_wk_prov_dbs_Part27_tables.csv,8,2,295,7,False,False,False,False,False,,3,0.0
cdi_ca_1956_wk_prov_dbs_Part27_tables.csv,8,3,263,172,False,False,False,False,False,,3,0.0
cdi_ca_1956_wk_prov_dbs_Part27_tables.csv,8,4,"20,572",172,False,False,False,False,False,,4,0.33333333333333337
cdi_ca_1956_wk_prov_dbs_Part27_tables.csv,8,5,"18,909",164,False,False,False,False,False,,5,0.16666666666666663
cdi_ca_1956_wk_prov_dbs_Part27_tables.csv,8,9,4.,..,False,False,False,False,False,,1,0.5
cdi_ca_1956_wk_prov_dbs_Part27_tables.csv,8,10,13,..,False,False,False,False,False,,2,0.0
cdi_ca_1956_wk_prov_dbs_Part27_tables.csv,8,11,10,..,False,False,False,False,False,,2,0.0
cdi_ca_1956_wk_prov_dbs_Part27_tables.csv,8,12,1,-,False,False,False,False,False,,1,0.0
cdi_ca_1956_wk_prov_dbs_Part27_tables.csv,8,15,9,-,False,False,False,False,False,,1,0.0
cdi_ca_1956_wk_prov_dbs_Part27_tables.csv,8,16,...,-,False,False,False,False,False,,3,0.0
cdi_ca_1956_wk_prov_dbs_Part27_tables.csv,8,17,..,-,False,False,False,False,False,,2,0.0
cdi_ca_1956_wk_prov_dbs_Part27_tables.csv,8,18,...,-,False,False,False,False,False,,3,0.0
cdi_ca_1956_wk_prov_dbs_Part27_tables.csv,8,19,33,-,False,False,False,False,False,,2,0.0
cdi_ca_1956_wk_prov_dbs_Part27_tables.csv,8,20,23,1,False,False,False,False,False,,2,0.0
cdi_ca_1956_wk_prov_dbs_Part27_tables.csv,8,21,29,-,False,False,False,False,False,,2,0.0
cdi_ca_1956_wk_prov_dbs_Part27_tables.csv,8,22,88,2,False,False,False,False,False,,2,0.0
cdi_ca_1956_wk_prov_dbs_Part27_tables.csv,8,23,193,2,False,False,False,False,False,,3,0.0
cdi_ca_1956_wk_prov_dbs_Part27_tables.csv,8,24,115,-,False,False,False,False,False,,3,0.0
cdi_ca_1956_wk_prov_dbs_Part27_tables.csv,8,25,6,-,False,False,False,False,False,,1,0.0
cdi_ca_1956_wk_prov_dbs_Part27_tables.csv,8,26,9,-,False,False,False,False,False,,1,0.0
cdi_ca_1956_wk_prov_dbs_Part27_tables.csv,8,27,14,-,False,False,False,False,False,,2,0.0
cdi_ca_1956_wk_prov_dbs_Part27_tables.csv,8,28,. :,-,False,False,False,False,False,,3,0.0
cdi_ca_1956_wk_prov_dbs_Part27_tables.csv,8,29,.,-,False,False,False,False,False,,1,0.0
cdi_ca_1956_wk_prov_dbs_Part27_tables.csv,8,30,8,..,False,False,False,False,False,,2,0.0
cdi_ca_1956_wk_prov_dbs_Part27_tables.csv,8,31,:,..,False,False,False,False,False,,2,0.0
cdi_ca_1956_wk_prov_dbs_Part27_tables.csv,8,32,:.,..,False,False,False,False,False,,1,0.5
cdi_ca_1956_wk_prov_dbs_Part27_tables.csv,8,33,8,1,False,False,False,False,False,,1,0.0
cdi_ca_1956_wk_prov_dbs_Part27_tables.csv,8,34,45,2,False,False,False,False,False,,2,0.0
cdi_ca_1956_wk_prov_dbs_Part27_tables.csv,8,35,60,-,False,False,False,False,False,,2,0.0
cdi_ca_1956_wk_prov_dbs_Part27_tables.csv,8,36,30,9,False,False,False,False,False,,2,0.0
cdi_ca_1956_wk_prov_dbs_Part27_tables.csv,9,0,5,186,False,False,False,False,False,,3,0.0
cdi_ca_1956_wk_prov_dbs_Part27_tables.csv,9,1,3,295,False,False,False,False,False,,3,0.0
cdi_ca_1956_wk_prov_dbs_Part27_tables.csv,9,2,44,263,False,False,False,False,False,,3,0.0
cdi_ca_1956_wk_prov_dbs_Part27_tables.csv,9,3,78,20572,False,False,False,False,False,,4,0.19999999999999996
cdi_ca_1956_wk_prov_dbs_Part27_tables.csv,9,4,163,18909,False,False,False,False,False,,4,0.19999999999999996
cdi_ca_1956_wk_prov_dbs_Part27_tables.csv,9,5,163,27076,False,False,False,False,False,,5,0.0
cdi_ca_1956_wk_prov_dbs_Part27_tables.csv,9,8,-,4,False,False,False,False,False,,1,0.0
cdi_ca_1956_wk_prov_dbs_Part27_tables.csv,9,9,-,13,False,False,False,False,False,,2,0.0
cdi_ca_1956_wk_prov_dbs_Part27_tables.csv,9,10,-,10,False,False,False,False,False,,2,0.0
cdi_ca_1956_wk_prov_dbs_Part27_tables.csv,9,11,-,1,False,False,False,False,False,,1,0.0
cdi_ca_1956_wk_prov_dbs_Part27_tables.csv,9,12,-,1,False,False,False,False,False,,1,0.0
cdi_ca_1956_wk_prov_dbs_Part27_tables.csv,9,14,-,9,False,False,False,False,False,,1,0.0
cdi_ca_1956_wk_prov_dbs_Part27_tables.csv,9,15,-,..,False,False,False,False,False,,2,0.0
cdi_ca_1956_wk_prov_dbs_Part27_tables.csv,9,16,-,..,False,False,False,False,False,,2,0.0
cdi_ca_1956_wk_prov_dbs_Part27_tables.csv,9,17,-,..,False,False,False,False,False,,2,0.0
cdi_ca_1956_wk_prov_dbs_Part27_tables.csv,9,18,1,33,False,False,False,False,False,,2,0.0
cdi_ca_1956_wk_prov_dbs_Part27_tables.csv,9,19,-,23,False,False,False,False,False,,2,0.0
cdi_ca_1956_wk_prov_dbs_Part27_tables.csv,9,20,2,29,False,False,False,False,False,,1,0.5
cdi_ca_1956_wk_prov_dbs_Part27_tables.csv,9,21,1,88,False,False,False,False,False,,2,0.0
cdi_ca_1956_wk_prov_dbs_Part27_tables.csv,9,22,2,193,False,False,False,False,False,,3,0.0
cdi_ca_1956_wk_prov_dbs_Part27_tables.csv,9,23,11,115,False,False,False,False,False,,1,0.6666666666666667
cdi_ca_1956_wk_prov_dbs_Part27_tables.csv,9,24,-,6,False,False,False,False,False,,1,0.0
cdi_ca_1956_wk_prov_dbs_Part27_tables.csv,9,25,-,9,False,False,False,False,False,,1,0.0
cdi_ca_1956_wk_prov_dbs_Part27_tables.csv,9,26,2,14,False,False,False,False,False,,2,0.0
cdi_ca_1956_wk_prov_dbs_Part27_tables.csv,9,27,1,..,False,False,False,False,False,,2,0.0
cdi_ca_1956_wk_prov_dbs_Part27_tables.csv,9,28,1,..,False,False,False,False,False,,2,0.0
cdi_ca_1956_wk_prov_dbs_Part27_tables.csv,9,29,3,8,False,False,False,False,False,,1,0.0
cdi_ca_1956_wk_prov_dbs_Part27_tables.csv,9,30,-,..,False,False,False,False,False,,2,0.0
cdi_ca_1956_wk_prov_dbs_Part27_tables.csv,9,31,-,..,False,False,False,False,False,,2,0.0
cdi_ca_1956_wk_prov_dbs_Part27_tables.csv,9,32,3,8,False,False,False,False,False,,1,0.0
cdi_ca_1956_wk_prov_dbs_Part27_tables.csv,9,33,2,45,False,False,False,False,False,,2,0.0
cdi_ca_1956_wk_prov_dbs_Part27_tables.csv,9,34,-,60,False,False,False,False,False,,2,0.0
cdi_ca_1956_wk_prov_dbs_Part27_tables.csv,9,35,4,30,False,False,False,False,False,,2,0.0
cdi_ca_1956_wk_prov_dbs_Part27_tables.csv,9,36,11,10,False,False,False,False,False,,1,0.5
cdi_ca_1956_wk_prov_dbs_Part27_tables.csv,10,0, epidemic:4,5,False,False,False,False,False,,11,0.0
cdi_ca_1956_wk_prov_dbs_Part27_tables.csv,10,2,3,44,False,False,False,False,False,,2,0.0
cdi_ca_1956_wk_prov_dbs_Part27_tables.csv,10,3,15,78,False,False,False,False,False,,2,0.0
cdi_ca_1956_wk_prov_dbs_Part27_tables.csv,10,4,49,163,False,False,False,False,False,,3,0.0
cdi_ca_1956_wk_prov_dbs_Part27_tables.csv,10,5,99,163,False,False,False,False,False,,3,0.0
cdi_ca_1956_wk_prov_dbs_Part27_tables.csv,10,20,-,2,False,False,False,False,False,,1,0.0
cdi_ca_1956_wk_prov_dbs_Part27_tables.csv,10,23,2,11,False,False,False,False,False,,2,0.0
cdi_ca_1956_wk_prov_dbs_Part27_tables.csv,10,27,2,1,False,False,False,False,False,,1,0.0
cdi_ca_1956_wk_prov_dbs_Part27_tables.csv,10,29,1,3,False,False,False,False,False,,1,0.0
cdi_ca_1956_wk_prov_dbs_Part27_tables.csv,10,32,-,3,False,False,False,False,False,,1,0.0
cdi_ca_1956_wk_prov_dbs_Part27_tables.csv,10,33,-,2,False,False,False,False,False,,1,0.0
cdi_ca_1956_wk_prov_dbs_Part27_tables.csv,10,35,-,4,False,False,False,False,False,,1,0.0
cdi_ca_1956_wk_prov_dbs_Part27_tables.csv,10,36,-,11,False,False,False,False,False,,2,0.0
cdi_ca_1956_wk_prov_dbs_Part27_tables.csv,11,0,1,3,False,False,False,False,False,,1,0.0
cdi_ca_1956_wk_prov_dbs_Part27_tables.csv,11,1,-,3,False,False,False,False,False,,1,0.0
cdi_ca_1956_wk_prov_dbs_Part27_tables.csv,11,2,23,15,False,False,False,False,False,,2,0.0
cdi_ca_1956_wk_prov_dbs_Part27_tables.csv,11,3,22,49,False,False,False,False,False,,2,0.0
cdi_ca_1956_wk_prov_dbs_Part27_tables.csv,11,4,53,99,False,False,False,False,False,,2,0.0
cdi_ca_1956_wk_prov_dbs_Part27_tables.csv,11,5,53,99,False,False,False,False,False,,2,0.0
cdi_ca_1956_wk_prov_dbs_Part27_tables.csv,11,18,-,1,False,False,False,False,False,,1,0.0
cdi_ca_1956_wk_prov_dbs_Part27_tables.csv,11,21,-,1,False,False,False,False,False,,1,0.0
cdi_ca_1956_wk_prov_dbs_Part27_tables.csv,11,22,-,2,False,False,False,False,False,,1,0.0
cdi_ca_1956_wk_prov_dbs_Part27_tables.csv,11,23,9,2,False,False,False,False,False,,1,0.0
cdi_ca_1956_wk_prov_dbs_Part27_tables.csv,11,26,-,2,False,False,False,False,False,,1,0.0
cdi_ca_1956_wk_prov_dbs_Part27_tables.csv,11,28,-,1,False,False,False,False,False,,1,0.0
cdi_ca_1956_wk_prov_dbs_Part27_tables.csv,11,29,-,1,False,False,False,False,False,,1,0.0
cdi_ca_1956_wk_prov_dbs_Part27_tables.csv,11,35,4,-,False,False,False,False,False,,1,0.0
cdi_ca_1956_wk_prov_dbs_Part27_tables.csv,11,36,13,12,False,False,False,False,False,,1,0.5
cdi_ca_1956_wk_prov_dbs_Part27_tables.csv,12,0,316,1,False,False,False,False,False,,2,0.33333333333333337
cdi_ca_1956_wk_prov_dbs_Part27_tables.csv,12,1,566,-,False,False,False,False,False,,3,0.0
cdi_ca_1956_wk_prov_dbs_Part27_tables.csv,12,2,135,23,False,False,False,False,False,,2,0.33333333333333337
cdi_ca_1956_wk_prov_dbs_Part27_tables.csv,12,3,"47,840",22,False,False,False,False,False,,6,0.0
cdi_ca_1956_wk_prov_dbs_Part27_tables.csv,12,4,"16,975",53,False,False,False,False,False,,6,0.0
cdi_ca_1956_wk_prov_dbs_Part27_tables.csv,12,5,"8,697",53,False,False,False,False,False,,5,0.0
cdi_ca_1956_wk_prov_dbs_Part27_tables.csv,12,9,...,-,False,False,False,False,False,,3,0.0
cdi_ca_1956_wk_prov_dbs_Part27_tables.csv,12,10,A.P,-,False,False,False,False,False,,3,0.0
cdi_ca_1956_wk_prov_dbs_Part27_tables.csv,12,11,...,-,False,False,False,False,False,,3,0.0
cdi_ca_1956_wk_prov_dbs_Part27_tables.csv,12,12,9,-,False,False,False,False,False,,1,0.0
cdi_ca_1956_wk_prov_dbs_Part27_tables.csv,12,13,12,-,False,False,False,False,False,,2,0.0
cdi_ca_1956_wk_prov_dbs_Part27_tables.csv,12,14,4,-,False,False,False,False,False,,1,0.0
cdi_ca_1956_wk_prov_dbs_Part27_tables.csv,12,15,,-,False,False,False,False,False,,1,0.0
cdi_ca_1956_wk_prov_dbs_Part27_tables.csv,12,16,9.9,-,False,False,False,False,False,,3,0.0
cdi_ca_1956_wk_prov_dbs_Part27_tables.csv,12,17,...,-,False,False,False,False,False,,3,0.0
cdi_ca_1956_wk_prov_dbs_Part27_tables.csv,12,18,55,-,False,False,False,False,False,,2,0.0
cdi_ca_1956_wk_prov_dbs_Part27_tables.csv,12,19,70,-,False,False,False,False,False,,2,0.0
cdi_ca_1956_wk_prov_dbs_Part27_tables.csv,12,20,4,1,False,False,False,False,False,,1,0.0
cdi_ca_1956_wk_prov_dbs_Part27_tables.csv,12,21,118,-,False,False,False,False,False,,3,0.0
cdi_ca_1956_wk_prov_dbs_Part27_tables.csv,12,22,208,-,False,False,False,False,False,,3,0.0
cdi_ca_1956_wk_prov_dbs_Part27_tables.csv,12,23,20,9,False,False,False,False,False,,2,0.0
cdi_ca_1956_wk_prov_dbs_Part27_tables.csv,12,24,3,-,False,False,False,False,False,,1,0.0
cdi_ca_1956_wk_prov_dbs_Part27_tables.csv,12,27,...,(6),False,False,False,False,False,,3,0.0
cdi_ca_1956_wk_prov_dbs_Part27_tables.csv,12,28,....,-,False,False,False,False,False,,4,0.0
cdi_ca_1956_wk_prov_dbs_Part27_tables.csv,12,29,5,-,False,False,False,False,False,,1,0.0
cdi_ca_1956_wk_prov_dbs_Part27_tables.csv,12,30,14,-,False,False,False,False,False,,2,0.0
cdi_ca_1956_wk_prov_dbs_Part27_tables.csv,12,31,19,-,False,False,False,False,False,,2,0.0
cdi_ca_1956_wk_prov_dbs_Part27_tables.csv,12,32,23,-,False,False,False,False,False,,2,0.0
cdi_ca_1956_wk_prov_dbs_Part27_tables.csv,12,33,116,1,False,False,False,False,False,,2,0.33333333333333337
cdi_ca_1956_wk_prov_dbs_Part27_tables.csv,12,34,255,-,False,False,False,False,False,,3,0.0
cdi_ca_1956_wk_prov_dbs_Part27_tables.csv,12,35,21,4,False,False,False,False,False,,2,0.0
cdi_ca_1956_wk_prov_dbs_Part27_tables.csv,12,36,14,13,False,False,False,False,False,,1,0.5
cdi_ca_1956_wk_prov_dbs_Part27_tables.csv,13,0,131,316,False,False,False,False,False,,2,0.33333333333333337
cdi_ca_1956_wk_prov_dbs_Part27_tables.csv,13,1,172,566,False,False,False,False,False,,3,0.0
cdi_ca_1956_wk_prov_dbs_Part27_tables.csv,13,2,127,135,False,False,False,False,False,,2,0.33333333333333337
cdi_ca_1956_wk_prov_dbs_Part27_tables.csv,13,3,"8,175",47840,False,False,False,False,False,,5,0.0
cdi_ca_1956_wk_prov_dbs_Part27_tables.csv,13,4,"5,844",16975,False,False,False,False,False,,5,0.0
cdi_ca_1956_wk_prov_dbs_Part27_tables.csv,13,5,"8,963",8697,False,False,False,False,False,,3,0.4
cdi_ca_1956_wk_prov_dbs_Part27_tables.csv,13,7,1,-,False,False,False,False,False,,1,0.0
cdi_ca_1956_wk_prov_dbs_Part27_tables.csv,13,8,3,-,False,False,False,False,False,,1,0.0
cdi_ca_1956_wk_prov_dbs_Part27_tables.csv,13,9,8,..,False,False,False,False,False,,2,0.0
cdi_ca_1956_wk_prov_dbs_Part27_tables.csv,13,10,21,..,False,False,False,False,False,,2,0.0
cdi_ca_1956_wk_prov_dbs_Part27_tables.csv,13,11,4,..,False,False,False,False,False,,2,0.0
cdi_ca_1956_wk_prov_dbs_Part27_tables.csv,13,12,39,9,False,False,False,False,False,,1,0.5
cdi_ca_1956_wk_prov_dbs_Part27_tables.csv,13,13,66,12,False,False,False,False,False,,2,0.0
cdi_ca_1956_wk_prov_dbs_Part27_tables.csv,13,14,7,4,False,False,False,False,False,,1,0.0
cdi_ca_1956_wk_prov_dbs_Part27_tables.csv,13,15,-,..,False,False,False,False,False,,2,0.0
cdi_ca_1956_wk_prov_dbs_Part27_tables.csv,13,16,-,..,False,False,False,False,False,,2,0.0
cdi_ca_1956_wk_prov_dbs_Part27_tables.csv,13,17,2,..,False,False,False,False,False,,2,0.0
cdi_ca_1956_wk_prov_dbs_Part27_tables.csv,13,18,9,55,False,False,False,False,False,,2,0.0
cdi_ca_1956_wk_prov_dbs_Part27_tables.csv,13,19,6,70,False,False,False,False,False,,2,0.0
cdi_ca_1956_wk_prov_dbs_Part27_tables.csv,13,20,26,4,False,False,False,False,False,,2,0.0
cdi_ca_1956_wk_prov_dbs_Part27_tables.csv,13,21,57,118,False,False,False,False,False,,3,0.0
cdi_ca_1956_wk_prov_dbs_Part27_tables.csv,13,22,58,208,False,False,False,False,False,,2,0.33333333333333337
cdi_ca_1956_wk_prov_dbs_Part27_tables.csv,13,23,23,20,False,False,False,False,False,,1,0.5
cdi_ca_1956_wk_prov_dbs_Part27_tables.csv,13,24,1,3,False,False,False,False,False,,1,0.0
cdi_ca_1956_wk_prov_dbs_Part27_tables.csv,13,25,1,2,False,False,False,False,False,,1,0.0
cdi_ca_1956_wk_prov_dbs_Part27_tables.csv,13,26,8,-,False,False,False,False,False,,1,0.0
cdi_ca_1956_wk_prov_dbs_Part27_tables.csv,13,27,2,..,False,False,False,False,False,,2,0.0
cdi_ca_1956_wk_prov_dbs_Part27_tables.csv,13,28,1,..,False,False,False,False,False,,2,0.0
cdi_ca_1956_wk_prov_dbs_Part27_tables.csv,13,29,11,5,False,False,False,False,False,,2,0.0
cdi_ca_1956_wk_prov_dbs_Part27_tables.csv,13,30,11,14,False,False,False,False,False,,1,0.5
cdi_ca_1956_wk_prov_dbs_Part27_tables.csv,13,31,4,19,False,False,False,False,False,,2,0.0
cdi_ca_1956_wk_prov_dbs_Part27_tables.csv,13,32,14,23,False,False,False,False,False,,2,0.0
cdi_ca_1956_wk_prov_dbs_Part27_tables.csv,13,33,4,116,False,False,False,False,False,,3,0.0
cdi_ca_1956_wk_prov_dbs_Part27_tables.csv,13,34,14,255,False,False,False,False,False,,3,0.0
cdi_ca_1956_wk_prov_dbs_Part27_tables.csv,13,35,22,21,False,False,False,False,False,,1,0.5
cdi_ca_1956_wk_prov_dbs_Part27_tables.csv,13,36,15,14,False,False,False,False,False,,1,0.5
cdi_ca_1956_wk_prov_dbs_Part27_tables.csv,14,0, etc.,131,False,False,False,False,False,,5,0.0
cdi_ca_1956_wk_prov_dbs_Part27_tables.csv,14,1,-,172,False,False,False,False,False,,3,0.0
cdi_ca_1956_wk_prov_dbs_Part27_tables.csv,14,2,-,127,False,False,False,False,False,,3,0.0
cdi_ca_1956_wk_prov_dbs_Part27_tables.csv,14,3,-,8175,False,False,False,False,False,,4,0.0
cdi_ca_1956_wk_prov_dbs_Part27_tables.csv,14,4,,5844,False,False,False,False,False,,4,0.0
cdi_ca_1956_wk_prov_dbs_Part27_tables.csv,14,5,,8963,False,False,False,False,False,,4,0.0
cdi_ca_1956_wk_prov_dbs_Part27_tables.csv,14,7,-,1,False,False,False,False,False,,1,0.0
cdi_ca_1956_wk_prov_dbs_Part27_tables.csv,14,8,-,3,False,False,False,False,False,,1,0.0
cdi_ca_1956_wk_prov_dbs_Part27_tables.csv,14,9,-,8,False,False,False,False,False,,1,0.0
cdi_ca_1956_wk_prov_dbs_Part27_tables.csv,14,10,-,21,False,False,False,False,False,,2,0.0
cdi_ca_1956_wk_prov_dbs_Part27_tables.csv,14,11,-,4,False,False,False,False,False,,1,0.0
cdi_ca_1956_wk_prov_dbs_Part27_tables.csv,14,12,-,39,False,False,False,False,False,,2,0.0
cdi_ca_1956_wk_prov_dbs_Part27_tables.csv,14,13,-,66,False,False,False,False,False,,2,0.0
cdi_ca_1956_wk_prov_dbs_Part27_tables.csv,14,14,-,7,False,False,False,False,False,,1,0.0
cdi_ca_1956_wk_prov_dbs_Part27_tables.csv,14,17,-,2,False,False,False,False,False,,1,0.0
cdi_ca_1956_wk_prov_dbs_Part27_tables.csv,14,18,-,9,False,False,False,False,False,,1,0.0
cdi_ca_1956_wk_prov_dbs_Part27_tables.csv,14,19,-,6,False,False,False,False,False,,1,0.0
cdi_ca_1956_wk_prov_dbs_Part27_tables.csv,14,20,-,26,False,False,False,False,False,,2,0.0
cdi_ca_1956_wk_prov_dbs_Part27_tables.csv,14,21,-,57,False,False,False,False,False,,2,0.0
cdi_ca_1956_wk_prov_dbs_Part27_tables.csv,14,22,-,58,False,False,False,False,False,,2,0.0
cdi_ca_1956_wk_prov_dbs_Part27_tables.csv,14,23,-,23,False,False,False,False,False,,2,0.0
cdi_ca_1956_wk_prov_dbs_Part27_tables.csv,14,24,-,1,False,False,False,False,False,,1,0.0
cdi_ca_1956_wk_prov_dbs_Part27_tables.csv,14,25,-,1,False,False,False,False,False,,1,0.0
cdi_ca_1956_wk_prov_dbs_Part27_tables.csv,14,26,-,8,False,False,False,False,False,,1,0.0
cdi_ca_1956_wk_prov_dbs_Part27_tables.csv,14,27,-,2,False,False,False,False,False,,1,0.0
cdi_ca_1956_wk_prov_dbs_Part27_tables.csv,14,28,-,1,False,False,False,False,False,,1,0.0
cdi_ca_1956_wk_prov_dbs_Part27_tables.csv,14,29,-,11,False,False,False,False,False,,2,0.0
cdi_ca_1956_wk_prov_dbs_Part27_tables.csv,14,30,-,11,False,False,False,False,False,,2,0.0
cdi_ca_1956_wk_prov_dbs_Part27_tables.csv,14,31,-,4,False,False,False,False,False,,1,0.0
cdi_ca_1956_wk_prov_dbs_Part27_tables.csv,14,32,-,14,False,False,False,False,False,,2,0.0
cdi_ca_1956_wk_prov_dbs_Part27_tables.csv,14,33,-,4,False,False,False,False,False,,1,0.0
cdi_ca_1956_wk_prov_dbs_Part27_tables.csv,14,34,-,14,False,False,False,False,False,,2,0.0
cdi_ca_1956_wk_prov_dbs_Part27_tables.csv,14,35,-,22,False,False,False,False,False,,2,0.0
cdi_ca_1956_wk_prov_dbs_Part27_tables.csv,14,36,-,15,False,False,False,False,False,,2,0.0
cdi_ca_1956_wk_prov_dbs_Part27_tables.csv,15,0,174,-,False,False,False,False,False,,3,0.0
cdi_ca_1956_wk_prov_dbs_Part27_tables.csv,15,1,171,-,False,False,False,False,False,,3,0.0
cdi_ca_1956_wk_prov_dbs_Part27_tables.csv,15,2,215,-,False,False,False,False,False,,3,0.0
cdi_ca_1956_wk_prov_dbs_Part27_tables.csv,15,3,"4,769",-,False,False,False,False,False,,5,0.0
cdi_ca_1956_wk_prov_dbs_Part27_tables.csv,15,4,"4,935",-,False,False,False,False,False,,5,0.0
cdi_ca_1956_wk_prov_dbs_Part27_tables.csv,15,5,"5,507",-,False,False,False,False,False,,5,0.0
cdi_ca_1956_wk_prov_dbs_Part27_tables.csv,15,6,5,-,False,False,False,False,False,,1,0.0
cdi_ca_1956_wk_prov_dbs_Part27_tables.csv,15,7,8,-,False,False,False,False,False,,1,0.0
cdi_ca_1956_wk_prov_dbs_Part27_tables.csv,15,8,10,-,False,False,False,False,False,,2,0.0
cdi_ca_1956_wk_prov_dbs_Part27_tables.csv,15,9,2,-,False,False,False,False,False,,1,0.0
cdi_ca_1956_wk_prov_dbs_Part27_tables.csv,15,10,1,-,False,False,False,False,False,,1,0.0
cdi_ca_1956_wk_prov_dbs_Part27_tables.csv,15,11,2,-,False,False,False,False,False,,1,0.0
cdi_ca_1956_wk_prov_dbs_Part27_tables.csv,15,12,2,-,False,False,False,False,False,,1,0.0
cdi_ca_1956_wk_prov_dbs_Part27_tables.csv,15,13,1,-,False,False,False,False,False,,1,0.0
cdi_ca_1956_wk_prov_dbs_Part27_tables.csv,15,14,3,-,False,False,False,False,False,,1,0.0
cdi_ca_1956_wk_prov_dbs_Part27_tables.csv,15,15,13,-,False,False,False,False,False,,2,0.0
cdi_ca_1956_wk_prov_dbs_Part27_tables.csv,15,16,14,-,False,False,False,False,False,,2,0.0
cdi_ca_1956_wk_prov_dbs_Part27_tables.csv,15,17,16,-,False,False,False,False,False,,2,0.0
cdi_ca_1956_wk_prov_dbs_Part27_tables.csv,15,18,81,-,False,False,False,False,False,,2,0.0
cdi_ca_1956_wk_prov_dbs_Part27_tables.csv,15,19,41,-,False,False,False,False,False,,2,0.0
cdi_ca_1956_wk_prov_dbs_Part27_tables.csv,15,20,75,-,False,False,False,False,False,,2,0.0
cdi_ca_1956_wk_prov_dbs_Part27_tables.csv,15,21,23,-,False,False,False,False,False,,2,0.0
cdi_ca_1956_wk_prov_dbs_Part27_tables.csv,15,22,13,-,False,False,False,False,False,,2,0.0
cdi_ca_1956_wk_prov_dbs_Part27_tables.csv,15,23,25,-,False,False,False,False,False,,2,0.0
cdi_ca_1956_wk_prov_dbs_Part27_tables.csv,15,24,4,-,False,False,False,False,False,,1,0.0
cdi_ca_1956_wk_prov_dbs_Part27_tables.csv,15,25,17,-,False,False,False,False,False,,2,0.0
cdi_ca_1956_wk_prov_dbs_Part27_tables.csv,15,26,16,-,False,False,False,False,False,,2,0.0
cdi_ca_1956_wk_prov_dbs_Part27_tables.csv,15,27,9,-,False,False,False,False,False,,1,0.0
cdi_ca_1956_wk_prov_dbs_Part27_tables.csv,15,28,10,-,False,False,False,False,False,,2,0.0
cdi_ca_1956_wk_prov_dbs_Part27_tables.csv,15,29,19,-,False,False,False,False,False,,2,0.0
cdi_ca_1956_wk_prov_dbs_Part27_tables.csv,15,30,18,-,False,False,False,False,False,,2,0.0
cdi_ca_1956_wk_prov_dbs_Part27_tables.csv,15,31,24,-,False,False,False,False,False,,2,0.0
cdi_ca_1956_wk_prov_dbs_Part27_tables.csv,15,32,19,-,False,False,False,False,False,,2,0.0
cdi_ca_1956_wk_prov_dbs_Part27_tables.csv,15,33,17,-,False,False,False,False,False,,2,0.0
cdi_ca_1956_wk_prov_dbs_Part27_tables.csv,15,34,42,-,False,False,False,False,False,,2,0.0
cdi_ca_1956_wk_prov_dbs_Part27_tables.csv,15,35,19,-,False,False,False,False,False,,2,0.0
cdi_ca_1956_wk_prov_dbs_Part27_tables.csv,15,36,17,16,False,False,False,False,False,,1,0.5
cdi_ca_1956_wk_prov_dbs_Part27_tables.csv,16,0,145,174,False,False,False,False,False,,2,0.33333333333333337
cdi_ca_1956_wk_prov_dbs_Part27_tables.csv,16,1,145,171,False,False,False,False,False,,2,0.33333333333333337
cdi_ca_1956_wk_prov_dbs_Part27_tables.csv,16,2,182,215,False,False,False,False,False,,3,0.0
cdi_ca_1956_wk_prov_dbs_Part27_tables.csv,16,3,"3,889",4769,False,False,False,False,False,,4,0.19999999999999996
cdi_ca_1956_wk_prov_dbs_Part27_tables.csv,16,4,"3,994",4935,False,False,False,False,False,,4,0.19999999999999996
cdi_ca_1956_wk_prov_dbs_Part27_tables.csv,16,5,"4,414",5507,False,False,False,False,False,,5,0.0
cdi_ca_1956_wk_prov_dbs_Part27_tables.csv,16,8,8,10,False,False,False,False,False,,2,0.0
cdi_ca_1956_wk_prov_dbs_Part27_tables.csv,16,9,1,2,False,False,False,False,False,,1,0.0
cdi_ca_1956_wk_prov_dbs_Part27_tables.csv,16,14,2,3,False,False,False,False,False,,1,0.0
cdi_ca_1956_wk_prov_dbs_Part27_tables.csv,16,16,13,14,False,False,False,False,False,,1,0.5
cdi_ca_1956_wk_prov_dbs_Part27_tables.csv,16,18,80,81,False,False,False,False,False,,1,0.5
cdi_ca_1956_wk_prov_dbs_Part27_tables.csv,16,19,40,41,False,False,False,False,False,,1,0.5
cdi_ca_1956_wk_prov_dbs_Part27_tables.csv,16,20,73,75,False,False,False,False,False,,1,0.5
cdi_ca_1956_wk_prov_dbs_Part27_tables.csv,16,21,(6),23,False,False,False,False,False,,3,0.0
cdi_ca_1956_wk_prov_dbs_Part27_tables.csv,16,22,(6),13,False,False,False,False,False,,3,0.0
cdi_ca_1956_wk_prov_dbs_Part27_tables.csv,16,23,(6),25,False,False,False,False,False,,3,0.0
cdi_ca_1956_wk_prov_dbs_Part27_tables.csv,16,25,16,17,False,False,False,False,False,,1,0.5
cdi_ca_1956_wk_prov_dbs_Part27_tables.csv,16,27,7,9,False,False,False,False,False,,1,0.0
cdi_ca_1956_wk_prov_dbs_Part27_tables.csv,16,28,8,10,False,False,False,False,False,,2,0.0
cdi_ca_1956_wk_prov_dbs_Part27_tables.csv,16,29,17,19,False,False,False,False,False,,1,0.5
cdi_ca_1956_wk_prov_dbs_Part27_tables.csv,16,30,17,18,False,False,False,False,False,,1,0.5
cdi_ca_1956_wk_prov_dbs_Part27_tables.csv,16,31,23,24,False,False,False,False,False,,1,0.5
cdi_ca_1956_wk_prov_dbs_Part27_tables.csv,16,32,16,19,False,False,False,False,False,,1,0.5
cdi_ca_1956_wk_prov_dbs_Part27_tables.csv,16,33,16,17,False,False,False,False,False,,1,0.5
cdi_ca_1956_wk_prov_dbs_Part27_tables.csv,16,34,36,42,False,False,False,False,False,,2,0.0
cdi_ca_1956_wk_prov_dbs_Part27_tables.csv,16,36,18,17,False,False,False,False,False,,1,0.5
cdi_ca_1956_wk_prov_dbs_Part27_tables.csv,17,0,6,145,False,False,False,False,False,,3,0.0
cdi_ca_1956_wk_prov_dbs_Part27_tables.csv,17,1,13,145,False,False,False,False,False,,2,0.33333333333333337
cdi_ca_1956_wk_prov_dbs_Part27_tables.csv,17,2,9,182,False,False,False,False,False,,3,0.0
cdi_ca_1956_wk_prov_dbs_Part27_tables.csv,17,3,282,3889,False,False,False,False,False,,3,0.25
cdi_ca_1956_wk_prov_dbs_Part27_tables.csv,17,4,319,3994,False,False,False,False,False,,2,0.5
cdi_ca_1956_wk_prov_dbs_Part27_tables.csv,17,5,264,4414,False,False,False,False,False,,3,0.25
cdi_ca_1956_wk_prov_dbs_Part27_tables.csv,17,6,-,5,False,False,False,False,False,,1,0.0
cdi_ca_1956_wk_prov_dbs_Part27_tables.csv,17,7,-,8,False,False,False,False,False,,1,0.0
cdi_ca_1956_wk_prov_dbs_Part27_tables.csv,17,8,-,8,False,False,False,False,False,,1,0.0
cdi_ca_1956_wk_prov_dbs_Part27_tables.csv,17,11,-,1,False,False,False,False,False,,1,0.0
cdi_ca_1956_wk_prov_dbs_Part27_tables.csv,17,12,-,2,False,False,False,False,False,,1,0.0
cdi_ca_1956_wk_prov_dbs_Part27_tables.csv,17,13,-,1,False,False,False,False,False,,1,0.0
cdi_ca_1956_wk_prov_dbs_Part27_tables.csv,17,14,-,2,False,False,False,False,False,,1,0.0
cdi_ca_1956_wk_prov_dbs_Part27_tables.csv,17,15,-,13,False,False,False,False,False,,2,0.0
cdi_ca_1956_wk_prov_dbs_Part27_tables.csv,17,16,1,13,False,False,False,False,False,,1,0.5
cdi_ca_1956_wk_prov_dbs_Part27_tables.csv,17,17,-,16,False,False,False,False,False,,2,0.0
cdi_ca_1956_wk_prov_dbs_Part27_tables.csv,17,18,1,80,False,False,False,False,False,,2,0.0
cdi_ca_1956_wk_prov_dbs_Part27_tables.csv,17,19,1,40,False,False,False,False,False,,2,0.0
cdi_ca_1956_wk_prov_dbs_Part27_tables.csv,17,20,2,73,False,False,False,False,False,,2,0.0
cdi_ca_1956_wk_prov_dbs_Part27_tables.csv,17,24,-,4,False,False,False,False,False,,1,0.0
cdi_ca_1956_wk_prov_dbs_Part27_tables.csv,17,25,1,16,False,False,False,False,False,,1,0.5
cdi_ca_1956_wk_prov_dbs_Part27_tables.csv,17,26,-,16,False,False,False,False,False,,2,0.0
cdi_ca_1956_wk_prov_dbs_Part27_tables.csv,17,27,2,7,False,False,False,False,False,,1,0.0
cdi_ca_1956_wk_prov_dbs_Part27_tables.csv,17,28,2,8,False,False,False,False,False,,1,0.0
cdi_ca_1956_wk_prov_dbs_Part27_tables.csv,17,29,1,17,False,False,False,False,False,,1,0.5
cdi_ca_1956_wk_prov_dbs_Part27_tables.csv,17,30,1,17,False,False,False,False,False,,1,0.5
cdi_ca_1956_wk_prov_dbs_Part27_tables.csv,17,31,1,23,False,False,False,False,False,,2,0.0
cdi_ca_1956_wk_prov_dbs_Part27_tables.csv,17,32,2,16,False,False,False,False,False,,2,0.0
cdi_ca_1956_wk_prov_dbs_Part27_tables.csv,17,33,1,16,False,False,False,False,False,,1,0.5
cdi_ca_1956_wk_prov_dbs_Part27_tables.csv,17,34,6,36,False,False,False,False,False,,1,0.5
cdi_ca_1956_wk_prov_dbs_Part27_tables.csv,17,36,19,18,False,False,False,False,False,,1,0.5
cdi_ca_1956_wk_prov_dbs_Part27_tables.csv,18,1,6,13,False,False,False,False,False,,2,0.0
cdi_ca_1956_wk_prov_dbs_Part27_tables.csv,18,2,4,9,False,False,False,False,False,,1,0.0
cdi_ca_1956_wk_prov_dbs_Part27_tables.csv,18,3,211,282,False,False,False,False,False,,2,0.33333333333333337
cdi_ca_1956_wk_prov_dbs_Part27_tables.csv,18,4,127,319,False,False,False,False,False,,3,0.0
cdi_ca_1956_wk_prov_dbs_Part27_tables.csv,18,5,227,264,False,False,False,False,False,,2,0.33333333333333337
cdi_ca_1956_wk_prov_dbs_Part27_tables.csv,18,6,2,-,False,False,False,False,False,,1,0.0
cdi_ca_1956_wk_prov_dbs_Part27_tables.csv,18,9,-,1,False,False,False,False,False,,1,0.0
cdi_ca_1956_wk_prov_dbs_Part27_tables.csv,18,10,-,1,False,False,False,False,False,,1,0.0
cdi_ca_1956_wk_prov_dbs_Part27_tables.csv,18,14,I,-,False,False,False,False,False,,1,0.0
cdi_ca_1956_wk_prov_dbs_Part27_tables.csv,18,15,1,-,False,False,False,False,False,,1,0.0
cdi_ca_1956_wk_prov_dbs_Part27_tables.csv,18,21,2,(6),False,False,False,False,False,,3,0.0
cdi_ca_1956_wk_prov_dbs_Part27_tables.csv,18,22,1,(6),False,False,False,False,False,,3,0.0
cdi_ca_1956_wk_prov_dbs_Part27_tables.csv,18,23,-,(6),False,False,False,False,False,,3,0.0
cdi_ca_1956_wk_prov_dbs_Part27_tables.csv,18,25,-,1,False,False,False,False,False,,1,0.0
cdi_ca_1956_wk_prov_dbs_Part27_tables.csv,18,27,-,2,False,False,False,False,False,,1,0.0
cdi_ca_1956_wk_prov_dbs_Part27_tables.csv,18,28,1,2,False,False,False,False,False,,1,0.0
cdi_ca_1956_wk_prov_dbs_Part27_tables.csv,18,29,-,1,False,False,False,False,False,,1,0.0
cdi_ca_1956_wk_prov_dbs_Part27_tables.csv,18,30,-,1,False,False,False,False,False,,1,0.0
cdi_ca_1956_wk_prov_dbs_Part27_tables.csv,18,31,-,1,False,False,False,False,False,,1,0.0
cdi_ca_1956_wk_prov_dbs_Part27_tables.csv,18,32,-,2,False,False,False,False,False,,1,0.0
cdi_ca_1956_wk_prov_dbs_Part27_tables.csv,18,34,1,6,False,False,False,False,False,,1,0.0
cdi_ca_1956_wk_prov_dbs_Part27_tables.csv,18,35,-,1,False,False,False,False,False,,1,0.0
cdi_ca_1956_wk_prov_dbs_Part27_tables.csv,18,36,20,19,False,False,False,False,False,,2,0.0
cdi_ca_1956_wk_prov_dbs_Part27_tables.csv,19,0,2,8,False,False,False,False,False,,1,0.0
cdi_ca_1956_wk_prov_dbs_Part27_tables.csv,19,1,-,6,False,False,False,False,False,,1,0.0
cdi_ca_1956_wk_prov_dbs_Part27_tables.csv,19,3,78,211,False,False,False,False,False,,3,0.0
cdi_ca_1956_wk_prov_dbs_Part27_tables.csv,19,4,61,127,False,False,False,False,False,,3,0.0
cdi_ca_1956_wk_prov_dbs_Part27_tables.csv,19,5,63,227,False,False,False,False,False,,3,0.0
cdi_ca_1956_wk_prov_dbs_Part27_tables.csv,19,6,-,2,False,False,False,False,False,,1,0.0
cdi_ca_1956_wk_prov_dbs_Part27_tables.csv,19,7,-,1,False,False,False,False,False,,1,0.0
cdi_ca_1956_wk_prov_dbs_Part27_tables.csv,19,15,,1,False,False,False,False,False,,1,0.0
cdi_ca_1956_wk_prov_dbs_Part27_tables.csv,19,16,..A,1,False,False,False,False,False,,3,0.0
cdi_ca_1956_wk_prov_dbs_Part27_tables.csv,19,17,...,-,False,False,False,False,False,,3,0.0
cdi_ca_1956_wk_prov_dbs_Part27_tables.csv,19,18,2,-,False,False,False,False,False,,1,0.0
cdi_ca_1956_wk_prov_dbs_Part27_tables.csv,19,19,...,1,False,False,False,False,False,,3,0.0
cdi_ca_1956_wk_prov_dbs_Part27_tables.csv,19,20,2,3,False,False,False,False,False,,1,0.0
cdi_ca_1956_wk_prov_dbs_Part27_tables.csv,19,21,-,2,False,False,False,False,False,,1,0.0
cdi_ca_1956_wk_prov_dbs_Part27_tables.csv,19,22,-,1,False,False,False,False,False,,1,0.0
cdi_ca_1956_wk_prov_dbs_Part27_tables.csv,19,28,-,1,False,False,False,False,False,,1,0.0
cdi_ca_1956_wk_prov_dbs_Part27_tables.csv,19,30,....,-,False,False,False,False,False,,4,0.0
cdi_ca_1956_wk_prov_dbs_Part27_tables.csv,19,31,9.9,-,False,False,False,False,False,,3,0.0
cdi_ca_1956_wk_prov_dbs_Part27_tables.csv,19,33,-,3,False,False,False,False,False,,1,0.0
cdi_ca_1956_wk_prov_dbs_Part27_tables.csv,19,34,-,1,False,False,False,False,False,,1,0.0
cdi_ca_1956_wk_prov_dbs_Part27_tables.csv,19,36,21,20,False,False,False,False,False,,1,0.5
cdi_ca_1956_wk_prov_dbs_Part27_tables.csv,20,0,269,2,False,False,False,False,False,,2,0.33333333333333337
cdi_ca_1956_wk_prov_dbs_Part27_tables.csv,20,1,273,-,False,False,False,False,False,,3,0.0
cdi_ca_1956_wk_prov_dbs_Part27_tables.csv,20,2,368,4,False,False,False,False,False,,3,0.0
cdi_ca_1956_wk_prov_dbs_Part27_tables.csv,20,3,"8,230",78,False,False,False,False,False,,5,0.0
cdi_ca_1956_wk_prov_dbs_Part27_tables.csv,20,4,"8,683",61,False,False,False,False,False,,4,0.19999999999999996
cdi_ca_1956_wk_prov_dbs_Part27_tables.csv,20,5,"9,065",63,False,False,False,False,False,,4,0.19999999999999996
cdi_ca_1956_wk_prov_dbs_Part27_tables.csv,20,6,4,-,False,False,False,False,False,,1,0.0
cdi_ca_1956_wk_prov_dbs_Part27_tables.csv,20,7,2,-,False,False,False,False,False,,1,0.0
cdi_ca_1956_wk_prov_dbs_Part27_tables.csv,20,11,1,-,False,False,False,False,False,,1,0.0
cdi_ca_1956_wk_prov_dbs_Part27_tables.csv,20,12,17,-,False,False,False,False,False,,2,0.0
cdi_ca_1956_wk_prov_dbs_Part27_tables.csv,20,13,2,-,False,False,False,False,False,,1,0.0
cdi_ca_1956_wk_prov_dbs_Part27_tables.csv,20,14,11,-,False,False,False,False,False,,2,0.0
cdi_ca_1956_wk_prov_dbs_Part27_tables.csv,20,15,6,..,False,False,False,False,False,,2,0.0
cdi_ca_1956_wk_prov_dbs_Part27_tables.csv,20,16,6,..,False,False,False,False,False,,2,0.0
cdi_ca_1956_wk_prov_dbs_Part27_tables.csv,20,17,4,..,False,False,False,False,False,,2,0.0
cdi_ca_1956_wk_prov_dbs_Part27_tables.csv,20,18,54,2,False,False,False,False,False,,2,0.0
cdi_ca_1956_wk_prov_dbs_Part27_tables.csv,20,19,46,..,False,False,False,False,False,,2,0.0
cdi_ca_1956_wk_prov_dbs_Part27_tables.csv,20,20,60,2,False,False,False,False,False,,2,0.0
cdi_ca_1956_wk_prov_dbs_Part27_tables.csv,20,21,30,-,False,False,False,False,False,,2,0.0
cdi_ca_1956_wk_prov_dbs_Part27_tables.csv,20,22,29,-,False,False,False,False,False,,2,0.0
cdi_ca_1956_wk_prov_dbs_Part27_tables.csv,20,23,52,-,False,False,False,False,False,,2,0.0
cdi_ca_1956_wk_prov_dbs_Part27_tables.csv,20,24,21,-,False,False,False,False,False,,2,0.0
cdi_ca_1956_wk_prov_dbs_Part27_tables.csv,20,25,17,-,False,False,False,False,False,,2,0.0
cdi_ca_1956_wk_prov_dbs_Part27_tables.csv,20,26,33,-,False,False,False,False,False,,2,0.0
cdi_ca_1956_wk_prov_dbs_Part27_tables.csv,20,27,26,-,False,False,False,False,False,,2,0.0
cdi_ca_1956_wk_prov_dbs_Part27_tables.csv,20,28,30,-,False,False,False,False,False,,2,0.0
cdi_ca_1956_wk_prov_dbs_Part27_tables.csv,20,29,39,-,False,False,False,False,False,,2,0.0
cdi_ca_1956_wk_prov_dbs_Part27_tables.csv,20,30,42,..,False,False,False,False,False,,2,0.0
cdi_ca_1956_wk_prov_dbs_Part27_tables.csv,20,31,54,..,False,False,False,False,False,,2,0.0
cdi_ca_1956_wk_prov_dbs_Part27_tables.csv,20,32,53,..,False,False,False,False,False,,2,0.0
cdi_ca_1956_wk_prov_dbs_Part27_tables.csv,20,33,69,-,False,False,False,False,False,,2,0.0
cdi_ca_1956_wk_prov_dbs_Part27_tables.csv,20,34,87,-,False,False,False,False,False,,2,0.0
cdi_ca_1956_wk_prov_dbs_Part27_tables.csv,20,35,57,-,False,False,False,False,False,,2,0.0
cdi_ca_1956_wk_prov_dbs_Part27_tables.csv,20,36,22,21,False,False,False,False,False,,1,0.5
cdi_ca_1956_wk_prov_dbs_Part27_tables.csv,21,0,-,269,False,False,False,False,False,,3,0.0
cdi_ca_1956_wk_prov_dbs_Part27_tables.csv,21,1,1,273,False,False,False,False,False,,3,0.0
cdi_ca_1956_wk_prov_dbs_Part27_tables.csv,21,2,3,368,False,False,False,False,False,,2,0.33333333333333337
cdi_ca_1956_wk_prov_dbs_Part27_tables.csv,21,3,50,8230,False,False,False,False,False,,3,0.25
cdi_ca_1956_wk_prov_dbs_Part27_tables.csv,21,4,58,8683,False,False,False,False,False,,3,0.25
cdi_ca_1956_wk_prov_dbs_Part27_tables.csv,21,5,114,9065,False,False,False,False,False,,4,0.0
cdi_ca_1956_wk_prov_dbs_Part27_tables.csv,21,6,-,4,False,False,False,False,False,,1,0.0
cdi_ca_1956_wk_prov_dbs_Part27_tables.csv,21,7,-,2,False,False,False,False,False,,1,0.0
cdi_ca_1956_wk_prov_dbs_Part27_tables.csv,21,8,-,11,False,False,False,False,False,,2,0.0
cdi_ca_1956_wk_prov_dbs_Part27_tables.csv,21,11,-,1,False,False,False,False,False,,1,0.0
cdi_ca_1956_wk_prov_dbs_Part27_tables.csv,21,12,-,17,False,False,False,False,False,,2,0.0
cdi_ca_1956_wk_prov_dbs_Part27_tables.csv,21,13,-,2,False,False,False,False,False,,1,0.0
cdi_ca_1956_wk_prov_dbs_Part27_tables.csv,21,14,I,11,False,False,False,False,False,,2,0.0
cdi_ca_1956_wk_prov_dbs_Part27_tables.csv,21,15,-,6,False,False,False,False,False,,1,0.0
cdi_ca_1956_wk_prov_dbs_Part27_tables.csv,21,16,-,6,False,False,False,False,False,,1,0.0
cdi_ca_1956_wk_prov_dbs_Part27_tables.csv,21,17,-,4,False,False,False,False,False,,1,0.0
cdi_ca_1956_wk_prov_dbs_Part27_tables.csv,21,18,-,54,False,False,False,False,False,,2,0.0
cdi_ca_1956_wk_prov_dbs_Part27_tables.csv,21,19,-,46,False,False,False,False,False,,2,0.0
cdi_ca_1956_wk_prov_dbs_Part27_tables.csv,21,20,1,60,False,False,False,False,False,,2,0.0
cdi_ca_1956_wk_prov_dbs_Part27_tables.csv,21,21,-,30,False,False,False,False,False,,2,0.0
cdi_ca_1956_wk_prov_dbs_Part27_tables.csv,21,22,-,29,False,False,False,False,False,,2,0.0
cdi_ca_1956_wk_prov_dbs_Part27_tables.csv,21,23,-,52,False,False,False,False,False,,2,0.0
cdi_ca_1956_wk_prov_dbs_Part27_tables.csv,21,24,-,21,False,False,False,False,False,,2,0.0
cdi_ca_1956_wk_prov_dbs_Part27_tables.csv,21,25,-,17,False,False,False,False,False,,2,0.0
cdi_ca_1956_wk_prov_dbs_Part27_tables.csv,21,26,-,33,False,False,False,False,False,,2,0.0
cdi_ca_1956_wk_prov_dbs_Part27_tables.csv,21,27,-,26,False,False,False,False,False,,2,0.0
cdi_ca_1956_wk_prov_dbs_Part27_tables.csv,21,28,1,30,False,False,False,False,False,,2,0.0
cdi_ca_1956_wk_prov_dbs_Part27_tables.csv,21,29,-,39,False,False,False,False,False,,2,0.0
cdi_ca_1956_wk_prov_dbs_Part27_tables.csv,21,30,-,42,False,False,False,False,False,,2,0.0
cdi_ca_1956_wk_prov_dbs_Part27_tables.csv,21,31,-,54,False,False,False,False,False,,2,0.0
cdi_ca_1956_wk_prov_dbs_Part27_tables.csv,21,32,-,53,False,False,False,False,False,,2,0.0
cdi_ca_1956_wk_prov_dbs_Part27_tables.csv,21,33,-,69,False,False,False,False,False,,2,0.0
cdi_ca_1956_wk_prov_dbs_Part27_tables.csv,21,34,-,87,False,False,False,False,False,,2,0.0
cdi_ca_1956_wk_prov_dbs_Part27_tables.csv,21,35,-,57,False,False,False,False,False,,2,0.0
cdi_ca_1956_wk_prov_dbs_Part27_tables.csv,21,36,23,22,False,False,False,False,False,,1,0.5
cdi_ca_1956_wk_prov_dbs_Part27_tables.csv,22,2,1,3,False,False,False,False,False,,1,0.0
cdi_ca_1956_wk_prov_dbs_Part27_tables.csv,22,3,4,50,False,False,False,False,False,,2,0.0
cdi_ca_1956_wk_prov_dbs_Part27_tables.csv,22,4,23,58,False,False,False,False,False,,2,0.0
cdi_ca_1956_wk_prov_dbs_Part27_tables.csv,22,5,20,114,False,False,False,False,False,,3,0.0
cdi_ca_1956_wk_prov_dbs_Part27_tables.csv,22,20,-,1,False,False,False,False,False,,1,0.0
cdi_ca_1956_wk_prov_dbs_Part27_tables.csv,22,28,-,1,False,False,False,False,False,,1,0.0
cdi_ca_1956_wk_prov_dbs_Part27_tables.csv,22,36,-,23,False,False,False,False,False,,2,0.0
cdi_ca_1956_wk_prov_dbs_Part27_tables.csv,23,0,27,-,False,False,False,False,False,,2,0.0
cdi_ca_1956_wk_prov_dbs_Part27_tables.csv,23,1,30,1,False,False,False,False,False,,2,0.0
cdi_ca_1956_wk_prov_dbs_Part27_tables.csv,23,2,64,4,False,False,False,False,False,,1,0.5
cdi_ca_1956_wk_prov_dbs_Part27_tables.csv,23,3,979,23,False,False,False,False,False,,3,0.0
cdi_ca_1956_wk_prov_dbs_Part27_tables.csv,23,4,"1,280",20,False,False,False,False,False,,3,0.4
cdi_ca_1956_wk_prov_dbs_Part27_tables.csv,23,5,"1,424",69,False,False,False,False,False,,5,0.0
cdi_ca_1956_wk_prov_dbs_Part27_tables.csv,23,17,1,-,False,False,False,False,False,,1,0.0
cdi_ca_1956_wk_prov_dbs_Part27_tables.csv,23,18,10,-,False,False,False,False,False,,2,0.0
cdi_ca_1956_wk_prov_dbs_Part27_tables.csv,23,19,14,-,False,False,False,False,False,,2,0.0
cdi_ca_1956_wk_prov_dbs_Part27_tables.csv,23,20,17,-,False,False,False,False,False,,2,0.0
cdi_ca_1956_wk_prov_dbs_Part27_tables.csv,23,21,7,-,False,False,False,False,False,,1,0.0
cdi_ca_1956_wk_prov_dbs_Part27_tables.csv,23,22,5,-,False,False,False,False,False,,1,0.0
cdi_ca_1956_wk_prov_dbs_Part27_tables.csv,23,24,1,-,False,False,False,False,False,,1,0.0
cdi_ca_1956_wk_prov_dbs_Part27_tables.csv,23,25,2,-,False,False,False,False,False,,1,0.0
cdi_ca_1956_wk_prov_dbs_Part27_tables.csv,23,26,2,-,False,False,False,False,False,,1,0.0
cdi_ca_1956_wk_prov_dbs_Part27_tables.csv,23,27,1,-,False,False,False,False,False,,1,0.0
cdi_ca_1956_wk_prov_dbs_Part27_tables.csv,23,28,2,-,False,False,False,False,False,,1,0.0
cdi_ca_1956_wk_prov_dbs_Part27_tables.csv,23,32,2,-,False,False,False,False,False,,1,0.0
cdi_ca_1956_wk_prov_dbs_Part27_tables.csv,23,33,3,-,False,False,False,False,False,,1,0.0
cdi_ca_1956_wk_prov_dbs_Part27_tables.csv,23,34,6,-,False,False,False,False,False,,1,0.0
cdi_ca_1956_wk_prov_dbs_Part27_tables.csv,23,35,6,-,False,False,False,False,False,,1,0.0
cdi_ca_1956_wk_prov_dbs_Part27_tables.csv,23,36,25,24,False,False,False,False,False,,1,0.5
cdi_ca_1956_wk_prov_dbs_Part27_tables.csv,24,0,242,27,False,False,False,False,False,,2,0.33333333333333337
cdi_ca_1956_wk_prov_dbs_Part27_tables.csv,24,1,241,30,False,False,False,False,False,,3,0.0
cdi_ca_1956_wk_prov_dbs_Part27_tables.csv,24,2,285,64,False,False,False,False,False,,3,0.0
cdi_ca_1956_wk_prov_dbs_Part27_tables.csv,24,3,"7,177",979,False,False,False,False,False,,4,0.19999999999999996
cdi_ca_1956_wk_prov_dbs_Part27_tables.csv,24,4,"7,312",1280,False,False,False,False,False,,5,0.0
cdi_ca_1956_wk_prov_dbs_Part27_tables.csv,24,5,"7,312",1424,False,False,False,False,False,,5,0.0
cdi_ca_1956_wk_prov_dbs_Part27_tables.csv,24,6,-,4,False,False,False,False,False,,1,0.0
cdi_ca_1956_wk_prov_dbs_Part27_tables.csv,24,7,2,-,False,False,False,False,False,,1,0.0
cdi_ca_1956_wk_prov_dbs_Part27_tables.csv,24,8,10,2,False,False,False,False,False,,2,0.0
cdi_ca_1956_wk_prov_dbs_Part27_tables.csv,24,11,1,-,False,False,False,False,False,,1,0.0
cdi_ca_1956_wk_prov_dbs_Part27_tables.csv,24,12,16,1,False,False,False,False,False,,1,0.5
cdi_ca_1956_wk_prov_dbs_Part27_tables.csv,24,13,2,-,False,False,False,False,False,,1,0.0
cdi_ca_1956_wk_prov_dbs_Part27_tables.csv,24,15,6,-,False,False,False,False,False,,1,0.0
cdi_ca_1956_wk_prov_dbs_Part27_tables.csv,24,16,6,-,False,False,False,False,False,,1,0.0
cdi_ca_1956_wk_prov_dbs_Part27_tables.csv,24,17,2,1,False,False,False,False,False,,1,0.0
cdi_ca_1956_wk_prov_dbs_Part27_tables.csv,24,18,44,10,False,False,False,False,False,,2,0.0
cdi_ca_1956_wk_prov_dbs_Part27_tables.csv,24,19,32,14,False,False,False,False,False,,2,0.0
cdi_ca_1956_wk_prov_dbs_Part27_tables.csv,24,20,44,17,False,False,False,False,False,,2,0.0
cdi_ca_1956_wk_prov_dbs_Part27_tables.csv,24,21,23,7,False,False,False,False,False,,2,0.0
cdi_ca_1956_wk_prov_dbs_Part27_tables.csv,24,22,24,5,False,False,False,False,False,,2,0.0
cdi_ca_1956_wk_prov_dbs_Part27_tables.csv,24,23,39,14,False,False,False,False,False,,2,0.0
cdi_ca_1956_wk_prov_dbs_Part27_tables.csv,24,24,20,1,False,False,False,False,False,,2,0.0
cdi_ca_1956_wk_prov_dbs_Part27_tables.csv,24,25,15,2,False,False,False,False,False,,2,0.0
cdi_ca_1956_wk_prov_dbs_Part27_tables.csv,24,26,31,2,False,False,False,False,False,,2,0.0
cdi_ca_1956_wk_prov_dbs_Part27_tables.csv,24,27,25,1,False,False,False,False,False,,2,0.0
cdi_ca_1956_wk_prov_dbs_Part27_tables.csv,24,28,27,2,False,False,False,False,False,,1,0.5
cdi_ca_1956_wk_prov_dbs_Part27_tables.csv,24,29,34,5,False,False,False,False,False,,2,0.0
cdi_ca_1956_wk_prov_dbs_Part27_tables.csv,24,30,42,-,False,False,False,False,False,,2,0.0
cdi_ca_1956_wk_prov_dbs_Part27_tables.csv,24,31,52,1,False,False,False,False,False,,2,0.0
cdi_ca_1956_wk_prov_dbs_Part27_tables.csv,24,32,50,2,False,False,False,False,False,,2,0.0
cdi_ca_1956_wk_prov_dbs_Part27_tables.csv,24,33,66,3,False,False,False,False,False,,2,0.0
cdi_ca_1956_wk_prov_dbs_Part27_tables.csv,24,34,81,6,False,False,False,False,False,,2,0.0
cdi_ca_1956_wk_prov_dbs_Part27_tables.csv,24,35,54,6,False,False,False,False,False,,2,0.0
cdi_ca_1956_wk_prov_dbs_Part27_tables.csv,24,36,26,25,False,False,False,False,False,,1,0.5
cdi_ca_1956_wk_prov_dbs_Part27_tables.csv,25,0,-,242,False,False,False,False,False,,3,0.0
cdi_ca_1956_wk_prov_dbs_Part27_tables.csv,25,1,-,241,False,False,False,False,False,,3,0.0
cdi_ca_1956_wk_prov_dbs_Part27_tables.csv,25,2,-,285,False,False,False,False,False,,3,0.0
cdi_ca_1956_wk_prov_dbs_Part27_tables.csv,25,3,1,7177,False,False,False,False,False,,3,0.25
cdi_ca_1956_wk_prov_dbs_Part27_tables.csv,25,4,13,7312,False,False,False,False,False,,3,0.25
cdi_ca_1956_wk_prov_dbs_Part27_tables.csv,25,5,12,7312,False,False,False,False,False,,2,0.5
cdi_ca_1956_wk_prov_dbs_Part27_tables.csv,25,7,-,2,False,False,False,False,False,,1,0.0
cdi_ca_1956_wk_prov_dbs_Part27_tables.csv,25,8,-,10,False,False,False,False,False,,2,0.0
cdi_ca_1956_wk_prov_dbs_Part27_tables.csv,25,12,1,16,False,False,False,False,False,,1,0.5
cdi_ca_1956_wk_prov_dbs_Part27_tables.csv,25,13,$,2,False,False,False,False,False,,1,0.0
cdi_ca_1956_wk_prov_dbs_Part27_tables.csv,25,14,-,7,False,False,False,False,False,,1,0.0
cdi_ca_1956_wk_prov_dbs_Part27_tables.csv,25,15,-,6,False,False,False,False,False,,1,0.0
cdi_ca_1956_wk_prov_dbs_Part27_tables.csv,25,16,-,6,False,False,False,False,False,,1,0.0
cdi_ca_1956_wk_prov_dbs_Part27_tables.csv,25,17,-,2,False,False,False,False,False,,1,0.0
cdi_ca_1956_wk_prov_dbs_Part27_tables.csv,25,18,-,44,False,False,False,False,False,,2,0.0
cdi_ca_1956_wk_prov_dbs_Part27_tables.csv,25,19,-,32,False,False,False,False,False,,2,0.0
cdi_ca_1956_wk_prov_dbs_Part27_tables.csv,25,20,-,44,False,False,False,False,False,,2,0.0
cdi_ca_1956_wk_prov_dbs_Part27_tables.csv,25,21,-,23,False,False,False,False,False,,2,0.0
cdi_ca_1956_wk_prov_dbs_Part27_tables.csv,25,22,-,24,False,False,False,False,False,,2,0.0
cdi_ca_1956_wk_prov_dbs_Part27_tables.csv,25,23,-,39,False,False,False,False,False,,2,0.0
cdi_ca_1956_wk_prov_dbs_Part27_tables.csv,25,24,-,20,False,False,False,False,False,,2,0.0
cdi_ca_1956_wk_prov_dbs_Part27_tables.csv,25,25,-,15,False,False,False,False,False,,2,0.0
cdi_ca_1956_wk_prov_dbs_Part27_tables.csv,25,26,-,31,False,False,False,False,False,,2,0.0
cdi_ca_1956_wk_prov_dbs_Part27_tables.csv,25,27,-,25,False,False,False,False,False,,2,0.0
cdi_ca_1956_wk_prov_dbs_Part27_tables.csv,25,28,-,27,False,False,False,False,False,,2,0.0
cdi_ca_1956_wk_prov_dbs_Part27_tables.csv,25,29,-,34,False,False,False,False,False,,2,0.0
cdi_ca_1956_wk_prov_dbs_Part27_tables.csv,25,30,-,42,False,False,False,False,False,,2,0.0
cdi_ca_1956_wk_prov_dbs_Part27_tables.csv,25,31,-,52,False,False,False,False,False,,2,0.0
cdi_ca_1956_wk_prov_dbs_Part27_tables.csv,25,32,-,50,False,False,False,False,False,,2,0.0
cdi_ca_1956_wk_prov_dbs_Part27_tables.csv,25,33,-,66,False,False,False,False,False,,2,0.0
cdi_ca_1956_wk_prov_dbs_Part27_tables.csv,25,34,-,81,False,False,False,False,False,,2,0.0
cdi_ca_1956_wk_prov_dbs_Part27_tables.csv,25,35,-,54,False,False,False,False,False,,2,0.0
cdi_ca_1956_wk_prov_dbs_Part27_tables.csv,25,36,27,26,False,False,False,False,False,,1,0.5
cdi_ca_1956_wk_prov_dbs_Part27_tables.csv,26,0,106,-,False,False,False,False,False,,3,0.0
cdi_ca_1956_wk_prov_dbs_Part27_tables.csv,26,1,93,-,False,False,False,False,False,,2,0.0
cdi_ca_1956_wk_prov_dbs_Part27_tables.csv,26,2,103,-,False,False,False,False,False,,3,0.0
cdi_ca_1956_wk_prov_dbs_Part27_tables.csv,26,3,"4,586",1,False,False,False,False,False,,5,0.0
cdi_ca_1956_wk_prov_dbs_Part27_tables.csv,26,4,"7,146",13,False,False,False,False,False,,4,0.19999999999999996
cdi_ca_1956_wk_prov_dbs_Part27_tables.csv,26,5,"4,464",12,False,False,False,False,False,,5,0.0
cdi_ca_1956_wk_prov_dbs_Part27_tables.csv,26,6,2,-,False,False,False,False,False,,1,0.0
cdi_ca_1956_wk_prov_dbs_Part27_tables.csv,26,9,8,-,False,False,False,False,False,,1,0.0
cdi_ca_1956_wk_prov_dbs_Part27_tables.csv,26,10,13,-,False,False,False,False,False,,2,0.0
cdi_ca_1956_wk_prov_dbs_Part27_tables.csv,26,11,1,-,False,False,False,False,False,,1,0.0
cdi_ca_1956_wk_prov_dbs_Part27_tables.csv,26,12,3,-,False,False,False,False,False,,1,0.0
cdi_ca_1956_wk_prov_dbs_Part27_tables.csv,26,13,2,-,False,False,False,False,False,,1,0.0
cdi_ca_1956_wk_prov_dbs_Part27_tables.csv,26,18,45,-,False,False,False,False,False,,2,0.0
cdi_ca_1956_wk_prov_dbs_Part27_tables.csv,26,19,23,-,False,False,False,False,False,,2,0.0
cdi_ca_1956_wk_prov_dbs_Part27_tables.csv,26,20,45,-,False,False,False,False,False,,2,0.0
cdi_ca_1956_wk_prov_dbs_Part27_tables.csv,26,21,&,-,False,False,False,False,False,,1,0.0
cdi_ca_1956_wk_prov_dbs_Part27_tables.csv,26,22,9,-,False,False,False,False,False,,1,0.0
cdi_ca_1956_wk_prov_dbs_Part27_tables.csv,26,23,29,-,False,False,False,False,False,,2,0.0
cdi_ca_1956_wk_prov_dbs_Part27_tables.csv,26,24,2,-,False,False,False,False,False,,1,0.0
cdi_ca_1956_wk_prov_dbs_Part27_tables.csv,26,25,16,-,False,False,False,False,False,,2,0.0
cdi_ca_1956_wk_prov_dbs_Part27_tables.csv,26,26,3,-,False,False,False,False,False,,1,0.0
cdi_ca_1956_wk_prov_dbs_Part27_tables.csv,26,27,10,-,False,False,False,False,False,,2,0.0
cdi_ca_1956_wk_prov_dbs_Part27_tables.csv,26,28,5.,-,False,False,False,False,False,,2,0.0
cdi_ca_1956_wk_prov_dbs_Part27_tables.csv,26,29,2,-,False,False,False,False,False,,1,0.0
cdi_ca_1956_wk_prov_dbs_Part27_tables.csv,26,30,2,-,False,False,False,False,False,,1,0.0
cdi_ca_1956_wk_prov_dbs_Part27_tables.csv,26,31,1,-,False,False,False,False,False,,1,0.0
cdi_ca_1956_wk_prov_dbs_Part27_tables.csv,26,32,9,-,False,False,False,False,False,,1,0.0
cdi_ca_1956_wk_prov_dbs_Part27_tables.csv,26,33,26,-,False,False,False,False,False,,2,0.0
cdi_ca_1956_wk_prov_dbs_Part27_tables.csv,26,34,24,-,False,False,False,False,False,,2,0.0
cdi_ca_1956_wk_prov_dbs_Part27_tables.csv,26,35,12,-,False,False,False,False,False,,2,0.0
cdi_ca_1956_wk_prov_dbs_Part27_tables.csv,26,36,28,27,False,False,False,False,False,,1,0.5
cdi_ca_1956_wk_prov_dbs_Part27_tables.csv,27,0,,106,False,False,False,False,False,,3,0.0
cdi_ca_1956_wk_prov_dbs_Part27_tables.csv,27,1,,93,False,False,False,False,False,,2,0.0
cdi_ca_1956_wk_prov_dbs_Part27_tables.csv,27,2,,103,False,False,False,False,False,,3,0.0
cdi_ca_1956_wk_prov_dbs_Part27_tables.csv,27,3,,4586,False,False,False,False,False,,4,0.0
cdi_ca_1956_wk_prov_dbs_Part27_tables.csv,27,4,,7146,False,False,False,False,False,,4,0.0
cdi_ca_1956_wk_prov_dbs_Part27_tables.csv,27,5,,4464,False,False,False,False,False,,4,0.0
cdi_ca_1956_wk_prov_dbs_Part27_tables.csv,27,6,,2,False,False,False,False,False,,1,0.0
cdi_ca_1956_wk_prov_dbs_Part27_tables.csv,27,7,,-,False,False,False,False,False,,1,0.0
cdi_ca_1956_wk_prov_dbs_Part27_tables.csv,27,8,,-,False,False,False,False,False,,1,0.0
cdi_ca_1956_wk_prov_dbs_Part27_tables.csv,27,9,,8,False,False,False,False,False,,1,0.0
cdi_ca_1956_wk_prov_dbs_Part27_tables.csv,27,10,,13,False,False,False,False,False,,2,0.0
cdi_ca_1956_wk_prov_dbs_Part27_tables.csv,27,11,,1,False,False,False,False,False,,1,0.0
cdi_ca_1956_wk_prov_dbs_Part27_tables.csv,27,12,,3,False,False,False,False,False,,1,0.0
cdi_ca_1956_wk_prov_dbs_Part27_tables.csv,27,13,,2,False,False,False,False,False,,1,0.0
cdi_ca_1956_wk_prov_dbs_Part27_tables.csv,27,14,,2,False,False,False,False,False,,1,0.0
cdi_ca_1956_wk_prov_dbs_Part27_tables.csv,27,15,,-,False,False,False,False,False,,1,0.0
cdi_ca_1956_wk_prov_dbs_Part27_tables.csv,27,16,,-,False,False,False,False,False,,1,0.0
cdi_ca_1956_wk_prov_dbs_Part27_tables.csv,27,17,,-,False,False,False,False,False,,1,0.0
cdi_ca_1956_wk_prov_dbs_Part27_tables.csv,27,18,,45,False,False,False,False,False,,2,0.0
cdi_ca_1956_wk_prov_dbs_Part27_tables.csv,27,19,,23,False,False,False,False,False,,2,0.0
cdi_ca_1956_wk_prov_dbs_Part27_tables.csv,27,20,,45,False,False,False,False,False,,2,0.0
cdi_ca_1956_wk_prov_dbs_Part27_tables.csv,27,21,,8,False,False,False,False,False,,1,0.0
cdi_ca_1956_wk_prov_dbs_Part27_tables.csv,27,22,,9,False,False,False,False,False,,1,0.0
cdi_ca_1956_wk_prov_dbs_Part27_tables.csv,27,23,,29,False,False,False,False,False,,2,0.0
cdi_ca_1956_wk_prov_dbs_Part27_tables.csv,27,24,,2,False,False,False,False,False,,1,0.0
cdi_ca_1956_wk_prov_dbs_Part27_tables.csv,27,25,,16,False,False,False,False,False,,2,0.0
cdi_ca_1956_wk_prov_dbs_Part27_tables.csv,27,26,,3,False,False,False,False,False,,1,0.0
cdi_ca_1956_wk_prov_dbs_Part27_tables.csv,27,27,,10,False,False,False,False,False,,2,0.0
cdi_ca_1956_wk_prov_dbs_Part27_tables.csv,27,28,,5,False,False,False,False,False,,1,0.0
cdi_ca_1956_wk_prov_dbs_Part27_tables.csv,27,29,,2,False,False,False,False,False,,1,0.0
cdi_ca_1956_wk_prov_dbs_Part27_tables.csv,27,30,,2,False,False,False,False,False,,1,0.0
cdi_ca_1956_wk_prov_dbs_Part27_tables.csv,27,31,,1,False,False,False,False,False,,1,0.0
cdi_ca_1956_wk_prov_dbs_Part27_tables.csv,27,32,,9,False,False,False,False,False,,1,0.0
cdi_ca_1956_wk_prov_dbs_Part27_tables.csv,27,33,,26,False,False,False,False,False,,2,0.0
cdi_ca_1956_wk_prov_dbs_Part27_tables.csv,27,34,,24,False,False,False,False,False,,2,0.0
cdi_ca_1956_wk_prov_dbs_Part27_tables.csv,27,35,,12,False,False,False,False,False,,2,0.0
cdi_ca_1956_wk_prov_dbs_Part27_tables.csv,27,36,,28,False,False,False,False,False,,2,0.0
cdi_ca_1956_wk_prov_dbs_Part28_tables.csv,0,0,1,252,False,False,False,False,False,,3,0.0
cdi_ca_1956_wk_prov_dbs_Part28_tables.csv,0,1,1,255,False,False,False,False,False,,3,0.0
cdi_ca_1956_wk_prov_dbs_Part28_tables.csv,0,2,2,407,False,False,False,False,False,,3,0.0
cdi_ca_1956_wk_prov_dbs_Part28_tables.csv,0,3,52,25373,False,False,False,False,False,,4,0.19999999999999996
cdi_ca_1956_wk_prov_dbs_Part28_tables.csv,0,4,56,23561,False,False,False,False,False,,3,0.4
cdi_ca_1956_wk_prov_dbs_Part28_tables.csv,0,5,83,30544,False,False,False,False,False,,5,0.0
cdi_ca_1956_wk_prov_dbs_Part28_tables.csv,0,6,1,3,False,False,False,False,False,,1,0.0
cdi_ca_1956_wk_prov_dbs_Part28_tables.csv,0,7,-,2,False,False,False,False,False,,1,0.0
cdi_ca_1956_wk_prov_dbs_Part28_tables.csv,0,10,-,1,False,False,False,False,False,,1,0.0
cdi_ca_1956_wk_prov_dbs_Part28_tables.csv,0,11,-,11,False,False,False,False,False,,2,0.0
cdi_ca_1956_wk_prov_dbs_Part28_tables.csv,0,12,-,27,False,False,False,False,False,,2,0.0
cdi_ca_1956_wk_prov_dbs_Part28_tables.csv,0,13,-,13,False,False,False,False,False,,2,0.0
cdi_ca_1956_wk_prov_dbs_Part28_tables.csv,0,14,-,21,False,False,False,False,False,,2,0.0
cdi_ca_1956_wk_prov_dbs_Part28_tables.csv,0,15,-,..,False,False,False,False,False,,2,0.0
cdi_ca_1956_wk_prov_dbs_Part28_tables.csv,0,16,-,..,False,False,False,False,False,,2,0.0
cdi_ca_1956_wk_prov_dbs_Part28_tables.csv,0,17,-,..,False,False,False,False,False,,2,0.0
cdi_ca_1956_wk_prov_dbs_Part28_tables.csv,0,18,-,41,False,False,False,False,False,,2,0.0
cdi_ca_1956_wk_prov_dbs_Part28_tables.csv,0,19,1,22,False,False,False,False,False,,2,0.0
cdi_ca_1956_wk_prov_dbs_Part28_tables.csv,0,20,1,60,False,False,False,False,False,,2,0.0
cdi_ca_1956_wk_prov_dbs_Part28_tables.csv,0,21,-,130,False,False,False,False,False,,3,0.0
cdi_ca_1956_wk_prov_dbs_Part28_tables.csv,0,22,-,139,False,False,False,False,False,,3,0.0
cdi_ca_1956_wk_prov_dbs_Part28_tables.csv,0,23,-,164,False,False,False,False,False,,3,0.0
cdi_ca_1956_wk_prov_dbs_Part28_tables.csv,0,24,-,7,False,False,False,False,False,,1,0.0
cdi_ca_1956_wk_prov_dbs_Part28_tables.csv,0,25,-,10,False,False,False,False,False,,2,0.0
cdi_ca_1956_wk_prov_dbs_Part28_tables.csv,0,26,-,22,False,False,False,False,False,,2,0.0
cdi_ca_1956_wk_prov_dbs_Part28_tables.csv,0,27,-,..,False,False,False,False,False,,2,0.0
cdi_ca_1956_wk_prov_dbs_Part28_tables.csv,0,28,-,..,False,False,False,False,False,,2,0.0
cdi_ca_1956_wk_prov_dbs_Part28_tables.csv,0,29,-,26,False,False,False,False,False,,2,0.0
cdi_ca_1956_wk_prov_dbs_Part28_tables.csv,0,30,-,..,False,False,False,False,False,,2,0.0
cdi_ca_1956_wk_prov_dbs_Part28_tables.csv,0,31,-,..,False,False,False,False,False,,2,0.0
cdi_ca_1956_wk_prov_dbs_Part28_tables.csv,0,32,-,14,False,False,False,False,False,,2,0.0
cdi_ca_1956_wk_prov_dbs_Part28_tables.csv,0,33,-,44,False,False,False,False,False,,2,0.0
cdi_ca_1956_wk_prov_dbs_Part28_tables.csv,0,34,-,68,False,False,False,False,False,,2,0.0
cdi_ca_1956_wk_prov_dbs_Part28_tables.csv,0,35,-,52,False,False,False,False,False,,2,0.0
cdi_ca_1956_wk_prov_dbs_Part28_tables.csv,0,36,2,1,False,False,False,False,False,,1,0.0
cdi_ca_1956_wk_prov_dbs_Part28_tables.csv,1,0,23,1,False,False,False,False,False,,2,0.0
cdi_ca_1956_wk_prov_dbs_Part28_tables.csv,1,1,6,1,False,False,False,False,False,,1,0.0
cdi_ca_1956_wk_prov_dbs_Part28_tables.csv,1,2,12,2,False,False,False,False,False,,1,0.5
cdi_ca_1956_wk_prov_dbs_Part28_tables.csv,1,3,337,52,False,False,False,False,False,,3,0.0
cdi_ca_1956_wk_prov_dbs_Part28_tables.csv,1,4,299,56,False,False,False,False,False,,3,0.0
cdi_ca_1956_wk_prov_dbs_Part28_tables.csv,1,5,299,83,False,False,False,False,False,,3,0.0
cdi_ca_1956_wk_prov_dbs_Part28_tables.csv,1,6,-,1,False,False,False,False,False,,1,0.0
cdi_ca_1956_wk_prov_dbs_Part28_tables.csv,1,15,:.,-,False,False,False,False,False,,2,0.0
cdi_ca_1956_wk_prov_dbs_Part28_tables.csv,1,16,:.,-,False,False,False,False,False,,2,0.0
cdi_ca_1956_wk_prov_dbs_Part28_tables.csv,1,17,:,-,False,False,False,False,False,,1,0.0
cdi_ca_1956_wk_prov_dbs_Part28_tables.csv,1,18,:,-,False,False,False,False,False,,1,0.0
cdi_ca_1956_wk_prov_dbs_Part28_tables.csv,1,19,:,1,False,False,False,False,False,,1,0.0
cdi_ca_1956_wk_prov_dbs_Part28_tables.csv,1,21,1,-,False,False,False,False,False,,1,0.0
cdi_ca_1956_wk_prov_dbs_Part28_tables.csv,1,22,2,-,False,False,False,False,False,,1,0.0
cdi_ca_1956_wk_prov_dbs_Part28_tables.csv,1,33,8,-,False,False,False,False,False,,1,0.0
cdi_ca_1956_wk_prov_dbs_Part28_tables.csv,1,34,3,-,False,False,False,False,False,,1,0.0
cdi_ca_1956_wk_prov_dbs_Part28_tables.csv,1,35,3,-,False,False,False,False,False,,1,0.0
cdi_ca_1956_wk_prov_dbs_Part28_tables.csv,1,36,3,2,False,False,False,False,False,,1,0.0
cdi_ca_1956_wk_prov_dbs_Part28_tables.csv,2,0,-,23,False,False,False,False,False,,2,0.0
cdi_ca_1956_wk_prov_dbs_Part28_tables.csv,2,1,-,6,False,False,False,False,False,,1,0.0
cdi_ca_1956_wk_prov_dbs_Part28_tables.csv,2,2,1,12,False,False,False,False,False,,1,0.5
cdi_ca_1956_wk_prov_dbs_Part28_tables.csv,2,3,-,337,False,False,False,False,False,,3,0.0
cdi_ca_1956_wk_prov_dbs_Part28_tables.csv,2,4,2,299,False,False,False,False,False,,2,0.33333333333333337
cdi_ca_1956_wk_prov_dbs_Part28_tables.csv,2,5,6,299,False,False,False,False,False,,3,0.0
cdi_ca_1956_wk_prov_dbs_Part28_tables.csv,2,15,,..,False,False,False,False,False,,2,0.0
cdi_ca_1956_wk_prov_dbs_Part28_tables.csv,2,16,:.,..,False,False,False,False,False,,1,0.5
cdi_ca_1956_wk_prov_dbs_Part28_tables.csv,2,17,: .,..,False,False,False,False,False,,2,0.33333333333333337
cdi_ca_1956_wk_prov_dbs_Part28_tables.csv,2,18,:.,..,False,False,False,False,False,,1,0.5
cdi_ca_1956_wk_prov_dbs_Part28_tables.csv,2,19,:.,..,False,False,False,False,False,,1,0.5
cdi_ca_1956_wk_prov_dbs_Part28_tables.csv,2,20,:.,..,False,False,False,False,False,,1,0.5
cdi_ca_1956_wk_prov_dbs_Part28_tables.csv,2,21,-,1,False,False,False,False,False,,1,0.0
cdi_ca_1956_wk_prov_dbs_Part28_tables.csv,2,22,-,2,False,False,False,False,False,,1,0.0
cdi_ca_1956_wk_prov_dbs_Part28_tables.csv,2,23,1,3,False,False,False,False,False,,1,0.0
cdi_ca_1956_wk_prov_dbs_Part28_tables.csv,2,27,-,14,False,False,False,False,False,,2,0.0
cdi_ca_1956_wk_prov_dbs_Part28_tables.csv,2,31,-,1,False,False,False,False,False,,1,0.0
cdi_ca_1956_wk_prov_dbs_Part28_tables.csv,2,33,-,8,False,False,False,False,False,,1,0.0
cdi_ca_1956_wk_prov_dbs_Part28_tables.csv,2,34,-,3,False,False,False,False,False,,1,0.0
cdi_ca_1956_wk_prov_dbs_Part28_tables.csv,2,35,-,3,False,False,False,False,False,,1,0.0
cdi_ca_1956_wk_prov_dbs_Part28_tables.csv,2,36,4,3,False,False,False,False,False,,1,0.0
cdi_ca_1956_wk_prov_dbs_Part28_tables.csv,3,0,23,-,False,False,False,False,False,,2,0.0
cdi_ca_1956_wk_prov_dbs_Part28_tables.csv,3,1,6,-,False,False,False,False,False,,1,0.0
cdi_ca_1956_wk_prov_dbs_Part28_tables.csv,3,2,6,1,False,False,False,False,False,,1,0.0
cdi_ca_1956_wk_prov_dbs_Part28_tables.csv,3,3,337,-,False,False,False,False,False,,3,0.0
cdi_ca_1956_wk_prov_dbs_Part28_tables.csv,3,4,297,2,False,False,False,False,False,,2,0.33333333333333337
cdi_ca_1956_wk_prov_dbs_Part28_tables.csv,3,5,297,6,False,False,False,False,False,,3,0.0
cdi_ca_1956_wk_prov_dbs_Part28_tables.csv,3,18,:.,..,False,False,False,False,False,,1,0.5
cdi_ca_1956_wk_prov_dbs_Part28_tables.csv,3,19,:,..,False,False,False,False,False,,2,0.0
cdi_ca_1956_wk_prov_dbs_Part28_tables.csv,3,20,: .,..,False,False,False,False,False,,2,0.33333333333333337
cdi_ca_1956_wk_prov_dbs_Part28_tables.csv,3,21,1,-,False,False,False,False,False,,1,0.0
cdi_ca_1956_wk_prov_dbs_Part28_tables.csv,3,23,-,1,False,False,False,False,False,,1,0.0
cdi_ca_1956_wk_prov_dbs_Part28_tables.csv,3,33,8,-,False,False,False,False,False,,1,0.0
cdi_ca_1956_wk_prov_dbs_Part28_tables.csv,3,34,3,-,False,False,False,False,False,,1,0.0
cdi_ca_1956_wk_prov_dbs_Part28_tables.csv,3,35,3,-,False,False,False,False,False,,1,0.0
cdi_ca_1956_wk_prov_dbs_Part28_tables.csv,3,36,5,4,False,False,False,False,False,,1,0.0
cdi_ca_1956_wk_prov_dbs_Part28_tables.csv,4,0,-,23,False,False,False,False,False,,2,0.0
cdi_ca_1956_wk_prov_dbs_Part28_tables.csv,4,1,-,6,False,False,False,False,False,,1,0.0
cdi_ca_1956_wk_prov_dbs_Part28_tables.csv,4,2,-,6,False,False,False,False,False,,1,0.0
cdi_ca_1956_wk_prov_dbs_Part28_tables.csv,4,3,10,337,False,False,False,False,False,,3,0.0
cdi_ca_1956_wk_prov_dbs_Part28_tables.csv,4,4,13,297,False,False,False,False,False,,3,0.0
cdi_ca_1956_wk_prov_dbs_Part28_tables.csv,4,5,17,297,False,False,False,False,False,,2,0.33333333333333337
cdi_ca_1956_wk_prov_dbs_Part28_tables.csv,4,9,..,-,False,False,False,False,False,,2,0.0
cdi_ca_1956_wk_prov_dbs_Part28_tables.csv,4,10,...,-,False,False,False,False,False,,3,0.0
cdi_ca_1956_wk_prov_dbs_Part28_tables.csv,4,15,-,..,False,False,False,False,False,,2,0.0
cdi_ca_1956_wk_prov_dbs_Part28_tables.csv,4,16,-,..,False,False,False,False,False,,2,0.0
cdi_ca_1956_wk_prov_dbs_Part28_tables.csv,4,17,-,..,False,False,False,False,False,,2,0.0
cdi_ca_1956_wk_prov_dbs_Part28_tables.csv,4,18,:,..,False,False,False,False,False,,2,0.0
cdi_ca_1956_wk_prov_dbs_Part28_tables.csv,4,19,:.,..,False,False,False,False,False,,1,0.5
cdi_ca_1956_wk_prov_dbs_Part28_tables.csv,4,20,,..,False,False,False,False,False,,2,0.0
cdi_ca_1956_wk_prov_dbs_Part28_tables.csv,4,21,:.,1,False,False,False,False,False,,2,0.0
cdi_ca_1956_wk_prov_dbs_Part28_tables.csv,4,22,:.,2,False,False,False,False,False,,2,0.0
cdi_ca_1956_wk_prov_dbs_Part28_tables.csv,4,27,-,14,False,False,False,False,False,,2,0.0
cdi_ca_1956_wk_prov_dbs_Part28_tables.csv,4,31,-,1,False,False,False,False,False,,1,0.0
cdi_ca_1956_wk_prov_dbs_Part28_tables.csv,4,33,-,8,False,False,False,False,False,,1,0.0
cdi_ca_1956_wk_prov_dbs_Part28_tables.csv,4,34,-,3,False,False,False,False,False,,1,0.0
cdi_ca_1956_wk_prov_dbs_Part28_tables.csv,4,35,-,3,False,False,False,False,False,,1,0.0
cdi_ca_1956_wk_prov_dbs_Part28_tables.csv,4,36,6,5,False,False,False,False,False,,1,0.0
cdi_ca_1956_wk_prov_dbs_Part28_tables.csv,5,0, infectious,-,False,False,False,False,False,,11,0.0
cdi_ca_1956_wk_prov_dbs_Part28_tables.csv,5,1,148,-,False,False,False,False,False,,3,0.0
cdi_ca_1956_wk_prov_dbs_Part28_tables.csv,5,2,140,-,False,False,False,False,False,,3,0.0
cdi_ca_1956_wk_prov_dbs_Part28_tables.csv,5,3,18,10,False,False,False,False,False,,1,0.5
cdi_ca_1956_wk_prov_dbs_Part28_tables.csv,5,4,"8,191",13,False,False,False,False,False,,4,0.19999999999999996
cdi_ca_1956_wk_prov_dbs_Part28_tables.csv,5,5,"36,110",17,False,False,False,False,False,,5,0.16666666666666663
cdi_ca_1956_wk_prov_dbs_Part28_tables.csv,5,6,"8,900",-,False,False,False,False,False,,5,0.0
cdi_ca_1956_wk_prov_dbs_Part28_tables.csv,5,7,....,-,False,False,False,False,False,,4,0.0
cdi_ca_1956_wk_prov_dbs_Part28_tables.csv,5,8,...,-,False,False,False,False,False,,3,0.0
cdi_ca_1956_wk_prov_dbs_Part28_tables.csv,5,9,...,..,False,False,False,False,False,,1,0.6666666666666667
cdi_ca_1956_wk_prov_dbs_Part28_tables.csv,5,10,126,..,False,False,False,False,False,,3,0.0
cdi_ca_1956_wk_prov_dbs_Part28_tables.csv,5,11,90,..,False,False,False,False,False,,2,0.0
cdi_ca_1956_wk_prov_dbs_Part28_tables.csv,5,12,...,-,False,False,False,False,False,,3,0.0
cdi_ca_1956_wk_prov_dbs_Part28_tables.csv,5,13,22,-,False,False,False,False,False,,2,0.0
cdi_ca_1956_wk_prov_dbs_Part28_tables.csv,5,14,44,-,False,False,False,False,False,,2,0.0
cdi_ca_1956_wk_prov_dbs_Part28_tables.csv,5,18,-,..,False,False,False,False,False,,2,0.0
cdi_ca_1956_wk_prov_dbs_Part28_tables.csv,5,19,-,..,False,False,False,False,False,,2,0.0
cdi_ca_1956_wk_prov_dbs_Part28_tables.csv,5,20,-,..,False,False,False,False,False,,2,0.0
cdi_ca_1956_wk_prov_dbs_Part28_tables.csv,5,21,-,..,False,False,False,False,False,,2,0.0
cdi_ca_1956_wk_prov_dbs_Part28_tables.csv,5,22,-,..,False,False,False,False,False,,2,0.0
cdi_ca_1956_wk_prov_dbs_Part28_tables.csv,5,23,1,..,False,False,False,False,False,,2,0.0
cdi_ca_1956_wk_prov_dbs_Part28_tables.csv,5,31,:.,-,False,False,False,False,False,,2,0.0
cdi_ca_1956_wk_prov_dbs_Part28_tables.csv,5,32,:,-,False,False,False,False,False,,1,0.0
cdi_ca_1956_wk_prov_dbs_Part28_tables.csv,5,36,-,6,False,False,False,False,False,,1,0.0
cdi_ca_1956_wk_prov_dbs_Part28_tables.csv,6,0, epidemic,148,False,False,False,False,False,,9,0.0
cdi_ca_1956_wk_prov_dbs_Part28_tables.csv,6,1,470,140,False,False,False,False,False,,2,0.33333333333333337
cdi_ca_1956_wk_prov_dbs_Part28_tables.csv,6,2,495,18,False,False,False,False,False,,3,0.0
cdi_ca_1956_wk_prov_dbs_Part28_tables.csv,6,3,488,8191,False,False,False,False,False,,4,0.0
cdi_ca_1956_wk_prov_dbs_Part28_tables.csv,6,4,"38,987",36110,False,False,False,False,False,,5,0.16666666666666663
cdi_ca_1956_wk_prov_dbs_Part28_tables.csv,6,5,"41,633",8900,False,False,False,False,False,,6,0.0
cdi_ca_1956_wk_prov_dbs_Part28_tables.csv,6,6,"45,958",..,False,False,False,False,False,,6,0.0
cdi_ca_1956_wk_prov_dbs_Part28_tables.csv,6,7,1,..,False,False,False,False,False,,2,0.0
cdi_ca_1956_wk_prov_dbs_Part28_tables.csv,6,8,3,..,False,False,False,False,False,,2,0.0
cdi_ca_1956_wk_prov_dbs_Part28_tables.csv,6,9,1,126,False,False,False,False,False,,2,0.33333333333333337
cdi_ca_1956_wk_prov_dbs_Part28_tables.csv,6,10,10,90,False,False,False,False,False,,1,0.5
cdi_ca_1956_wk_prov_dbs_Part28_tables.csv,6,11,23,..,False,False,False,False,False,,2,0.0
cdi_ca_1956_wk_prov_dbs_Part28_tables.csv,6,12,2,22,False,False,False,False,False,,1,0.5
cdi_ca_1956_wk_prov_dbs_Part28_tables.csv,6,13,13,44,False,False,False,False,False,,2,0.0
cdi_ca_1956_wk_prov_dbs_Part28_tables.csv,6,14,25,16,False,False,False,False,False,,2,0.0
cdi_ca_1956_wk_prov_dbs_Part28_tables.csv,6,15,34,-,False,False,False,False,False,,2,0.0
cdi_ca_1956_wk_prov_dbs_Part28_tables.csv,6,16,...,-,False,False,False,False,False,,3,0.0
cdi_ca_1956_wk_prov_dbs_Part28_tables.csv,6,17,...,-,False,False,False,False,False,,3,0.0
cdi_ca_1956_wk_prov_dbs_Part28_tables.csv,6,18,1,-,False,False,False,False,False,,1,0.0
cdi_ca_1956_wk_prov_dbs_Part28_tables.csv,6,19,188,-,False,False,False,False,False,,3,0.0
cdi_ca_1956_wk_prov_dbs_Part28_tables.csv,6,20,97,-,False,False,False,False,False,,2,0.0
cdi_ca_1956_wk_prov_dbs_Part28_tables.csv,6,21,116,-,False,False,False,False,False,,3,0.0
cdi_ca_1956_wk_prov_dbs_Part28_tables.csv,6,22,219,1,False,False,False,False,False,,2,0.33333333333333337
cdi_ca_1956_wk_prov_dbs_Part28_tables.csv,6,23,281,-,False,False,False,False,False,,3,0.0
cdi_ca_1956_wk_prov_dbs_Part28_tables.csv,6,24,166,-,False,False,False,False,False,,3,0.0
cdi_ca_1956_wk_prov_dbs_Part28_tables.csv,6,25,10,-,False,False,False,False,False,,2,0.0
cdi_ca_1956_wk_prov_dbs_Part28_tables.csv,6,26,22,2,False,False,False,False,False,,1,0.5
cdi_ca_1956_wk_prov_dbs_Part28_tables.csv,6,27,18,-,False,False,False,False,False,,2,0.0
cdi_ca_1956_wk_prov_dbs_Part28_tables.csv,6,28,...,-,False,False,False,False,False,,3,0.0
cdi_ca_1956_wk_prov_dbs_Part28_tables.csv,6,29,...,-,False,False,False,False,False,,3,0.0
cdi_ca_1956_wk_prov_dbs_Part28_tables.csv,6,30,16,..,False,False,False,False,False,,2,0.0
cdi_ca_1956_wk_prov_dbs_Part28_tables.csv,6,31,-,..,False,False,False,False,False,,2,0.0
cdi_ca_1956_wk_prov_dbs_Part28_tables.csv,6,32,18,..,False,False,False,False,False,,2,0.0
cdi_ca_1956_wk_prov_dbs_Part28_tables.csv,6,33,68,-,False,False,False,False,False,,2,0.0
cdi_ca_1956_wk_prov_dbs_Part28_tables.csv,6,34,29,5,False,False,False,False,False,,2,0.0
cdi_ca_1956_wk_prov_dbs_Part28_tables.csv,6,35,26,-,False,False,False,False,False,,2,0.0
cdi_ca_1956_wk_prov_dbs_Part28_tables.csv,6,36,91,7,False,False,False,False,False,,2,0.0
cdi_ca_1956_wk_prov_dbs_Part28_tables.csv,7,0,4,470,False,False,False,False,False,,2,0.33333333333333337
cdi_ca_1956_wk_prov_dbs_Part28_tables.csv,7,1,1,495,False,False,False,False,False,,3,0.0
cdi_ca_1956_wk_prov_dbs_Part28_tables.csv,7,2,3,488,False,False,False,False,False,,3,0.0
cdi_ca_1956_wk_prov_dbs_Part28_tables.csv,7,3,176,38987,False,False,False,False,False,,5,0.0
cdi_ca_1956_wk_prov_dbs_Part28_tables.csv,7,4,175,41633,False,False,False,False,False,,4,0.19999999999999996
cdi_ca_1956_wk_prov_dbs_Part28_tables.csv,7,5,167,45958,False,False,False,False,False,,5,0.0
cdi_ca_1956_wk_prov_dbs_Part28_tables.csv,7,6,-,1,False,False,False,False,False,,1,0.0
cdi_ca_1956_wk_prov_dbs_Part28_tables.csv,7,7,-,3,False,False,False,False,False,,1,0.0
cdi_ca_1956_wk_prov_dbs_Part28_tables.csv,7,8,-,1,False,False,False,False,False,,1,0.0
cdi_ca_1956_wk_prov_dbs_Part28_tables.csv,7,9,...,10,False,False,False,False,False,,3,0.0
cdi_ca_1956_wk_prov_dbs_Part28_tables.csv,7,10,...,23,False,False,False,False,False,,3,0.0
cdi_ca_1956_wk_prov_dbs_Part28_tables.csv,7,11,9.9,2,False,False,False,False,False,,3,0.0
cdi_ca_1956_wk_prov_dbs_Part28_tables.csv,7,12,-,13,False,False,False,False,False,,2,0.0
cdi_ca_1956_wk_prov_dbs_Part28_tables.csv,7,13,-,25,False,False,False,False,False,,2,0.0
cdi_ca_1956_wk_prov_dbs_Part28_tables.csv,7,14,-,34,False,False,False,False,False,,2,0.0
cdi_ca_1956_wk_prov_dbs_Part28_tables.csv,7,15,-,..,False,False,False,False,False,,2,0.0
cdi_ca_1956_wk_prov_dbs_Part28_tables.csv,7,16,-,..,False,False,False,False,False,,2,0.0
cdi_ca_1956_wk_prov_dbs_Part28_tables.csv,7,18,1,188,False,False,False,False,False,,2,0.33333333333333337
cdi_ca_1956_wk_prov_dbs_Part28_tables.csv,7,19,-,97,False,False,False,False,False,,2,0.0
cdi_ca_1956_wk_prov_dbs_Part28_tables.csv,7,20,-,116,False,False,False,False,False,,3,0.0
cdi_ca_1956_wk_prov_dbs_Part28_tables.csv,7,21,1,219,False,False,False,False,False,,2,0.33333333333333337
cdi_ca_1956_wk_prov_dbs_Part28_tables.csv,7,22,-,281,False,False,False,False,False,,3,0.0
cdi_ca_1956_wk_prov_dbs_Part28_tables.csv,7,23,1,166,False,False,False,False,False,,2,0.33333333333333337
cdi_ca_1956_wk_prov_dbs_Part28_tables.csv,7,24,-,10,False,False,False,False,False,,2,0.0
cdi_ca_1956_wk_prov_dbs_Part28_tables.csv,7,25,-,22,False,False,False,False,False,,2,0.0
cdi_ca_1956_wk_prov_dbs_Part28_tables.csv,7,26,-,18,False,False,False,False,False,,2,0.0
cdi_ca_1956_wk_prov_dbs_Part28_tables.csv,7,27,-,..,False,False,False,False,False,,2,0.0
cdi_ca_1956_wk_prov_dbs_Part28_tables.csv,7,28,-,..,False,False,False,False,False,,2,0.0
cdi_ca_1956_wk_prov_dbs_Part28_tables.csv,7,29,1,16,False,False,False,False,False,,1,0.5
cdi_ca_1956_wk_prov_dbs_Part28_tables.csv,7,30,,-,False,False,False,False,False,,1,0.0
cdi_ca_1956_wk_prov_dbs_Part28_tables.csv,7,31,:,18,False,False,False,False,False,,2,0.0
cdi_ca_1956_wk_prov_dbs_Part28_tables.csv,7,32,.........................,68,False,False,False,False,False,,25,0.0
cdi_ca_1956_wk_prov_dbs_Part28_tables.csv,7,33,2,29,False,False,False,False,False,,1,0.5
cdi_ca_1956_wk_prov_dbs_Part28_tables.csv,7,34,1,26,False,False,False,False,False,,2,0.0
cdi_ca_1956_wk_prov_dbs_Part28_tables.csv,7,35,-,91,False,False,False,False,False,,2,0.0
cdi_ca_1956_wk_prov_dbs_Part28_tables.csv,7,36,9,8,False,False,False,False,False,,1,0.0
cdi_ca_1956_wk_prov_dbs_Part28_tables.csv,8,0, meningococcal,4,False,False,False,False,False,,14,0.0
cdi_ca_1956_wk_prov_dbs_Part28_tables.csv,8,1,198,1,False,False,False,False,False,,2,0.33333333333333337
cdi_ca_1956_wk_prov_dbs_Part28_tables.csv,8,2,187,3,False,False,False,False,False,,3,0.0
cdi_ca_1956_wk_prov_dbs_Part28_tables.csv,8,3,213,176,False,False,False,False,False,,3,0.0
cdi_ca_1956_wk_prov_dbs_Part28_tables.csv,8,4,"20,771",175,False,False,False,False,False,,5,0.16666666666666663
cdi_ca_1956_wk_prov_dbs_Part28_tables.csv,8,5,"19,050",167,False,False,False,False,False,,5,0.16666666666666663
cdi_ca_1956_wk_prov_dbs_Part28_tables.csv,8,9,2,..,False,False,False,False,False,,2,0.0
cdi_ca_1956_wk_prov_dbs_Part28_tables.csv,8,10,7,..,False,False,False,False,False,,2,0.0
cdi_ca_1956_wk_prov_dbs_Part28_tables.csv,8,11,13,..,False,False,False,False,False,,2,0.0
cdi_ca_1956_wk_prov_dbs_Part28_tables.csv,8,12,2,-,False,False,False,False,False,,1,0.0
cdi_ca_1956_wk_prov_dbs_Part28_tables.csv,8,13,1,-,False,False,False,False,False,,1,0.0
cdi_ca_1956_wk_prov_dbs_Part28_tables.csv,8,14,2,-,False,False,False,False,False,,1,0.0
cdi_ca_1956_wk_prov_dbs_Part28_tables.csv,8,15,2,-,False,False,False,False,False,,1,0.0
cdi_ca_1956_wk_prov_dbs_Part28_tables.csv,8,16,,-,False,False,False,False,False,,1,0.0
cdi_ca_1956_wk_prov_dbs_Part28_tables.csv,8,17,...,-,False,False,False,False,False,,3,0.0
cdi_ca_1956_wk_prov_dbs_Part28_tables.csv,8,18,...,1,False,False,False,False,False,,3,0.0
cdi_ca_1956_wk_prov_dbs_Part28_tables.csv,8,19,45,-,False,False,False,False,False,,2,0.0
cdi_ca_1956_wk_prov_dbs_Part28_tables.csv,8,20,33,-,False,False,False,False,False,,2,0.0
cdi_ca_1956_wk_prov_dbs_Part28_tables.csv,8,21,31,1,False,False,False,False,False,,1,0.5
cdi_ca_1956_wk_prov_dbs_Part28_tables.csv,8,22,91,-,False,False,False,False,False,,2,0.0
cdi_ca_1956_wk_prov_dbs_Part28_tables.csv,8,23,88,1,False,False,False,False,False,,2,0.0
cdi_ca_1956_wk_prov_dbs_Part28_tables.csv,8,24,74,-,False,False,False,False,False,,2,0.0
cdi_ca_1956_wk_prov_dbs_Part28_tables.csv,8,25,4,-,False,False,False,False,False,,1,0.0
cdi_ca_1956_wk_prov_dbs_Part28_tables.csv,8,26,6,-,False,False,False,False,False,,1,0.0
cdi_ca_1956_wk_prov_dbs_Part28_tables.csv,8,27,11,-,False,False,False,False,False,,2,0.0
cdi_ca_1956_wk_prov_dbs_Part28_tables.csv,8,28,1,-,False,False,False,False,False,,1,0.0
cdi_ca_1956_wk_prov_dbs_Part28_tables.csv,8,29,...,1,False,False,False,False,False,,3,0.0
cdi_ca_1956_wk_prov_dbs_Part28_tables.csv,8,30,10,..,False,False,False,False,False,,2,0.0
cdi_ca_1956_wk_prov_dbs_Part28_tables.csv,8,31,...,..,False,False,False,False,False,,1,0.6666666666666667
cdi_ca_1956_wk_prov_dbs_Part28_tables.csv,8,32,...,..,False,False,False,False,False,,1,0.6666666666666667
cdi_ca_1956_wk_prov_dbs_Part28_tables.csv,8,33,12,2,False,False,False,False,False,,1,0.5
cdi_ca_1956_wk_prov_dbs_Part28_tables.csv,8,34,49,1,False,False,False,False,False,,2,0.0
cdi_ca_1956_wk_prov_dbs_Part28_tables.csv,8,35,45,-,False,False,False,False,False,,2,0.0
cdi_ca_1956_wk_prov_dbs_Part28_tables.csv,8,36,44,9,False,False,False,False,False,,2,0.0
cdi_ca_1956_wk_prov_dbs_Part28_tables.csv,9,0,2,198,False,False,False,False,False,,3,0.0
cdi_ca_1956_wk_prov_dbs_Part28_tables.csv,9,1,5,187,False,False,False,False,False,,3,0.0
cdi_ca_1956_wk_prov_dbs_Part28_tables.csv,9,2,62,213,False,False,False,False,False,,3,0.0
cdi_ca_1956_wk_prov_dbs_Part28_tables.csv,9,3,80,20771,False,False,False,False,False,,4,0.19999999999999996
cdi_ca_1956_wk_prov_dbs_Part28_tables.csv,9,4,189,19050,False,False,False,False,False,,4,0.19999999999999996
cdi_ca_1956_wk_prov_dbs_Part28_tables.csv,9,5,189,27278,False,False,False,False,False,,5,0.0
cdi_ca_1956_wk_prov_dbs_Part28_tables.csv,9,8,-,2,False,False,False,False,False,,1,0.0
cdi_ca_1956_wk_prov_dbs_Part28_tables.csv,9,9,-,7,False,False,False,False,False,,1,0.0
cdi_ca_1956_wk_prov_dbs_Part28_tables.csv,9,10,-,13,False,False,False,False,False,,2,0.0
cdi_ca_1956_wk_prov_dbs_Part28_tables.csv,9,11,-,2,False,False,False,False,False,,1,0.0
cdi_ca_1956_wk_prov_dbs_Part28_tables.csv,9,12,-,1,False,False,False,False,False,,1,0.0
cdi_ca_1956_wk_prov_dbs_Part28_tables.csv,9,13,-,2,False,False,False,False,False,,1,0.0
cdi_ca_1956_wk_prov_dbs_Part28_tables.csv,9,14,4,2,False,False,False,False,False,,1,0.0
cdi_ca_1956_wk_prov_dbs_Part28_tables.csv,9,15,-,..,False,False,False,False,False,,2,0.0
cdi_ca_1956_wk_prov_dbs_Part28_tables.csv,9,16,-,..,False,False,False,False,False,,2,0.0
cdi_ca_1956_wk_prov_dbs_Part28_tables.csv,9,17,1,..,False,False,False,False,False,,2,0.0
cdi_ca_1956_wk_prov_dbs_Part28_tables.csv,9,18,-,45,False,False,False,False,False,,2,0.0
cdi_ca_1956_wk_prov_dbs_Part28_tables.csv,9,19,1,33,False,False,False,False,False,,2,0.0
cdi_ca_1956_wk_prov_dbs_Part28_tables.csv,9,20,3,31,False,False,False,False,False,,1,0.5
cdi_ca_1956_wk_prov_dbs_Part28_tables.csv,9,21,2,91,False,False,False,False,False,,2,0.0
cdi_ca_1956_wk_prov_dbs_Part28_tables.csv,9,22,1,88,False,False,False,False,False,,2,0.0
cdi_ca_1956_wk_prov_dbs_Part28_tables.csv,9,23,25,74,False,False,False,False,False,,2,0.0
cdi_ca_1956_wk_prov_dbs_Part28_tables.csv,9,24,-,4,False,False,False,False,False,,1,0.0
cdi_ca_1956_wk_prov_dbs_Part28_tables.csv,9,25,-,6,False,False,False,False,False,,1,0.0
cdi_ca_1956_wk_prov_dbs_Part28_tables.csv,9,26,8,11,False,False,False,False,False,,2,0.0
cdi_ca_1956_wk_prov_dbs_Part28_tables.csv,9,28,1,..,False,False,False,False,False,,2,0.0
cdi_ca_1956_wk_prov_dbs_Part28_tables.csv,9,29,2,10,False,False,False,False,False,,2,0.0
cdi_ca_1956_wk_prov_dbs_Part28_tables.csv,9,30,-,..,False,False,False,False,False,,2,0.0
cdi_ca_1956_wk_prov_dbs_Part28_tables.csv,9,31,4,..,False,False,False,False,False,,2,0.0
cdi_ca_1956_wk_prov_dbs_Part28_tables.csv,9,32,9,12,False,False,False,False,False,,2,0.0
cdi_ca_1956_wk_prov_dbs_Part28_tables.csv,9,33,-,49,False,False,False,False,False,,2,0.0
cdi_ca_1956_wk_prov_dbs_Part28_tables.csv,9,34,2,45,False,False,False,False,False,,2,0.0
cdi_ca_1956_wk_prov_dbs_Part28_tables.csv,9,35,3,44,False,False,False,False,False,,2,0.0
cdi_ca_1956_wk_prov_dbs_Part28_tables.csv,9,36,11,10,False,False,False,False,False,,1,0.5
cdi_ca_1956_wk_prov_dbs_Part28_tables.csv,10,0, epidemic:⁴,2,False,False,False,False,False,,11,0.0
cdi_ca_1956_wk_prov_dbs_Part28_tables.csv,10,1,-,5,False,False,False,False,False,,1,0.0
cdi_ca_1956_wk_prov_dbs_Part28_tables.csv,10,2,3,62,False,False,False,False,False,,2,0.0
cdi_ca_1956_wk_prov_dbs_Part28_tables.csv,10,3,23,80,False,False,False,False,False,,2,0.0
cdi_ca_1956_wk_prov_dbs_Part28_tables.csv,10,4,49,189,False,False,False,False,False,,2,0.33333333333333337
cdi_ca_1956_wk_prov_dbs_Part28_tables.csv,10,5,116,189,False,False,False,False,False,,2,0.33333333333333337
cdi_ca_1956_wk_prov_dbs_Part28_tables.csv,10,14,-,4,False,False,False,False,False,,1,0.0
cdi_ca_1956_wk_prov_dbs_Part28_tables.csv,10,17,-,1,False,False,False,False,False,,1,0.0
cdi_ca_1956_wk_prov_dbs_Part28_tables.csv,10,20,1,3,False,False,False,False,False,,1,0.0
cdi_ca_1956_wk_prov_dbs_Part28_tables.csv,10,23,1,25,False,False,False,False,False,,2,0.0
cdi_ca_1956_wk_prov_dbs_Part28_tables.csv,10,26,-,8,False,False,False,False,False,,1,0.0
cdi_ca_1956_wk_prov_dbs_Part28_tables.csv,10,28,-,1,False,False,False,False,False,,1,0.0
cdi_ca_1956_wk_prov_dbs_Part28_tables.csv,10,29,(6),2,False,False,False,False,False,,3,0.0
cdi_ca_1956_wk_prov_dbs_Part28_tables.csv,10,32,-,9,False,False,False,False,False,,1,0.0
cdi_ca_1956_wk_prov_dbs_Part28_tables.csv,10,34,-,2,False,False,False,False,False,,1,0.0
cdi_ca_1956_wk_prov_dbs_Part28_tables.csv,10,36,3,11,False,False,False,False,False,,2,0.0
cdi_ca_1956_wk_prov_dbs_Part28_tables.csv,11,0,2,-,False,False,False,False,False,,1,0.0
cdi_ca_1956_wk_prov_dbs_Part28_tables.csv,11,1,1,3,False,False,False,False,False,,1,0.0
cdi_ca_1956_wk_prov_dbs_Part28_tables.csv,11,2,34,23,False,False,False,False,False,,2,0.0
cdi_ca_1956_wk_prov_dbs_Part28_tables.csv,11,3,24,49,False,False,False,False,False,,2,0.0
cdi_ca_1956_wk_prov_dbs_Part28_tables.csv,11,4,62,116,False,False,False,False,False,,3,0.0
cdi_ca_1956_wk_prov_dbs_Part28_tables.csv,11,5,69,116,False,False,False,False,False,,3,0.0
cdi_ca_1956_wk_prov_dbs_Part28_tables.csv,11,14,-,1,False,False,False,False,False,,1,0.0
cdi_ca_1956_wk_prov_dbs_Part28_tables.csv,11,22,-,1,False,False,False,False,False,,1,0.0
cdi_ca_1956_wk_prov_dbs_Part28_tables.csv,11,23,21,4,False,False,False,False,False,,2,0.0
cdi_ca_1956_wk_prov_dbs_Part28_tables.csv,11,32,-,1,False,False,False,False,False,,1,0.0
cdi_ca_1956_wk_prov_dbs_Part28_tables.csv,11,36,13,12,False,False,False,False,False,,1,0.5
cdi_ca_1956_wk_prov_dbs_Part28_tables.csv,12,0,231,2,False,False,False,False,False,,2,0.33333333333333337
cdi_ca_1956_wk_prov_dbs_Part28_tables.csv,12,1,316,1,False,False,False,False,False,,2,0.33333333333333337
cdi_ca_1956_wk_prov_dbs_Part28_tables.csv,12,2,75,34,False,False,False,False,False,,2,0.0
cdi_ca_1956_wk_prov_dbs_Part28_tables.csv,12,3,"48,071",24,False,False,False,False,False,,6,0.0
cdi_ca_1956_wk_prov_dbs_Part28_tables.csv,12,4,"17,048",62,False,False,False,False,False,,6,0.0
cdi_ca_1956_wk_prov_dbs_Part28_tables.csv,12,5,"8,753",69,False,False,False,False,False,,5,0.0
cdi_ca_1956_wk_prov_dbs_Part28_tables.csv,12,6,1,-,False,False,False,False,False,,1,0.0
cdi_ca_1956_wk_prov_dbs_Part28_tables.csv,12,9,...,-,False,False,False,False,False,,3,0.0
cdi_ca_1956_wk_prov_dbs_Part28_tables.csv,12,10,...,-,False,False,False,False,False,,3,0.0
cdi_ca_1956_wk_prov_dbs_Part28_tables.csv,12,11,1.9,-,False,False,False,False,False,,3,0.0
cdi_ca_1956_wk_prov_dbs_Part28_tables.csv,12,12,6,-,False,False,False,False,False,,1,0.0
cdi_ca_1956_wk_prov_dbs_Part28_tables.csv,12,13,9,-,False,False,False,False,False,,1,0.0
cdi_ca_1956_wk_prov_dbs_Part28_tables.csv,12,14,3,-,False,False,False,False,False,,1,0.0
cdi_ca_1956_wk_prov_dbs_Part28_tables.csv,12,15,....,-,False,False,False,False,False,,4,0.0
cdi_ca_1956_wk_prov_dbs_Part28_tables.csv,12,16,...,-,False,False,False,False,False,,3,0.0
cdi_ca_1956_wk_prov_dbs_Part28_tables.csv,12,17,....,-,False,False,False,False,False,,4,0.0
cdi_ca_1956_wk_prov_dbs_Part28_tables.csv,12,18,91,-,False,False,False,False,False,,2,0.0
cdi_ca_1956_wk_prov_dbs_Part28_tables.csv,12,19,55,-,False,False,False,False,False,,2,0.0
cdi_ca_1956_wk_prov_dbs_Part28_tables.csv,12,20,4,1,False,False,False,False,False,,1,0.0
cdi_ca_1956_wk_prov_dbs_Part28_tables.csv,12,21,52,2,False,False,False,False,False,,1,0.5
cdi_ca_1956_wk_prov_dbs_Part28_tables.csv,12,22,118,-,False,False,False,False,False,,3,0.0
cdi_ca_1956_wk_prov_dbs_Part28_tables.csv,12,23,19,21,False,False,False,False,False,,2,0.0
cdi_ca_1956_wk_prov_dbs_Part28_tables.csv,12,26,-,4,False,False,False,False,False,,1,0.0
cdi_ca_1956_wk_prov_dbs_Part28_tables.csv,12,27,1,-,False,False,False,False,False,,1,0.0
cdi_ca_1956_wk_prov_dbs_Part28_tables.csv,12,28,:,(6),False,False,False,False,False,,3,0.0
cdi_ca_1956_wk_prov_dbs_Part28_tables.csv,12,29,5,1,False,False,False,False,False,,1,0.0
cdi_ca_1956_wk_prov_dbs_Part28_tables.csv,12,31,14,-,False,False,False,False,False,,2,0.0
cdi_ca_1956_wk_prov_dbs_Part28_tables.csv,12,32,12,-,False,False,False,False,False,,2,0.0
cdi_ca_1956_wk_prov_dbs_Part28_tables.csv,12,33,80,-,False,False,False,False,False,,2,0.0
cdi_ca_1956_wk_prov_dbs_Part28_tables.csv,12,34,116,1,False,False,False,False,False,,2,0.33333333333333337
cdi_ca_1956_wk_prov_dbs_Part28_tables.csv,12,35,13,3,False,False,False,False,False,,1,0.5
cdi_ca_1956_wk_prov_dbs_Part28_tables.csv,12,36,14,13,False,False,False,False,False,,1,0.5
cdi_ca_1956_wk_prov_dbs_Part28_tables.csv,13,0,105,231,False,False,False,False,False,,3,0.0
cdi_ca_1956_wk_prov_dbs_Part28_tables.csv,13,1,132,316,False,False,False,False,False,,3,0.0
cdi_ca_1956_wk_prov_dbs_Part28_tables.csv,13,2,103,75,False,False,False,False,False,,3,0.0
cdi_ca_1956_wk_prov_dbs_Part28_tables.csv,13,3,"8,281",48071,False,False,False,False,False,,4,0.19999999999999996
cdi_ca_1956_wk_prov_dbs_Part28_tables.csv,13,4,"5,949",17048,False,False,False,False,False,,4,0.19999999999999996
cdi_ca_1956_wk_prov_dbs_Part28_tables.csv,13,5,"9,057",8753,False,False,False,False,False,,4,0.19999999999999996
cdi_ca_1956_wk_prov_dbs_Part28_tables.csv,13,7,-,1,False,False,False,False,False,,1,0.0
cdi_ca_1956_wk_prov_dbs_Part28_tables.csv,13,8,5,-,False,False,False,False,False,,1,0.0
cdi_ca_1956_wk_prov_dbs_Part28_tables.csv,13,9,10,..,False,False,False,False,False,,2,0.0
cdi_ca_1956_wk_prov_dbs_Part28_tables.csv,13,10,8,..,False,False,False,False,False,,2,0.0
cdi_ca_1956_wk_prov_dbs_Part28_tables.csv,13,11,8,..,False,False,False,False,False,,2,0.0
cdi_ca_1956_wk_prov_dbs_Part28_tables.csv,13,12,22,6,False,False,False,False,False,,2,0.0
cdi_ca_1956_wk_prov_dbs_Part28_tables.csv,13,13,40,9,False,False,False,False,False,,2,0.0
cdi_ca_1956_wk_prov_dbs_Part28_tables.csv,13,14,2,3,False,False,False,False,False,,1,0.0
cdi_ca_1956_wk_prov_dbs_Part28_tables.csv,13,15,1,..,False,False,False,False,False,,2,0.0
cdi_ca_1956_wk_prov_dbs_Part28_tables.csv,13,16,-,..,False,False,False,False,False,,2,0.0
cdi_ca_1956_wk_prov_dbs_Part28_tables.csv,13,17,1,..,False,False,False,False,False,,2,0.0
cdi_ca_1956_wk_prov_dbs_Part28_tables.csv,13,18,17,91,False,False,False,False,False,,2,0.0
cdi_ca_1956_wk_prov_dbs_Part28_tables.csv,13,19,9,55,False,False,False,False,False,,2,0.0
cdi_ca_1956_wk_prov_dbs_Part28_tables.csv,13,20,20,4,False,False,False,False,False,,2,0.0
cdi_ca_1956_wk_prov_dbs_Part28_tables.csv,13,21,20,52,False,False,False,False,False,,2,0.0
cdi_ca_1956_wk_prov_dbs_Part28_tables.csv,13,22,57,118,False,False,False,False,False,,3,0.0
cdi_ca_1956_wk_prov_dbs_Part28_tables.csv,13,23,26,19,False,False,False,False,False,,2,0.0
cdi_ca_1956_wk_prov_dbs_Part28_tables.csv,13,24,1,-,False,False,False,False,False,,1,0.0
cdi_ca_1956_wk_prov_dbs_Part28_tables.csv,13,26,3,-,False,False,False,False,False,,1,0.0
cdi_ca_1956_wk_prov_dbs_Part28_tables.csv,13,27,24,1,False,False,False,False,False,,2,0.0
cdi_ca_1956_wk_prov_dbs_Part28_tables.csv,13,28,2,..,False,False,False,False,False,,2,0.0
cdi_ca_1956_wk_prov_dbs_Part28_tables.csv,13,29,6,5,False,False,False,False,False,,1,0.0
cdi_ca_1956_wk_prov_dbs_Part28_tables.csv,13,30,I,-,False,False,False,False,False,,1,0.0
cdi_ca_1956_wk_prov_dbs_Part28_tables.csv,13,31,11,14,False,False,False,False,False,,1,0.5
cdi_ca_1956_wk_prov_dbs_Part28_tables.csv,13,32,8,12,False,False,False,False,False,,2,0.0
cdi_ca_1956_wk_prov_dbs_Part28_tables.csv,13,33,9,80,False,False,False,False,False,,2,0.0
cdi_ca_1956_wk_prov_dbs_Part28_tables.csv,13,34,4,116,False,False,False,False,False,,3,0.0
cdi_ca_1956_wk_prov_dbs_Part28_tables.csv,13,35,16,13,False,False,False,False,False,,1,0.5
cdi_ca_1956_wk_prov_dbs_Part28_tables.csv,13,36,15,14,False,False,False,False,False,,1,0.5
cdi_ca_1956_wk_prov_dbs_Part28_tables.csv,14,0, etc.⁵,105,False,False,False,False,False,,6,0.0
cdi_ca_1956_wk_prov_dbs_Part28_tables.csv,14,1,-,132,False,False,False,False,False,,3,0.0
cdi_ca_1956_wk_prov_dbs_Part28_tables.csv,14,2,-,103,False,False,False,False,False,,3,0.0
cdi_ca_1956_wk_prov_dbs_Part28_tables.csv,14,3,-,8281,False,False,False,False,False,,4,0.0
cdi_ca_1956_wk_prov_dbs_Part28_tables.csv,14,4,-,5949,False,False,False,False,False,,4,0.0
cdi_ca_1956_wk_prov_dbs_Part28_tables.csv,14,5,-,9057,False,False,False,False,False,,4,0.0
cdi_ca_1956_wk_prov_dbs_Part28_tables.csv,14,6,-,1,False,False,False,False,False,,1,0.0
cdi_ca_1956_wk_prov_dbs_Part28_tables.csv,14,8,-,5,False,False,False,False,False,,1,0.0
cdi_ca_1956_wk_prov_dbs_Part28_tables.csv,14,9,-,10,False,False,False,False,False,,2,0.0
cdi_ca_1956_wk_prov_dbs_Part28_tables.csv,14,10,-,8,False,False,False,False,False,,1,0.0
cdi_ca_1956_wk_prov_dbs_Part28_tables.csv,14,11,-,8,False,False,False,False,False,,1,0.0
cdi_ca_1956_wk_prov_dbs_Part28_tables.csv,14,12,-,22,False,False,False,False,False,,2,0.0
cdi_ca_1956_wk_prov_dbs_Part28_tables.csv,14,13,-,40,False,False,False,False,False,,2,0.0
cdi_ca_1956_wk_prov_dbs_Part28_tables.csv,14,14,-,2,False,False,False,False,False,,1,0.0
cdi_ca_1956_wk_prov_dbs_Part28_tables.csv,14,15,-,1,False,False,False,False,False,,1,0.0
cdi_ca_1956_wk_prov_dbs_Part28_tables.csv,14,17,-,1,False,False,False,False,False,,1,0.0
cdi_ca_1956_wk_prov_dbs_Part28_tables.csv,14,18,-,17,False,False,False,False,False,,2,0.0
cdi_ca_1956_wk_prov_dbs_Part28_tables.csv,14,19,-,9,False,False,False,False,False,,1,0.0
cdi_ca_1956_wk_prov_dbs_Part28_tables.csv,14,20,-,20,False,False,False,False,False,,2,0.0
cdi_ca_1956_wk_prov_dbs_Part28_tables.csv,14,21,-,20,False,False,False,False,False,,2,0.0
cdi_ca_1956_wk_prov_dbs_Part28_tables.csv,14,22,-,57,False,False,False,False,False,,2,0.0
cdi_ca_1956_wk_prov_dbs_Part28_tables.csv,14,23,-,26,False,False,False,False,False,,2,0.0
cdi_ca_1956_wk_prov_dbs_Part28_tables.csv,14,24,-,1,False,False,False,False,False,,1,0.0
cdi_ca_1956_wk_prov_dbs_Part28_tables.csv,14,25,-,1,False,False,False,False,False,,1,0.0
cdi_ca_1956_wk_prov_dbs_Part28_tables.csv,14,26,-,3,False,False,False,False,False,,1,0.0
cdi_ca_1956_wk_prov_dbs_Part28_tables.csv,14,27,-,24,False,False,False,False,False,,2,0.0
cdi_ca_1956_wk_prov_dbs_Part28_tables.csv,14,28,-,2,False,False,False,False,False,,1,0.0
cdi_ca_1956_wk_prov_dbs_Part28_tables.csv,14,29,-,6,False,False,False,False,False,,1,0.0
cdi_ca_1956_wk_prov_dbs_Part28_tables.csv,14,31,-,11,False,False,False,False,False,,2,0.0
cdi_ca_1956_wk_prov_dbs_Part28_tables.csv,14,32,-,8,False,False,False,False,False,,1,0.0
cdi_ca_1956_wk_prov_dbs_Part28_tables.csv,14,33,-,9,False,False,False,False,False,,1,0.0
cdi_ca_1956_wk_prov_dbs_Part28_tables.csv,14,34,-,4,False,False,False,False,False,,1,0.0
cdi_ca_1956_wk_prov_dbs_Part28_tables.csv,14,35,-,16,False,False,False,False,False,,2,0.0
cdi_ca_1956_wk_prov_dbs_Part28_tables.csv,14,36,-,15,False,False,False,False,False,,2,0.0
cdi_ca_1956_wk_prov_dbs_Part28_tables.csv,15,0,129,-,False,False,False,False,False,,3,0.0
cdi_ca_1956_wk_prov_dbs_Part28_tables.csv,15,1,176,-,False,False,False,False,False,,3,0.0
cdi_ca_1956_wk_prov_dbs_Part28_tables.csv,15,2,203,-,False,False,False,False,False,,3,0.0
cdi_ca_1956_wk_prov_dbs_Part28_tables.csv,15,3,"4,900",-,False,False,False,False,False,,5,0.0
cdi_ca_1956_wk_prov_dbs_Part28_tables.csv,15,4,"5,119",-,False,False,False,False,False,,5,0.0
cdi_ca_1956_wk_prov_dbs_Part28_tables.csv,15,5,"5,697",-,False,False,False,False,False,,5,0.0
cdi_ca_1956_wk_prov_dbs_Part28_tables.csv,15,6,6,-,False,False,False,False,False,,1,0.0
cdi_ca_1956_wk_prov_dbs_Part28_tables.csv,15,7,5,-,False,False,False,False,False,,1,0.0
cdi_ca_1956_wk_prov_dbs_Part28_tables.csv,15,12,1,-,False,False,False,False,False,,1,0.0
cdi_ca_1956_wk_prov_dbs_Part28_tables.csv,15,13,4,-,False,False,False,False,False,,1,0.0
cdi_ca_1956_wk_prov_dbs_Part28_tables.csv,15,14,2,-,False,False,False,False,False,,1,0.0
cdi_ca_1956_wk_prov_dbs_Part28_tables.csv,15,15,9,-,False,False,False,False,False,,1,0.0
cdi_ca_1956_wk_prov_dbs_Part28_tables.csv,15,16,13,-,False,False,False,False,False,,2,0.0
cdi_ca_1956_wk_prov_dbs_Part28_tables.csv,15,17,8,-,False,False,False,False,False,,1,0.0
cdi_ca_1956_wk_prov_dbs_Part28_tables.csv,15,18,47,-,False,False,False,False,False,,2,0.0
cdi_ca_1956_wk_prov_dbs_Part28_tables.csv,15,19,81,-,False,False,False,False,False,,2,0.0
cdi_ca_1956_wk_prov_dbs_Part28_tables.csv,15,20,75,-,False,False,False,False,False,,2,0.0
cdi_ca_1956_wk_prov_dbs_Part28_tables.csv,15,21,22,-,False,False,False,False,False,,2,0.0
cdi_ca_1956_wk_prov_dbs_Part28_tables.csv,15,22,23,-,False,False,False,False,False,,2,0.0
cdi_ca_1956_wk_prov_dbs_Part28_tables.csv,15,23,19,-,False,False,False,False,False,,2,0.0
cdi_ca_1956_wk_prov_dbs_Part28_tables.csv,15,24,13,-,False,False,False,False,False,,2,0.0
cdi_ca_1956_wk_prov_dbs_Part28_tables.csv,15,25,4,-,False,False,False,False,False,,1,0.0
cdi_ca_1956_wk_prov_dbs_Part28_tables.csv,15,26,17,-,False,False,False,False,False,,2,0.0
cdi_ca_1956_wk_prov_dbs_Part28_tables.csv,15,27,8,-,False,False,False,False,False,,1,0.0
cdi_ca_1956_wk_prov_dbs_Part28_tables.csv,15,28,9,-,False,False,False,False,False,,1,0.0
cdi_ca_1956_wk_prov_dbs_Part28_tables.csv,15,31,18,-,False,False,False,False,False,,2,0.0
cdi_ca_1956_wk_prov_dbs_Part28_tables.csv,15,32,14,-,False,False,False,False,False,,2,0.0
cdi_ca_1956_wk_prov_dbs_Part28_tables.csv,15,33,23,-,False,False,False,False,False,,2,0.0
cdi_ca_1956_wk_prov_dbs_Part28_tables.csv,15,34,17,-,False,False,False,False,False,,2,0.0
cdi_ca_1956_wk_prov_dbs_Part28_tables.csv,15,35,27,-,False,False,False,False,False,,2,0.0
cdi_ca_1956_wk_prov_dbs_Part28_tables.csv,15,36,17,16,False,False,False,False,False,,1,0.5
cdi_ca_1956_wk_prov_dbs_Part28_tables.csv,16,0,100,129,False,False,False,False,False,,2,0.33333333333333337
cdi_ca_1956_wk_prov_dbs_Part28_tables.csv,16,1,146,176,False,False,False,False,False,,1,0.6666666666666667
cdi_ca_1956_wk_prov_dbs_Part28_tables.csv,16,2,162,203,False,False,False,False,False,,3,0.0
cdi_ca_1956_wk_prov_dbs_Part28_tables.csv,16,3,"3,990",4900,False,False,False,False,False,,3,0.4
cdi_ca_1956_wk_prov_dbs_Part28_tables.csv,16,4,"4,149",5119,False,False,False,False,False,,3,0.4
cdi_ca_1956_wk_prov_dbs_Part28_tables.csv,16,5,"4,566",5697,False,False,False,False,False,,4,0.19999999999999996
cdi_ca_1956_wk_prov_dbs_Part28_tables.csv,16,10,1,2,False,False,False,False,False,,1,0.0
cdi_ca_1956_wk_prov_dbs_Part28_tables.csv,16,13,3,4,False,False,False,False,False,,1,0.0
cdi_ca_1956_wk_prov_dbs_Part28_tables.csv,16,18,46,47,False,False,False,False,False,,1,0.5
cdi_ca_1956_wk_prov_dbs_Part28_tables.csv,16,19,80,81,False,False,False,False,False,,1,0.5
cdi_ca_1956_wk_prov_dbs_Part28_tables.csv,16,20,73,75,False,False,False,False,False,,1,0.5
cdi_ca_1956_wk_prov_dbs_Part28_tables.csv,16,21,(6),22,False,False,False,False,False,,3,0.0
cdi_ca_1956_wk_prov_dbs_Part28_tables.csv,16,22,(6),23,False,False,False,False,False,,3,0.0
cdi_ca_1956_wk_prov_dbs_Part28_tables.csv,16,23,(6),19,False,False,False,False,False,,3,0.0
cdi_ca_1956_wk_prov_dbs_Part28_tables.csv,16,27,4,8,False,False,False,False,False,,1,0.0
cdi_ca_1956_wk_prov_dbs_Part28_tables.csv,16,28,7,9,False,False,False,False,False,,1,0.0
cdi_ca_1956_wk_prov_dbs_Part28_tables.csv,16,29,1,2,False,False,False,False,False,,1,0.0
cdi_ca_1956_wk_prov_dbs_Part28_tables.csv,16,31,17,18,False,False,False,False,False,,1,0.5
cdi_ca_1956_wk_prov_dbs_Part28_tables.csv,16,32,10,14,False,False,False,False,False,,1,0.5
cdi_ca_1956_wk_prov_dbs_Part28_tables.csv,16,33,21,23,False,False,False,False,False,,1,0.5
cdi_ca_1956_wk_prov_dbs_Part28_tables.csv,16,34,16,17,False,False,False,False,False,,1,0.5
cdi_ca_1956_wk_prov_dbs_Part28_tables.csv,16,35,23,27,False,False,False,False,False,,1,0.5
cdi_ca_1956_wk_prov_dbs_Part28_tables.csv,16,36,18,17,False,False,False,False,False,,1,0.5
cdi_ca_1956_wk_prov_dbs_Part28_tables.csv,17,0,7,100,False,False,False,False,False,,3,0.0
cdi_ca_1956_wk_prov_dbs_Part28_tables.csv,17,1,7,146,False,False,False,False,False,,3,0.0
cdi_ca_1956_wk_prov_dbs_Part28_tables.csv,17,2,10,162,False,False,False,False,False,,2,0.33333333333333337
cdi_ca_1956_wk_prov_dbs_Part28_tables.csv,17,3,290,3990,False,False,False,False,False,,2,0.5
cdi_ca_1956_wk_prov_dbs_Part28_tables.csv,17,4,330,4149,False,False,False,False,False,,4,0.0
cdi_ca_1956_wk_prov_dbs_Part28_tables.csv,17,5,288,4566,False,False,False,False,False,,4,0.0
cdi_ca_1956_wk_prov_dbs_Part28_tables.csv,17,6,-,6,False,False,False,False,False,,1,0.0
cdi_ca_1956_wk_prov_dbs_Part28_tables.csv,17,7,-,5,False,False,False,False,False,,1,0.0
cdi_ca_1956_wk_prov_dbs_Part28_tables.csv,17,8,-,3,False,False,False,False,False,,1,0.0
cdi_ca_1956_wk_prov_dbs_Part28_tables.csv,17,13,1,3,False,False,False,False,False,,1,0.0
cdi_ca_1956_wk_prov_dbs_Part28_tables.csv,17,14,-,2,False,False,False,False,False,,1,0.0
cdi_ca_1956_wk_prov_dbs_Part28_tables.csv,17,15,-,9,False,False,False,False,False,,1,0.0
cdi_ca_1956_wk_prov_dbs_Part28_tables.csv,17,16,-,13,False,False,False,False,False,,2,0.0
cdi_ca_1956_wk_prov_dbs_Part28_tables.csv,17,17,-,8,False,False,False,False,False,,1,0.0
cdi_ca_1956_wk_prov_dbs_Part28_tables.csv,17,18,1,46,False,False,False,False,False,,2,0.0
cdi_ca_1956_wk_prov_dbs_Part28_tables.csv,17,19,1,80,False,False,False,False,False,,2,0.0
cdi_ca_1956_wk_prov_dbs_Part28_tables.csv,17,20,1,73,False,False,False,False,False,,2,0.0
cdi_ca_1956_wk_prov_dbs_Part28_tables.csv,17,24,-,13,False,False,False,False,False,,2,0.0
cdi_ca_1956_wk_prov_dbs_Part28_tables.csv,17,25,-,4,False,False,False,False,False,,1,0.0
cdi_ca_1956_wk_prov_dbs_Part28_tables.csv,17,26,1,17,False,False,False,False,False,,1,0.5
cdi_ca_1956_wk_prov_dbs_Part28_tables.csv,17,28,2,7,False,False,False,False,False,,1,0.0
cdi_ca_1956_wk_prov_dbs_Part28_tables.csv,17,29,-,1,False,False,False,False,False,,1,0.0
cdi_ca_1956_wk_prov_dbs_Part28_tables.csv,17,30,:.,-,False,False,False,False,False,,2,0.0
cdi_ca_1956_wk_prov_dbs_Part28_tables.csv,17,31,1,17,False,False,False,False,False,,1,0.5
cdi_ca_1956_wk_prov_dbs_Part28_tables.csv,17,32,3,10,False,False,False,False,False,,2,0.0
cdi_ca_1956_wk_prov_dbs_Part28_tables.csv,17,33,2,21,False,False,False,False,False,,1,0.5
cdi_ca_1956_wk_prov_dbs_Part28_tables.csv,17,34,1,16,False,False,False,False,False,,1,0.5
cdi_ca_1956_wk_prov_dbs_Part28_tables.csv,17,35,4,23,False,False,False,False,False,,2,0.0
cdi_ca_1956_wk_prov_dbs_Part28_tables.csv,17,36,19,18,False,False,False,False,False,,1,0.5
cdi_ca_1956_wk_prov_dbs_Part28_tables.csv,18,1,8,7,False,False,False,False,False,,1,0.0
cdi_ca_1956_wk_prov_dbs_Part28_tables.csv,18,2,6,10,False,False,False,False,False,,2,0.0
cdi_ca_1956_wk_prov_dbs_Part28_tables.csv,18,3,218,290,False,False,False,False,False,,2,0.33333333333333337
cdi_ca_1956_wk_prov_dbs_Part28_tables.csv,18,4,134,330,False,False,False,False,False,,2,0.33333333333333337
cdi_ca_1956_wk_prov_dbs_Part28_tables.csv,18,5,232,288,False,False,False,False,False,,2,0.33333333333333337
cdi_ca_1956_wk_prov_dbs_Part28_tables.csv,18,10,-,1,False,False,False,False,False,,1,0.0
cdi_ca_1956_wk_prov_dbs_Part28_tables.csv,18,13,-,1,False,False,False,False,False,,1,0.0
cdi_ca_1956_wk_prov_dbs_Part28_tables.csv,18,15,1,-,False,False,False,False,False,,1,0.0
cdi_ca_1956_wk_prov_dbs_Part28_tables.csv,18,18,-,1,False,False,False,False,False,,1,0.0
cdi_ca_1956_wk_prov_dbs_Part28_tables.csv,18,19,-,1,False,False,False,False,False,,1,0.0
cdi_ca_1956_wk_prov_dbs_Part28_tables.csv,18,20,4,1,False,False,False,False,False,,1,0.0
cdi_ca_1956_wk_prov_dbs_Part28_tables.csv,18,21,-,(6),False,False,False,False,False,,3,0.0
cdi_ca_1956_wk_prov_dbs_Part28_tables.csv,18,22,2,(6),False,False,False,False,False,,3,0.0
cdi_ca_1956_wk_prov_dbs_Part28_tables.csv,18,23,-,(6),False,False,False,False,False,,3,0.0
cdi_ca_1956_wk_prov_dbs_Part28_tables.csv,18,27,1,4,False,False,False,False,False,,1,0.0
cdi_ca_1956_wk_prov_dbs_Part28_tables.csv,18,28,-,2,False,False,False,False,False,,1,0.0
cdi_ca_1956_wk_prov_dbs_Part28_tables.csv,18,30,-,..,False,False,False,False,False,,2,0.0
cdi_ca_1956_wk_prov_dbs_Part28_tables.csv,18,31,-,1,False,False,False,False,False,,1,0.0
cdi_ca_1956_wk_prov_dbs_Part28_tables.csv,18,32,-,3,False,False,False,False,False,,1,0.0
cdi_ca_1956_wk_prov_dbs_Part28_tables.csv,18,33,5,2,False,False,False,False,False,,1,0.0
cdi_ca_1956_wk_prov_dbs_Part28_tables.csv,18,35,1,4,False,False,False,False,False,,1,0.0
cdi_ca_1956_wk_prov_dbs_Part28_tables.csv,18,36,20,19,False,False,False,False,False,,2,0.0
cdi_ca_1956_wk_prov_dbs_Part28_tables.csv,19,0,-,7,False,False,False,False,False,,1,0.0
cdi_ca_1956_wk_prov_dbs_Part28_tables.csv,19,1,2,8,False,False,False,False,False,,1,0.0
cdi_ca_1956_wk_prov_dbs_Part28_tables.csv,19,2,2,6,False,False,False,False,False,,1,0.0
cdi_ca_1956_wk_prov_dbs_Part28_tables.csv,19,3,78,218,False,False,False,False,False,,2,0.33333333333333337
cdi_ca_1956_wk_prov_dbs_Part28_tables.csv,19,4,62,134,False,False,False,False,False,,3,0.0
cdi_ca_1956_wk_prov_dbs_Part28_tables.csv,19,5,65,232,False,False,False,False,False,,3,0.0
cdi_ca_1956_wk_prov_dbs_Part28_tables.csv,19,7,-,2,False,False,False,False,False,,1,0.0
cdi_ca_1956_wk_prov_dbs_Part28_tables.csv,19,15,:,1,False,False,False,False,False,,1,0.0
cdi_ca_1956_wk_prov_dbs_Part28_tables.csv,19,16,....,1,False,False,False,False,False,,4,0.0
cdi_ca_1956_wk_prov_dbs_Part28_tables.csv,19,17,:,-,False,False,False,False,False,,1,0.0
cdi_ca_1956_wk_prov_dbs_Part28_tables.csv,19,18,:,-,False,False,False,False,False,,1,0.0
cdi_ca_1956_wk_prov_dbs_Part28_tables.csv,19,19,2,-,False,False,False,False,False,,1,0.0
cdi_ca_1956_wk_prov_dbs_Part28_tables.csv,19,20,1,4,False,False,False,False,False,,1,0.0
cdi_ca_1956_wk_prov_dbs_Part28_tables.csv,19,22,-,2,False,False,False,False,False,,1,0.0
cdi_ca_1956_wk_prov_dbs_Part28_tables.csv,19,27,-,1,False,False,False,False,False,,1,0.0
cdi_ca_1956_wk_prov_dbs_Part28_tables.csv,19,30,:,-,False,False,False,False,False,,1,0.0
cdi_ca_1956_wk_prov_dbs_Part28_tables.csv,19,31,:,-,False,False,False,False,False,,1,0.0
cdi_ca_1956_wk_prov_dbs_Part28_tables.csv,19,33,-,5,False,False,False,False,False,,1,0.0
cdi_ca_1956_wk_prov_dbs_Part28_tables.csv,19,34,-,3,False,False,False,False,False,,1,0.0
cdi_ca_1956_wk_prov_dbs_Part28_tables.csv,19,35,-,1,False,False,False,False,False,,1,0.0
cdi_ca_1956_wk_prov_dbs_Part28_tables.csv,19,36,21,20,False,False,False,False,False,,1,0.5
cdi_ca_1956_wk_prov_dbs_Part28_tables.csv,20,0,276,-,False,False,False,False,False,,3,0.0
cdi_ca_1956_wk_prov_dbs_Part28_tables.csv,20,1,269,2,False,False,False,False,False,,2,0.33333333333333337
cdi_ca_1956_wk_prov_dbs_Part28_tables.csv,20,2,373,2,False,False,False,False,False,,3,0.0
cdi_ca_1956_wk_prov_dbs_Part28_tables.csv,20,3,"8,506",78,False,False,False,False,False,,5,0.0
cdi_ca_1956_wk_prov_dbs_Part28_tables.csv,20,4,"9,012",62,False,False,False,False,False,,4,0.19999999999999996
cdi_ca_1956_wk_prov_dbs_Part28_tables.csv,20,5,"9,479",65,False,False,False,False,False,,5,0.0
cdi_ca_1956_wk_prov_dbs_Part28_tables.csv,20,6,11,-,False,False,False,False,False,,2,0.0
cdi_ca_1956_wk_prov_dbs_Part28_tables.csv,20,7,4,-,False,False,False,False,False,,1,0.0
cdi_ca_1956_wk_prov_dbs_Part28_tables.csv,20,12,5,-,False,False,False,False,False,,1,0.0
cdi_ca_1956_wk_prov_dbs_Part28_tables.csv,20,13,17,-,False,False,False,False,False,,2,0.0
cdi_ca_1956_wk_prov_dbs_Part28_tables.csv,20,14,11,-,False,False,False,False,False,,2,0.0
cdi_ca_1956_wk_prov_dbs_Part28_tables.csv,20,15,10,..,False,False,False,False,False,,2,0.0
cdi_ca_1956_wk_prov_dbs_Part28_tables.csv,20,16,6,..,False,False,False,False,False,,2,0.0
cdi_ca_1956_wk_prov_dbs_Part28_tables.csv,20,17,5,..,False,False,False,False,False,,2,0.0
cdi_ca_1956_wk_prov_dbs_Part28_tables.csv,20,18,75,..,False,False,False,False,False,,2,0.0
cdi_ca_1956_wk_prov_dbs_Part28_tables.csv,20,19,54,2,False,False,False,False,False,,2,0.0
cdi_ca_1956_wk_prov_dbs_Part28_tables.csv,20,20,93,1,False,False,False,False,False,,2,0.0
cdi_ca_1956_wk_prov_dbs_Part28_tables.csv,20,21,34,-,False,False,False,False,False,,2,0.0
cdi_ca_1956_wk_prov_dbs_Part28_tables.csv,20,22,30,-,False,False,False,False,False,,2,0.0
cdi_ca_1956_wk_prov_dbs_Part28_tables.csv,20,23,66,-,False,False,False,False,False,,2,0.0
cdi_ca_1956_wk_prov_dbs_Part28_tables.csv,20,24,17,-,False,False,False,False,False,,2,0.0
cdi_ca_1956_wk_prov_dbs_Part28_tables.csv,20,25,21,-,False,False,False,False,False,,2,0.0
cdi_ca_1956_wk_prov_dbs_Part28_tables.csv,20,26,33,-,False,False,False,False,False,,2,0.0
cdi_ca_1956_wk_prov_dbs_Part28_tables.csv,20,27,41,-,False,False,False,False,False,,2,0.0
cdi_ca_1956_wk_prov_dbs_Part28_tables.csv,20,28,26,-,False,False,False,False,False,,2,0.0
cdi_ca_1956_wk_prov_dbs_Part28_tables.csv,20,30,-,..,False,False,False,False,False,,2,0.0
cdi_ca_1956_wk_prov_dbs_Part28_tables.csv,20,31,42,..,False,False,False,False,False,,2,0.0
cdi_ca_1956_wk_prov_dbs_Part28_tables.csv,20,32,59,..,False,False,False,False,False,,2,0.0
cdi_ca_1956_wk_prov_dbs_Part28_tables.csv,20,33,83,-,False,False,False,False,False,,2,0.0
cdi_ca_1956_wk_prov_dbs_Part28_tables.csv,20,34,69,-,False,False,False,False,False,,2,0.0
cdi_ca_1956_wk_prov_dbs_Part28_tables.csv,20,35,61,-,False,False,False,False,False,,2,0.0
cdi_ca_1956_wk_prov_dbs_Part28_tables.csv,20,36,22,21,False,False,False,False,False,,1,0.5
cdi_ca_1956_wk_prov_dbs_Part28_tables.csv,21,0,1,276,False,False,False,False,False,,3,0.0
cdi_ca_1956_wk_prov_dbs_Part28_tables.csv,21,1,-,269,False,False,False,False,False,,3,0.0
cdi_ca_1956_wk_prov_dbs_Part28_tables.csv,21,2,3,373,False,False,False,False,False,,2,0.33333333333333337
cdi_ca_1956_wk_prov_dbs_Part28_tables.csv,21,3,51,8506,False,False,False,False,False,,3,0.25
cdi_ca_1956_wk_prov_dbs_Part28_tables.csv,21,4,59,9012,False,False,False,False,False,,4,0.0
cdi_ca_1956_wk_prov_dbs_Part28_tables.csv,21,5,116,9479,False,False,False,False,False,,4,0.0
cdi_ca_1956_wk_prov_dbs_Part28_tables.csv,21,6,-,11,False,False,False,False,False,,2,0.0
cdi_ca_1956_wk_prov_dbs_Part28_tables.csv,21,7,-,4,False,False,False,False,False,,1,0.0
cdi_ca_1956_wk_prov_dbs_Part28_tables.csv,21,8,-,7,False,False,False,False,False,,1,0.0
cdi_ca_1956_wk_prov_dbs_Part28_tables.csv,21,12,-,5,False,False,False,False,False,,1,0.0
cdi_ca_1956_wk_prov_dbs_Part28_tables.csv,21,13,-,17,False,False,False,False,False,,2,0.0
cdi_ca_1956_wk_prov_dbs_Part28_tables.csv,21,14,-,11,False,False,False,False,False,,2,0.0
cdi_ca_1956_wk_prov_dbs_Part28_tables.csv,21,15,-,10,False,False,False,False,False,,2,0.0
cdi_ca_1956_wk_prov_dbs_Part28_tables.csv,21,16,-,6,False,False,False,False,False,,1,0.0
cdi_ca_1956_wk_prov_dbs_Part28_tables.csv,21,17,-,5,False,False,False,False,False,,1,0.0
cdi_ca_1956_wk_prov_dbs_Part28_tables.csv,21,18,-,75,False,False,False,False,False,,2,0.0
cdi_ca_1956_wk_prov_dbs_Part28_tables.csv,21,19,-,54,False,False,False,False,False,,2,0.0
cdi_ca_1956_wk_prov_dbs_Part28_tables.csv,21,20,1,93,False,False,False,False,False,,2,0.0
cdi_ca_1956_wk_prov_dbs_Part28_tables.csv,21,21,1,34,False,False,False,False,False,,2,0.0
cdi_ca_1956_wk_prov_dbs_Part28_tables.csv,21,22,-,30,False,False,False,False,False,,2,0.0
cdi_ca_1956_wk_prov_dbs_Part28_tables.csv,21,23,1,66,False,False,False,False,False,,2,0.0
cdi_ca_1956_wk_prov_dbs_Part28_tables.csv,21,24,-,17,False,False,False,False,False,,2,0.0
cdi_ca_1956_wk_prov_dbs_Part28_tables.csv,21,25,-,21,False,False,False,False,False,,2,0.0
cdi_ca_1956_wk_prov_dbs_Part28_tables.csv,21,26,-,33,False,False,False,False,False,,2,0.0
cdi_ca_1956_wk_prov_dbs_Part28_tables.csv,21,27,-,41,False,False,False,False,False,,2,0.0
cdi_ca_1956_wk_prov_dbs_Part28_tables.csv,21,28,-,26,False,False,False,False,False,,2,0.0
cdi_ca_1956_wk_prov_dbs_Part28_tables.csv,21,29,-,33,False,False,False,False,False,,2,0.0
cdi_ca_1956_wk_prov_dbs_Part28_tables.csv,21,31,-,42,False,False,False,False,False,,2,0.0
cdi_ca_1956_wk_prov_dbs_Part28_tables.csv,21,32,-,59,False,False,False,False,False,,2,0.0
cdi_ca_1956_wk_prov_dbs_Part28_tables.csv,21,33,-,83,False,False,False,False,False,,2,0.0
cdi_ca_1956_wk_prov_dbs_Part28_tables.csv,21,34,-,69,False,False,False,False,False,,2,0.0
cdi_ca_1956_wk_prov_dbs_Part28_tables.csv,21,35,-,61,False,False,False,False,False,,2,0.0
cdi_ca_1956_wk_prov_dbs_Part28_tables.csv,21,36,23,22,False,False,False,False,False,,1,0.5
cdi_ca_1956_wk_prov_dbs_Part28_tables.csv,22,0, primary,1,False,False,False,False,False,,8,0.0
cdi_ca_1956_wk_prov_dbs_Part28_tables.csv,22,2,-,3,False,False,False,False,False,,1,0.0
cdi_ca_1956_wk_prov_dbs_Part28_tables.csv,22,3,2,51,False,False,False,False,False,,2,0.0
cdi_ca_1956_wk_prov_dbs_Part28_tables.csv,22,4,23,59,False,False,False,False,False,,2,0.0
cdi_ca_1956_wk_prov_dbs_Part28_tables.csv,22,5,20,116,False,False,False,False,False,,3,0.0
cdi_ca_1956_wk_prov_dbs_Part28_tables.csv,22,20,-,1,False,False,False,False,False,,1,0.0
cdi_ca_1956_wk_prov_dbs_Part28_tables.csv,22,21,-,1,False,False,False,False,False,,1,0.0
cdi_ca_1956_wk_prov_dbs_Part28_tables.csv,22,23,-,1,False,False,False,False,False,,1,0.0
cdi_ca_1956_wk_prov_dbs_Part28_tables.csv,22,36,-,23,False,False,False,False,False,,2,0.0
cdi_ca_1956_wk_prov_dbs_Part28_tables.csv,23,0,26,-,False,False,False,False,False,,2,0.0
cdi_ca_1956_wk_prov_dbs_Part28_tables.csv,23,1,27,-,False,False,False,False,False,,2,0.0
cdi_ca_1956_wk_prov_dbs_Part28_tables.csv,23,2,47,2,False,False,False,False,False,,2,0.0
cdi_ca_1956_wk_prov_dbs_Part28_tables.csv,23,3,"1,005",23,False,False,False,False,False,,5,0.0
cdi_ca_1956_wk_prov_dbs_Part28_tables.csv,23,4,"1,316",20,False,False,False,False,False,,5,0.0
cdi_ca_1956_wk_prov_dbs_Part28_tables.csv,23,5,"1,473",69,False,False,False,False,False,,5,0.0
cdi_ca_1956_wk_prov_dbs_Part28_tables.csv,23,7,4,-,False,False,False,False,False,,1,0.0
cdi_ca_1956_wk_prov_dbs_Part28_tables.csv,23,12,2,-,False,False,False,False,False,,1,0.0
cdi_ca_1956_wk_prov_dbs_Part28_tables.csv,23,13,1,-,False,False,False,False,False,,1,0.0
cdi_ca_1956_wk_prov_dbs_Part28_tables.csv,23,18,13,-,False,False,False,False,False,,2,0.0
cdi_ca_1956_wk_prov_dbs_Part28_tables.csv,23,19,10,-,False,False,False,False,False,,2,0.0
cdi_ca_1956_wk_prov_dbs_Part28_tables.csv,23,20,23,-,False,False,False,False,False,,2,0.0
cdi_ca_1956_wk_prov_dbs_Part28_tables.csv,23,21,2,-,False,False,False,False,False,,1,0.0
cdi_ca_1956_wk_prov_dbs_Part28_tables.csv,23,22,7,-,False,False,False,False,False,,1,0.0
cdi_ca_1956_wk_prov_dbs_Part28_tables.csv,23,23,15,-,False,False,False,False,False,,2,0.0
cdi_ca_1956_wk_prov_dbs_Part28_tables.csv,23,24,2,-,False,False,False,False,False,,1,0.0
cdi_ca_1956_wk_prov_dbs_Part28_tables.csv,23,25,1,-,False,False,False,False,False,,1,0.0
cdi_ca_1956_wk_prov_dbs_Part28_tables.csv,23,28,1,-,False,False,False,False,False,,1,0.0
cdi_ca_1956_wk_prov_dbs_Part28_tables.csv,23,33,7,-,False,False,False,False,False,,1,0.0
cdi_ca_1956_wk_prov_dbs_Part28_tables.csv,23,34,3,-,False,False,False,False,False,,1,0.0
cdi_ca_1956_wk_prov_dbs_Part28_tables.csv,23,35,4,-,False,False,False,False,False,,1,0.0
cdi_ca_1956_wk_prov_dbs_Part28_tables.csv,23,36,25,24,False,False,False,False,False,,1,0.5
cdi_ca_1956_wk_prov_dbs_Part28_tables.csv,24,0,248,26,False,False,False,False,False,,2,0.33333333333333337
cdi_ca_1956_wk_prov_dbs_Part28_tables.csv,24,1,242,27,False,False,False,False,False,,2,0.33333333333333337
cdi_ca_1956_wk_prov_dbs_Part28_tables.csv,24,2,302,47,False,False,False,False,False,,3,0.0
cdi_ca_1956_wk_prov_dbs_Part28_tables.csv,24,3,"7,425",1005,False,False,False,False,False,,4,0.19999999999999996
cdi_ca_1956_wk_prov_dbs_Part28_tables.csv,24,4,"7,604",1316,False,False,False,False,False,,5,0.0
cdi_ca_1956_wk_prov_dbs_Part28_tables.csv,24,5,"7,604",1473,False,False,False,False,False,,5,0.0
cdi_ca_1956_wk_prov_dbs_Part28_tables.csv,24,7,-,4,False,False,False,False,False,,1,0.0
cdi_ca_1956_wk_prov_dbs_Part28_tables.csv,24,8,6,2,False,False,False,False,False,,1,0.0
cdi_ca_1956_wk_prov_dbs_Part28_tables.csv,24,12,3,2,False,False,False,False,False,,1,0.0
cdi_ca_1956_wk_prov_dbs_Part28_tables.csv,24,13,16,1,False,False,False,False,False,,1,0.5
cdi_ca_1956_wk_prov_dbs_Part28_tables.csv,24,14,9,4,False,False,False,False,False,,1,0.0
cdi_ca_1956_wk_prov_dbs_Part28_tables.csv,24,15,10,-,False,False,False,False,False,,2,0.0
cdi_ca_1956_wk_prov_dbs_Part28_tables.csv,24,16,6,-,False,False,False,False,False,,1,0.0
cdi_ca_1956_wk_prov_dbs_Part28_tables.csv,24,17,4,-,False,False,False,False,False,,1,0.0
cdi_ca_1956_wk_prov_dbs_Part28_tables.csv,24,18,62,13,False,False,False,False,False,,2,0.0
cdi_ca_1956_wk_prov_dbs_Part28_tables.csv,24,19,44,10,False,False,False,False,False,,2,0.0
cdi_ca_1956_wk_prov_dbs_Part28_tables.csv,24,20,53,23,False,False,False,False,False,,1,0.5
cdi_ca_1956_wk_prov_dbs_Part28_tables.csv,24,21,31,2,False,False,False,False,False,,2,0.0
cdi_ca_1956_wk_prov_dbs_Part28_tables.csv,24,22,23,7,False,False,False,False,False,,2,0.0
cdi_ca_1956_wk_prov_dbs_Part28_tables.csv,24,24,15,2,False,False,False,False,False,,2,0.0
cdi_ca_1956_wk_prov_dbs_Part28_tables.csv,24,25,20,1,False,False,False,False,False,,2,0.0
cdi_ca_1956_wk_prov_dbs_Part28_tables.csv,24,26,31,1,False,False,False,False,False,,1,0.5
cdi_ca_1956_wk_prov_dbs_Part28_tables.csv,24,27,40,-,False,False,False,False,False,,2,0.0
cdi_ca_1956_wk_prov_dbs_Part28_tables.csv,24,28,25,1,False,False,False,False,False,,2,0.0
cdi_ca_1956_wk_prov_dbs_Part28_tables.csv,24,29,26,4,False,False,False,False,False,,2,0.0
cdi_ca_1956_wk_prov_dbs_Part28_tables.csv,24,31,42,-,False,False,False,False,False,,2,0.0
cdi_ca_1956_wk_prov_dbs_Part28_tables.csv,24,32,57,-,False,False,False,False,False,,2,0.0
cdi_ca_1956_wk_prov_dbs_Part28_tables.csv,24,33,76,7,False,False,False,False,False,,1,0.5
cdi_ca_1956_wk_prov_dbs_Part28_tables.csv,24,34,66,3,False,False,False,False,False,,2,0.0
cdi_ca_1956_wk_prov_dbs_Part28_tables.csv,24,35,51,4,False,False,False,False,False,,2,0.0
cdi_ca_1956_wk_prov_dbs_Part28_tables.csv,24,36,26,25,False,False,False,False,False,,1,0.5
cdi_ca_1956_wk_prov_dbs_Part28_tables.csv,25,0,1,248,False,False,False,False,False,,3,0.0
cdi_ca_1956_wk_prov_dbs_Part28_tables.csv,25,1,-,242,False,False,False,False,False,,3,0.0
cdi_ca_1956_wk_prov_dbs_Part28_tables.csv,25,2,-,302,False,False,False,False,False,,3,0.0
cdi_ca_1956_wk_prov_dbs_Part28_tables.csv,25,3,2,7425,False,False,False,False,False,,3,0.25
cdi_ca_1956_wk_prov_dbs_Part28_tables.csv,25,4,13,7604,False,False,False,False,False,,4,0.0
cdi_ca_1956_wk_prov_dbs_Part28_tables.csv,25,5,12,7604,False,False,False,False,False,,4,0.0
cdi_ca_1956_wk_prov_dbs_Part28_tables.csv,25,6,-,11,False,False,False,False,False,,2,0.0
cdi_ca_1956_wk_prov_dbs_Part28_tables.csv,25,8,-,6,False,False,False,False,False,,1,0.0
cdi_ca_1956_wk_prov_dbs_Part28_tables.csv,25,12,-,3,False,False,False,False,False,,1,0.0
cdi_ca_1956_wk_prov_dbs_Part28_tables.csv,25,13,-,16,False,False,False,False,False,,2,0.0
cdi_ca_1956_wk_prov_dbs_Part28_tables.csv,25,14,-,9,False,False,False,False,False,,1,0.0
cdi_ca_1956_wk_prov_dbs_Part28_tables.csv,25,15,-,10,False,False,False,False,False,,2,0.0
cdi_ca_1956_wk_prov_dbs_Part28_tables.csv,25,16,-,6,False,False,False,False,False,,1,0.0
cdi_ca_1956_wk_prov_dbs_Part28_tables.csv,25,17,-,4,False,False,False,False,False,,1,0.0
cdi_ca_1956_wk_prov_dbs_Part28_tables.csv,25,18,-,62,False,False,False,False,False,,2,0.0
cdi_ca_1956_wk_prov_dbs_Part28_tables.csv,25,19,-,44,False,False,False,False,False,,2,0.0
cdi_ca_1956_wk_prov_dbs_Part28_tables.csv,25,20,-,53,False,False,False,False,False,,2,0.0
cdi_ca_1956_wk_prov_dbs_Part28_tables.csv,25,21,-,31,False,False,False,False,False,,2,0.0
cdi_ca_1956_wk_prov_dbs_Part28_tables.csv,25,22,-,23,False,False,False,False,False,,2,0.0
cdi_ca_1956_wk_prov_dbs_Part28_tables.csv,25,23,-,51,False,False,False,False,False,,2,0.0
cdi_ca_1956_wk_prov_dbs_Part28_tables.csv,25,24,-,15,False,False,False,False,False,,2,0.0
cdi_ca_1956_wk_prov_dbs_Part28_tables.csv,25,25,-,20,False,False,False,False,False,,2,0.0
cdi_ca_1956_wk_prov_dbs_Part28_tables.csv,25,26,-,31,False,False,False,False,False,,2,0.0
cdi_ca_1956_wk_prov_dbs_Part28_tables.csv,25,27,1,40,False,False,False,False,False,,2,0.0
cdi_ca_1956_wk_prov_dbs_Part28_tables.csv,25,28,-,25,False,False,False,False,False,,2,0.0
cdi_ca_1956_wk_prov_dbs_Part28_tables.csv,25,29,-,26,False,False,False,False,False,,2,0.0
cdi_ca_1956_wk_prov_dbs_Part28_tables.csv,25,31,-,42,False,False,False,False,False,,2,0.0
cdi_ca_1956_wk_prov_dbs_Part28_tables.csv,25,32,-,57,False,False,False,False,False,,2,0.0
cdi_ca_1956_wk_prov_dbs_Part28_tables.csv,25,33,-,76,False,False,False,False,False,,2,0.0
cdi_ca_1956_wk_prov_dbs_Part28_tables.csv,25,34,-,66,False,False,False,False,False,,2,0.0
cdi_ca_1956_wk_prov_dbs_Part28_tables.csv,25,35,-,51,False,False,False,False,False,,2,0.0
cdi_ca_1956_wk_prov_dbs_Part28_tables.csv,25,36,27,26,False,False,False,False,False,,1,0.5
cdi_ca_1956_wk_prov_dbs_Part28_tables.csv,26,0,88,1,False,False,False,False,False,,2,0.0
cdi_ca_1956_wk_prov_dbs_Part28_tables.csv,26,1,106,-,False,False,False,False,False,,3,0.0
cdi_ca_1956_wk_prov_dbs_Part28_tables.csv,26,2,127,-,False,False,False,False,False,,3,0.0
cdi_ca_1956_wk_prov_dbs_Part28_tables.csv,26,3,"4,674",2,False,False,False,False,False,,5,0.0
cdi_ca_1956_wk_prov_dbs_Part28_tables.csv,26,4,"7,293",13,False,False,False,False,False,,4,0.19999999999999996
cdi_ca_1956_wk_prov_dbs_Part28_tables.csv,26,5,"4,582",12,False,False,False,False,False,,4,0.19999999999999996
cdi_ca_1956_wk_prov_dbs_Part28_tables.csv,26,9,9,-,False,False,False,False,False,,1,0.0
cdi_ca_1956_wk_prov_dbs_Part28_tables.csv,26,13,3,-,False,False,False,False,False,,1,0.0
cdi_ca_1956_wk_prov_dbs_Part28_tables.csv,26,18,41,-,False,False,False,False,False,,2,0.0
cdi_ca_1956_wk_prov_dbs_Part28_tables.csv,26,19,45,-,False,False,False,False,False,,2,0.0
cdi_ca_1956_wk_prov_dbs_Part28_tables.csv,26,20,36,-,False,False,False,False,False,,2,0.0
cdi_ca_1956_wk_prov_dbs_Part28_tables.csv,26,21,22,-,False,False,False,False,False,,2,0.0
cdi_ca_1956_wk_prov_dbs_Part28_tables.csv,26,22,8,-,False,False,False,False,False,,1,0.0
cdi_ca_1956_wk_prov_dbs_Part28_tables.csv,26,23,30,-,False,False,False,False,False,,2,0.0
cdi_ca_1956_wk_prov_dbs_Part28_tables.csv,26,24,7,-,False,False,False,False,False,,1,0.0
cdi_ca_1956_wk_prov_dbs_Part28_tables.csv,26,25,2,-,False,False,False,False,False,,1,0.0
cdi_ca_1956_wk_prov_dbs_Part28_tables.csv,26,27,-,1,False,False,False,False,False,,1,0.0
cdi_ca_1956_wk_prov_dbs_Part28_tables.csv,26,28,10,-,False,False,False,False,False,,2,0.0
cdi_ca_1956_wk_prov_dbs_Part28_tables.csv,26,31,2,-,False,False,False,False,False,,1,0.0
cdi_ca_1956_wk_prov_dbs_Part28_tables.csv,26,32,11,-,False,False,False,False,False,,2,0.0
cdi_ca_1956_wk_prov_dbs_Part28_tables.csv,26,33,9,-,False,False,False,False,False,,1,0.0
cdi_ca_1956_wk_prov_dbs_Part28_tables.csv,26,34,26,-,False,False,False,False,False,,2,0.0
cdi_ca_1956_wk_prov_dbs_Part28_tables.csv,26,35,6,-,False,False,False,False,False,,1,0.0
cdi_ca_1956_wk_prov_dbs_Part28_tables.csv,26,36,28,27,False,False,False,False,False,,1,0.5
cdi_ca_1956_wk_prov_dbs_Part28_tables.csv,27,0,,88,False,False,False,False,False,,2,0.0
cdi_ca_1956_wk_prov_dbs_Part28_tables.csv,27,1,,106,False,False,False,False,False,,3,0.0
cdi_ca_1956_wk_prov_dbs_Part28_tables.csv,27,2,,127,False,False,False,False,False,,3,0.0
cdi_ca_1956_wk_prov_dbs_Part28_tables.csv,27,3,,4674,False,False,False,False,False,,4,0.0
cdi_ca_1956_wk_prov_dbs_Part28_tables.csv,27,4,,7293,False,False,False,False,False,,4,0.0
cdi_ca_1956_wk_prov_dbs_Part28_tables.csv,27,5,,4582,False,False,False,False,False,,4,0.0
cdi_ca_1956_wk_prov_dbs_Part28_tables.csv,27,6,,-,False,False,False,False,False,,1,0.0
cdi_ca_1956_wk_prov_dbs_Part28_tables.csv,27,7,,2,False,False,False,False,False,,1,0.0
cdi_ca_1956_wk_prov_dbs_Part28_tables.csv,27,8,,-,False,False,False,False,False,,1,0.0
cdi_ca_1956_wk_prov_dbs_Part28_tables.csv,27,9,,9,False,False,False,False,False,,1,0.0
cdi_ca_1956_wk_prov_dbs_Part28_tables.csv,27,10,,8,False,False,False,False,False,,1,0.0
cdi_ca_1956_wk_prov_dbs_Part28_tables.csv,27,11,,-,False,False,False,False,False,,1,0.0
cdi_ca_1956_wk_prov_dbs_Part28_tables.csv,27,12,,-,False,False,False,False,False,,1,0.0
cdi_ca_1956_wk_prov_dbs_Part28_tables.csv,27,13,,3,False,False,False,False,False,,1,0.0
cdi_ca_1956_wk_prov_dbs_Part28_tables.csv,27,14,,7,False,False,False,False,False,,1,0.0
cdi_ca_1956_wk_prov_dbs_Part28_tables.csv,27,15,,-,False,False,False,False,False,,1,0.0
cdi_ca_1956_wk_prov_dbs_Part28_tables.csv,27,16,,-,False,False,False,False,False,,1,0.0
cdi_ca_1956_wk_prov_dbs_Part28_tables.csv,27,17,,-,False,False,False,False,False,,1,0.0
cdi_ca_1956_wk_prov_dbs_Part28_tables.csv,27,18,,41,False,False,False,False,False,,2,0.0
cdi_ca_1956_wk_prov_dbs_Part28_tables.csv,27,19,,45,False,False,False,False,False,,2,0.0
cdi_ca_1956_wk_prov_dbs_Part28_tables.csv,27,20,,36,False,False,False,False,False,,2,0.0
cdi_ca_1956_wk_prov_dbs_Part28_tables.csv,27,21,,22,False,False,False,False,False,,2,0.0
cdi_ca_1956_wk_prov_dbs_Part28_tables.csv,27,22,,8,False,False,False,False,False,,1,0.0
cdi_ca_1956_wk_prov_dbs_Part28_tables.csv,27,23,,30,False,False,False,False,False,,2,0.0
cdi_ca_1956_wk_prov_dbs_Part28_tables.csv,27,24,,7,False,False,False,False,False,,1,0.0
cdi_ca_1956_wk_prov_dbs_Part28_tables.csv,27,25,,2,False,False,False,False,False,,1,0.0
cdi_ca_1956_wk_prov_dbs_Part28_tables.csv,27,26,,2,False,False,False,False,False,,1,0.0
cdi_ca_1956_wk_prov_dbs_Part28_tables.csv,27,27,,-,False,False,False,False,False,,1,0.0
cdi_ca_1956_wk_prov_dbs_Part28_tables.csv,27,28,,10,False,False,False,False,False,,2,0.0
cdi_ca_1956_wk_prov_dbs_Part28_tables.csv,27,29,,2,False,False,False,False,False,,1,0.0
cdi_ca_1956_wk_prov_dbs_Part28_tables.csv,27,30,,-,False,False,False,False,False,,1,0.0
cdi_ca_1956_wk_prov_dbs_Part28_tables.csv,27,31,,2,False,False,False,False,False,,1,0.0
cdi_ca_1956_wk_prov_dbs_Part28_tables.csv,27,32,,11,False,False,False,False,False,,2,0.0
cdi_ca_1956_wk_prov_dbs_Part28_tables.csv,27,33,,9,False,False,False,False,False,,1,0.0
cdi_ca_1956_wk_prov_dbs_Part28_tables.csv,27,34,,26,False,False,False,False,False,,2,0.0
cdi_ca_1956_wk_prov_dbs_Part28_tables.csv,27,35,,6,False,False,False,False,False,,1,0.0
cdi_ca_1956_wk_prov_dbs_Part28_tables.csv,27,36,,28,False,False,False,False,False,,2,0.0
cdi_ca_1956_wk_prov_dbs_Part29_tables.csv,0,27,:,..,False,False,False,False,False,,2,0.0
cdi_ca_1956_wk_prov_dbs_Part29_tables.csv,0,28,:,..,False,False,False,False,False,,2,0.0
cdi_ca_1956_wk_prov_dbs_Part29_tables.csv,0,30,:,..,False,False,False,False,False,,2,0.0
cdi_ca_1956_wk_prov_dbs_Part29_tables.csv,0,31,,..,False,False,False,False,False,,2,0.0
cdi_ca_1956_wk_prov_dbs_Part29_tables.csv,2,15,...,..,False,False,False,False,False,,1,0.6666666666666667
cdi_ca_1956_wk_prov_dbs_Part29_tables.csv,2,16,...,..,False,False,False,False,False,,1,0.6666666666666667
cdi_ca_1956_wk_prov_dbs_Part29_tables.csv,2,17,...,..,False,False,False,False,False,,1,0.6666666666666667
cdi_ca_1956_wk_prov_dbs_Part29_tables.csv,2,18,...,..,False,False,False,False,False,,1,0.6666666666666667
cdi_ca_1956_wk_prov_dbs_Part29_tables.csv,2,19,....,..,False,False,False,False,False,,2,0.5
cdi_ca_1956_wk_prov_dbs_Part29_tables.csv,3,15,a..,..,False,False,False,False,False,,1,0.6666666666666667
cdi_ca_1956_wk_prov_dbs_Part29_tables.csv,3,16,,..,False,False,False,False,False,,2,0.0
cdi_ca_1956_wk_prov_dbs_Part29_tables.csv,3,17,,..,False,False,False,False,False,,2,0.0
cdi_ca_1956_wk_prov_dbs_Part29_tables.csv,3,18,,..,False,False,False,False,False,,2,0.0
cdi_ca_1956_wk_prov_dbs_Part29_tables.csv,3,19,,..,False,False,False,False,False,,2,0.0
cdi_ca_1956_wk_prov_dbs_Part29_tables.csv,3,20,,..,False,False,False,False,False,,2,0.0
cdi_ca_1956_wk_prov_dbs_Part29_tables.csv,3,28,,-,False,False,False,False,False,,1,0.0
cdi_ca_1956_wk_prov_dbs_Part29_tables.csv,3,29,,-,False,False,False,False,False,,1,0.0
cdi_ca_1956_wk_prov_dbs_Part29_tables.csv,3,30,,-,False,False,False,False,False,,1,0.0
cdi_ca_1956_wk_prov_dbs_Part29_tables.csv,4,15,,..,False,False,False,False,False,,2,0.0
cdi_ca_1956_wk_prov_dbs_Part29_tables.csv,4,16,,..,False,False,False,False,False,,2,0.0
cdi_ca_1956_wk_prov_dbs_Part29_tables.csv,4,17,a.e.,..,False,False,False,False,False,,2,0.5
cdi_ca_1956_wk_prov_dbs_Part29_tables.csv,4,18,,..,False,False,False,False,False,,2,0.0
cdi_ca_1956_wk_prov_dbs_Part29_tables.csv,4,19,A.O.,..,False,False,False,False,False,,2,0.5
cdi_ca_1956_wk_prov_dbs_Part29_tables.csv,5,9,-,..,False,False,False,False,False,,2,0.0
cdi_ca_1956_wk_prov_dbs_Part29_tables.csv,5,10,,..,False,False,False,False,False,,2,0.0
cdi_ca_1956_wk_prov_dbs_Part29_tables.csv,5,11,,..,False,False,False,False,False,,2,0.0
cdi_ca_1956_wk_prov_dbs_Part29_tables.csv,5,18,-,..,False,False,False,False,False,,2,0.0
cdi_ca_1956_wk_prov_dbs_Part29_tables.csv,5,19,,..,False,False,False,False,False,,2,0.0
cdi_ca_1956_wk_prov_dbs_Part29_tables.csv,5,20,,..,False,False,False,False,False,,2,0.0
cdi_ca_1956_wk_prov_dbs_Part29_tables.csv,5,21,,..,False,False,False,False,False,,2,0.0
cdi_ca_1956_wk_prov_dbs_Part29_tables.csv,5,22,,..,False,False,False,False,False,,2,0.0
cdi_ca_1956_wk_prov_dbs_Part29_tables.csv,5,23,,..,False,False,False,False,False,,2,0.0
cdi_ca_1956_wk_prov_dbs_Part29_tables.csv,5,36,-,6,False,False,False,False,False,,1,0.0
cdi_ca_1956_wk_prov_dbs_Part29_tables.csv,6,6,"8,918",..,False,False,False,False,False,,5,0.0
cdi_ca_1956_wk_prov_dbs_Part29_tables.csv,6,7,A.S.,..,False,False,False,False,False,,2,0.5
cdi_ca_1956_wk_prov_dbs_Part29_tables.csv,6,8,,..,False,False,False,False,False,,2,0.0
cdi_ca_1956_wk_prov_dbs_Part29_tables.csv,6,11,126,..,False,False,False,False,False,,3,0.0
cdi_ca_1956_wk_prov_dbs_Part29_tables.csv,6,30,-,..,False,False,False,False,False,,2,0.0
cdi_ca_1956_wk_prov_dbs_Part29_tables.csv,6,31,,..,False,False,False,False,False,,2,0.0
cdi_ca_1956_wk_prov_dbs_Part29_tables.csv,6,32,,..,False,False,False,False,False,,2,0.0
cdi_ca_1956_wk_prov_dbs_Part29_tables.csv,6,36,-,7,False,False,False,False,False,,1,0.0
cdi_ca_1956_wk_prov_dbs_Part29_tables.csv,7,27,A..,..,False,False,False,False,False,,1,0.6666666666666667
cdi_ca_1956_wk_prov_dbs_Part29_tables.csv,7,28,...,..,False,False,False,False,False,,1,0.6666666666666667
cdi_ca_1956_wk_prov_dbs_Part29_tables.csv,8,9,-,..,False,False,False,False,False,,2,0.0
cdi_ca_1956_wk_prov_dbs_Part29_tables.csv,8,10,.A,..,False,False,False,False,False,,1,0.5
cdi_ca_1956_wk_prov_dbs_Part29_tables.csv,8,11,A.A,..,False,False,False,False,False,,2,0.33333333333333337
cdi_ca_1956_wk_prov_dbs_Part29_tables.csv,8,30,-,..,False,False,False,False,False,,2,0.0
cdi_ca_1956_wk_prov_dbs_Part29_tables.csv,8,31,,..,False,False,False,False,False,,2,0.0
cdi_ca_1956_wk_prov_dbs_Part29_tables.csv,8,32,,..,False,False,False,False,False,,2,0.0
cdi_ca_1956_wk_prov_dbs_Part29_tables.csv,8,36,-,9,False,False,False,False,False,,1,0.0
cdi_ca_1956_wk_prov_dbs_Part29_tables.csv,9,15,,..,False,False,False,False,False,,2,0.0
cdi_ca_1956_wk_prov_dbs_Part29_tables.csv,9,16,,..,False,False,False,False,False,,2,0.0
cdi_ca_1956_wk_prov_dbs_Part29_tables.csv,9,17,,..,False,False,False,False,False,,2,0.0
cdi_ca_1956_wk_prov_dbs_Part29_tables.csv,9,30,A.A.,..,False,False,False,False,False,,2,0.5
cdi_ca_1956_wk_prov_dbs_Part29_tables.csv,9,31,,..,False,False,False,False,False,,2,0.0
cdi_ca_1956_wk_prov_dbs_Part29_tables.csv,10,34,3,-,False,False,False,False,False,,1,0.0
cdi_ca_1956_wk_prov_dbs_Part29_tables.csv,10,36,10,11,False,False,False,False,False,,1,0.5
cdi_ca_1956_wk_prov_dbs_Part29_tables.csv,12,14,,-,False,False,False,False,False,,1,0.0
cdi_ca_1956_wk_prov_dbs_Part29_tables.csv,12,34,I,-,False,False,False,False,False,,1,0.0
cdi_ca_1956_wk_prov_dbs_Part29_tables.csv,13,9,,..,False,False,False,False,False,,2,0.0
cdi_ca_1956_wk_prov_dbs_Part29_tables.csv,13,10,A.9.,..,False,False,False,False,False,,2,0.5
cdi_ca_1956_wk_prov_dbs_Part29_tables.csv,13,11,,..,False,False,False,False,False,,2,0.0
cdi_ca_1956_wk_prov_dbs_Part29_tables.csv,13,15,,..,False,False,False,False,False,,2,0.0
cdi_ca_1956_wk_prov_dbs_Part29_tables.csv,13,16,,..,False,False,False,False,False,,2,0.0
cdi_ca_1956_wk_prov_dbs_Part29_tables.csv,13,17,....,..,False,False,False,False,False,,2,0.5
cdi_ca_1956_wk_prov_dbs_Part29_tables.csv,13,27,....,..,False,False,False,False,False,,2,0.5
cdi_ca_1956_wk_prov_dbs_Part29_tables.csv,14,36,14,15,False,False,False,False,False,,1,0.5
cdi_ca_1956_wk_prov_dbs_Part29_tables.csv,15,32,1,-,False,False,False,False,False,,1,0.0
cdi_ca_1956_wk_prov_dbs_Part29_tables.csv,15,33,,-,False,False,False,False,False,,1,0.0
cdi_ca_1956_wk_prov_dbs_Part29_tables.csv,15,36,-,16,False,False,False,False,False,,2,0.0
cdi_ca_1956_wk_prov_dbs_Part29_tables.csv,16,16,9.,9,False,False,False,False,False,,1,0.5
cdi_ca_1956_wk_prov_dbs_Part29_tables.csv,18,31,..A,..,False,False,False,False,False,,1,0.6666666666666667
cdi_ca_1956_wk_prov_dbs_Part29_tables.csv,18,35,4.,4,False,False,False,False,False,,1,0.5
cdi_ca_1956_wk_prov_dbs_Part29_tables.csv,19,34,5.,5,False,False,False,False,False,,1,0.5
cdi_ca_1956_wk_prov_dbs_Part29_tables.csv,20,15,,..,False,False,False,False,False,,2,0.0
cdi_ca_1956_wk_prov_dbs_Part29_tables.csv,20,16,,..,False,False,False,False,False,,2,0.0
cdi_ca_1956_wk_prov_dbs_Part29_tables.csv,20,17,,..,False,False,False,False,False,,2,0.0
cdi_ca_1956_wk_prov_dbs_Part29_tables.csv,20,18,,..,False,False,False,False,False,,2,0.0
cdi_ca_1956_wk_prov_dbs_Part29_tables.csv,20,19,,..,False,False,False,False,False,,2,0.0
cdi_ca_1956_wk_prov_dbs_Part29_tables.csv,20,30,a.a.,..,False,False,False,False,False,,2,0.5
cdi_ca_1956_wk_prov_dbs_Part29_tables.csv,20,31,,..,False,False,False,False,False,,2,0.0
cdi_ca_1956_wk_prov_dbs_Part29_tables.csv,20,32,a.e.,..,False,False,False,False,False,,2,0.5
cdi_ca_1956_wk_prov_dbs_Part29_tables.csv,22,15,,-,False,False,False,False,False,,1,0.0
cdi_ca_1956_wk_prov_dbs_Part29_tables.csv,22,24,1,-,False,False,False,False,False,,1,0.0
cdi_ca_1956_wk_prov_dbs_Part29_tables.csv,22,32,4,-,False,False,False,False,False,,1,0.0
cdi_ca_1956_wk_prov_dbs_Part29_tables.csv,22,34,1,-,False,False,False,False,False,,1,0.0
cdi_ca_1956_wk_prov_dbs_Part29_tables.csv,22,35,I:,-,False,False,False,False,False,,2,0.0
cdi_ca_1956_wk_prov_dbs_Part29_tables.csv,22,36,1,23,False,False,False,False,False,,2,0.0
cdi_ca_1956_wk_prov_dbs_Part29_tables.csv,23,14,,-,False,False,False,False,False,,1,0.0
cdi_ca_1956_wk_prov_dbs_Part29_tables.csv,23,15,,-,False,False,False,False,False,,1,0.0
cdi_ca_1956_wk_prov_dbs_Part29_tables.csv,23,20,-1,-,False,False,False,False,False,,1,0.5
cdi_ca_1956_wk_prov_dbs_Part29_tables.csv,23,25,1,-,False,False,False,False,False,,1,0.0
cdi_ca_1956_wk_prov_dbs_Part29_tables.csv,23,26,=,-,False,False,False,False,False,,1,0.0
cdi_ca_1956_wk_prov_dbs_Part29_tables.csv,23,29,1,-,False,False,False,False,False,,1,0.0
cdi_ca_1956_wk_prov_dbs_Part29_tables.csv,23,30,1,-,False,False,False,False,False,,1,0.0
cdi_ca_1956_wk_prov_dbs_Part29_tables.csv,23,34,,-,False,False,False,False,False,,1,0.0
cdi_ca_1956_wk_prov_dbs_Part29_tables.csv,23,35,E,-,False,False,False,False,False,,1,0.0
cdi_ca_1956_wk_prov_dbs_Part29_tables.csv,24,15,1,-,False,False,False,False,False,,1,0.0
cdi_ca_1956_wk_prov_dbs_Part29_tables.csv,24,16,1,-,False,False,False,False,False,,1,0.0
cdi_ca_1956_wk_prov_dbs_Part29_tables.csv,24,17,=,-,False,False,False,False,False,,1,0.0
cdi_ca_1956_wk_prov_dbs_Part29_tables.csv,25,9,1,-,False,False,False,False,False,,1,0.0
cdi_ca_1956_wk_prov_dbs_Part29_tables.csv,25,10,,-,False,False,False,False,False,,1,0.0
cdi_ca_1956_wk_prov_dbs_Part29_tables.csv,25,11,PP.,-,False,False,False,False,False,,3,0.0
cdi_ca_1956_wk_prov_dbs_Part29_tables.csv,25,12,,-,False,False,False,False,False,,1,0.0
cdi_ca_1956_wk_prov_dbs_Part29_tables.csv,25,13,3.,3,False,False,False,False,False,,1,0.5
cdi_ca_1956_wk_prov_dbs_Part30_tables.csv,0,22,68,88,False,False,False,False,False,,1,0.5
cdi_ca_1956_wk_prov_dbs_Part30_tables.csv,0,27,:.,..,False,False,False,False,False,,1,0.5
cdi_ca_1956_wk_prov_dbs_Part30_tables.csv,0,28,:,..,False,False,False,False,False,,2,0.0
cdi_ca_1956_wk_prov_dbs_Part30_tables.csv,0,30,:.,..,False,False,False,False,False,,1,0.5
cdi_ca_1956_wk_prov_dbs_Part30_tables.csv,0,31,,..,False,False,False,False,False,,2,0.0
cdi_ca_1956_wk_prov_dbs_Part30_tables.csv,0,32,:,..,False,False,False,False,False,,2,0.0
cdi_ca_1956_wk_prov_dbs_Part30_tables.csv,1,20,7.,1,False,False,False,False,False,,2,0.0
cdi_ca_1956_wk_prov_dbs_Part30_tables.csv,2,15,8.9,..,False,False,False,False,False,,2,0.33333333333333337
cdi_ca_1956_wk_prov_dbs_Part30_tables.csv,2,16,...,..,False,False,False,False,False,,1,0.6666666666666667
cdi_ca_1956_wk_prov_dbs_Part30_tables.csv,2,17,...,..,False,False,False,False,False,,1,0.6666666666666667
cdi_ca_1956_wk_prov_dbs_Part30_tables.csv,2,18,,..,False,False,False,False,False,,2,0.0
cdi_ca_1956_wk_prov_dbs_Part30_tables.csv,2,19,...,..,False,False,False,False,False,,1,0.6666666666666667
cdi_ca_1956_wk_prov_dbs_Part30_tables.csv,2,20,...,..,False,False,False,False,False,,1,0.6666666666666667
cdi_ca_1956_wk_prov_dbs_Part30_tables.csv,3,15,: .,..,False,False,False,False,False,,2,0.33333333333333337
cdi_ca_1956_wk_prov_dbs_Part30_tables.csv,3,16,:.,..,False,False,False,False,False,,1,0.5
cdi_ca_1956_wk_prov_dbs_Part30_tables.csv,3,17,:,..,False,False,False,False,False,,2,0.0
cdi_ca_1956_wk_prov_dbs_Part30_tables.csv,3,18,:.,..,False,False,False,False,False,,1,0.5
cdi_ca_1956_wk_prov_dbs_Part30_tables.csv,3,19,:,..,False,False,False,False,False,,2,0.0
cdi_ca_1956_wk_prov_dbs_Part30_tables.csv,3,20,: .,..,False,False,False,False,False,,2,0.33333333333333337
cdi_ca_1956_wk_prov_dbs_Part30_tables.csv,4,15,:.,..,False,False,False,False,False,,1,0.5
cdi_ca_1956_wk_prov_dbs_Part30_tables.csv,4,16,:.,..,False,False,False,False,False,,1,0.5
cdi_ca_1956_wk_prov_dbs_Part30_tables.csv,4,17,:.,..,False,False,False,False,False,,1,0.5
cdi_ca_1956_wk_prov_dbs_Part30_tables.csv,4,18,:,..,False,False,False,False,False,,2,0.0
cdi_ca_1956_wk_prov_dbs_Part30_tables.csv,4,19,:.,..,False,False,False,False,False,,1,0.5
cdi_ca_1956_wk_prov_dbs_Part30_tables.csv,4,20,:.,..,False,False,False,False,False,,1,0.5
cdi_ca_1956_wk_prov_dbs_Part30_tables.csv,5,9,-,..,False,False,False,False,False,,2,0.0
cdi_ca_1956_wk_prov_dbs_Part30_tables.csv,5,10,...,..,False,False,False,False,False,,1,0.6666666666666667
cdi_ca_1956_wk_prov_dbs_Part30_tables.csv,5,11,...,..,False,False,False,False,False,,1,0.6666666666666667
cdi_ca_1956_wk_prov_dbs_Part30_tables.csv,5,36,-,6,False,False,False,False,False,,1,0.0
cdi_ca_1956_wk_prov_dbs_Part30_tables.csv,6,6,"8,943",..,False,False,False,False,False,,5,0.0
cdi_ca_1956_wk_prov_dbs_Part30_tables.csv,6,7,,..,False,False,False,False,False,,2,0.0
cdi_ca_1956_wk_prov_dbs_Part30_tables.csv,6,30,-,..,False,False,False,False,False,,2,0.0
cdi_ca_1956_wk_prov_dbs_Part30_tables.csv,6,31,:.,..,False,False,False,False,False,,1,0.5
cdi_ca_1956_wk_prov_dbs_Part30_tables.csv,6,32,,..,False,False,False,False,False,,2,0.0
cdi_ca_1956_wk_prov_dbs_Part30_tables.csv,6,36,-,7,False,False,False,False,False,,1,0.0
cdi_ca_1956_wk_prov_dbs_Part30_tables.csv,7,15,...,..,False,False,False,False,False,,1,0.6666666666666667
cdi_ca_1956_wk_prov_dbs_Part30_tables.csv,7,16,...,..,False,False,False,False,False,,1,0.6666666666666667
cdi_ca_1956_wk_prov_dbs_Part30_tables.csv,7,17,:.,..,False,False,False,False,False,,1,0.5
cdi_ca_1956_wk_prov_dbs_Part30_tables.csv,7,28,:,..,False,False,False,False,False,,2,0.0
cdi_ca_1956_wk_prov_dbs_Part30_tables.csv,8,9,-,..,False,False,False,False,False,,2,0.0
cdi_ca_1956_wk_prov_dbs_Part30_tables.csv,8,10,:,..,False,False,False,False,False,,2,0.0
cdi_ca_1956_wk_prov_dbs_Part30_tables.csv,8,11,...,..,False,False,False,False,False,,1,0.6666666666666667
cdi_ca_1956_wk_prov_dbs_Part30_tables.csv,8,30,-,..,False,False,False,False,False,,2,0.0
cdi_ca_1956_wk_prov_dbs_Part30_tables.csv,8,31,:,..,False,False,False,False,False,,2,0.0
cdi_ca_1956_wk_prov_dbs_Part30_tables.csv,8,32,,..,False,False,False,False,False,,2,0.0
cdi_ca_1956_wk_prov_dbs_Part30_tables.csv,8,36,-,9,False,False,False,False,False,,1,0.0
cdi_ca_1956_wk_prov_dbs_Part30_tables.csv,9,15,...,..,False,False,False,False,False,,1,0.6666666666666667
cdi_ca_1956_wk_prov_dbs_Part30_tables.csv,9,16,:,..,False,False,False,False,False,,2,0.0
cdi_ca_1956_wk_prov_dbs_Part30_tables.csv,9,17,:.,..,False,False,False,False,False,,1,0.5
cdi_ca_1956_wk_prov_dbs_Part30_tables.csv,9,27,:,..,False,False,False,False,False,,2,0.0
cdi_ca_1956_wk_prov_dbs_Part30_tables.csv,9,30,:.,..,False,False,False,False,False,,1,0.5
cdi_ca_1956_wk_prov_dbs_Part30_tables.csv,9,31,,..,False,False,False,False,False,,2,0.0
cdi_ca_1956_wk_prov_dbs_Part30_tables.csv,10,36,7,11,False,False,False,False,False,,2,0.0
cdi_ca_1956_wk_prov_dbs_Part30_tables.csv,13,9,...,..,False,False,False,False,False,,1,0.6666666666666667
cdi_ca_1956_wk_prov_dbs_Part30_tables.csv,13,10,...,..,False,False,False,False,False,,1,0.6666666666666667
cdi_ca_1956_wk_prov_dbs_Part30_tables.csv,13,11,P.P.,..,False,False,False,False,False,,2,0.5
cdi_ca_1956_wk_prov_dbs_Part30_tables.csv,13,15,...,..,False,False,False,False,False,,1,0.6666666666666667
cdi_ca_1956_wk_prov_dbs_Part30_tables.csv,13,16,...,..,False,False,False,False,False,,1,0.6666666666666667
cdi_ca_1956_wk_prov_dbs_Part30_tables.csv,13,17,...,..,False,False,False,False,False,,1,0.6666666666666667
cdi_ca_1956_wk_prov_dbs_Part30_tables.csv,13,27,:.,..,False,False,False,False,False,,1,0.5
cdi_ca_1956_wk_prov_dbs_Part30_tables.csv,13,28,:,..,False,False,False,False,False,,2,0.0
cdi_ca_1956_wk_prov_dbs_Part30_tables.csv,14,36,13,15,False,False,False,False,False,,1,0.5
cdi_ca_1956_wk_prov_dbs_Part30_tables.csv,15,3,,-,False,False,False,False,False,,1,0.0
cdi_ca_1956_wk_prov_dbs_Part30_tables.csv,15,4,,-,False,False,False,False,False,,1,0.0
cdi_ca_1956_wk_prov_dbs_Part30_tables.csv,20,6,,-,False,False,False,False,False,,1,0.0
cdi_ca_1956_wk_prov_dbs_Part30_tables.csv,20,7,,-,False,False,False,False,False,,1,0.0
cdi_ca_1956_wk_prov_dbs_Part30_tables.csv,20,13,,-,False,False,False,False,False,,1,0.0
cdi_ca_1956_wk_prov_dbs_Part30_tables.csv,20,14,,-,False,False,False,False,False,,1,0.0
cdi_ca_1956_wk_prov_dbs_Part30_tables.csv,20,15,,..,False,False,False,False,False,,2,0.0
cdi_ca_1956_wk_prov_dbs_Part30_tables.csv,20,16,,..,False,False,False,False,False,,2,0.0
cdi_ca_1956_wk_prov_dbs_Part30_tables.csv,20,17,,..,False,False,False,False,False,,2,0.0
cdi_ca_1956_wk_prov_dbs_Part30_tables.csv,20,18,,..,False,False,False,False,False,,2,0.0
cdi_ca_1956_wk_prov_dbs_Part30_tables.csv,20,19,,..,False,False,False,False,False,,2,0.0
cdi_ca_1956_wk_prov_dbs_Part30_tables.csv,20,30,R.A,..,False,False,False,False,False,,2,0.33333333333333337
cdi_ca_1956_wk_prov_dbs_Part30_tables.csv,20,31,....,..,False,False,False,False,False,,2,0.5
cdi_ca_1956_wk_prov_dbs_Part30_tables.csv,20,32,R.P.,..,False,False,False,False,False,,2,0.5
cdi_ca_1956_wk_prov_dbs_Part30_tables.csv,22,0, primary,-,False,False,False,False,False,,8,0.0
cdi_ca_1956_wk_prov_dbs_Part30_tables.csv,22,6,123,-,False,False,False,False,False,,3,0.0
cdi_ca_1956_wk_prov_dbs_Part30_tables.csv,22,7,,-,False,False,False,False,False,,1,0.0
cdi_ca_1956_wk_prov_dbs_Part30_tables.csv,22,8,,-,False,False,False,False,False,,1,0.0
cdi_ca_1956_wk_prov_dbs_Part30_tables.csv,22,11,,-,False,False,False,False,False,,1,0.0
cdi_ca_1956_wk_prov_dbs_Part30_tables.csv,22,12,,-,False,False,False,False,False,,1,0.0
cdi_ca_1956_wk_prov_dbs_Part30_tables.csv,22,13,,-,False,False,False,False,False,,1,0.0
cdi_ca_1956_wk_prov_dbs_Part30_tables.csv,22,14,,-,False,False,False,False,False,,1,0.0
cdi_ca_1956_wk_prov_dbs_Part30_tables.csv,22,15,,-,False,False,False,False,False,,1,0.0
cdi_ca_1956_wk_prov_dbs_Part30_tables.csv,22,16,,-,False,False,False,False,False,,1,0.0
cdi_ca_1956_wk_prov_dbs_Part30_tables.csv,22,19,,-,False,False,False,False,False,,1,0.0
cdi_ca_1956_wk_prov_dbs_Part30_tables.csv,22,36,-,23,False,False,False,False,False,,2,0.0
cdi_ca_1956_wk_prov_dbs_Part30_tables.csv,23,1,,-,False,False,False,False,False,,1,0.0
cdi_ca_1956_wk_prov_dbs_Part31_tables.csv,0,15,:,..,False,False,False,False,False,,2,0.0
cdi_ca_1956_wk_prov_dbs_Part31_tables.csv,0,16,:.,..,False,False,False,False,False,,1,0.5
cdi_ca_1956_wk_prov_dbs_Part31_tables.csv,0,17,:,..,False,False,False,False,False,,2,0.0
cdi_ca_1956_wk_prov_dbs_Part31_tables.csv,0,20,24,14,False,False,False,False,False,,1,0.5
cdi_ca_1956_wk_prov_dbs_Part31_tables.csv,0,27,:.,..,False,False,False,False,False,,1,0.5
cdi_ca_1956_wk_prov_dbs_Part31_tables.csv,0,28,:.,..,False,False,False,False,False,,1,0.5
cdi_ca_1956_wk_prov_dbs_Part31_tables.csv,0,30,:.,..,False,False,False,False,False,,1,0.5
cdi_ca_1956_wk_prov_dbs_Part31_tables.csv,0,31,:,..,False,False,False,False,False,,2,0.0
cdi_ca_1956_wk_prov_dbs_Part31_tables.csv,3,15,....,..,False,False,False,False,False,,2,0.5
cdi_ca_1956_wk_prov_dbs_Part31_tables.csv,3,16,...,..,False,False,False,False,False,,1,0.6666666666666667
cdi_ca_1956_wk_prov_dbs_Part31_tables.csv,3,17,...,..,False,False,False,False,False,,1,0.6666666666666667
cdi_ca_1956_wk_prov_dbs_Part31_tables.csv,3,18,...,..,False,False,False,False,False,,1,0.6666666666666667
cdi_ca_1956_wk_prov_dbs_Part31_tables.csv,3,19,...,..,False,False,False,False,False,,1,0.6666666666666667
cdi_ca_1956_wk_prov_dbs_Part31_tables.csv,3,20,...,..,False,False,False,False,False,,1,0.6666666666666667
cdi_ca_1956_wk_prov_dbs_Part31_tables.csv,4,15,9.8,..,False,False,False,False,False,,2,0.33333333333333337
cdi_ca_1956_wk_prov_dbs_Part31_tables.csv,4,16,P...,..,False,False,False,False,False,,2,0.5
cdi_ca_1956_wk_prov_dbs_Part31_tables.csv,4,17,9.9,..,False,False,False,False,False,,2,0.33333333333333337
cdi_ca_1956_wk_prov_dbs_Part31_tables.csv,4,19,...,..,False,False,False,False,False,,1,0.6666666666666667
cdi_ca_1956_wk_prov_dbs_Part31_tables.csv,5,9,-,..,False,False,False,False,False,,2,0.0
cdi_ca_1956_wk_prov_dbs_Part31_tables.csv,5,10,A.P.,..,False,False,False,False,False,,2,0.5
cdi_ca_1956_wk_prov_dbs_Part31_tables.csv,5,11,...,..,False,False,False,False,False,,1,0.6666666666666667
cdi_ca_1956_wk_prov_dbs_Part31_tables.csv,5,18,-,..,False,False,False,False,False,,2,0.0
cdi_ca_1956_wk_prov_dbs_Part31_tables.csv,5,19,R.9,..,False,False,False,False,False,,2,0.33333333333333337
cdi_ca_1956_wk_prov_dbs_Part31_tables.csv,5,20,9.8,..,False,False,False,False,False,,2,0.33333333333333337
cdi_ca_1956_wk_prov_dbs_Part31_tables.csv,5,23,1,..,False,False,False,False,False,,2,0.0
cdi_ca_1956_wk_prov_dbs_Part31_tables.csv,5,36,-,6,False,False,False,False,False,,1,0.0
cdi_ca_1956_wk_prov_dbs_Part31_tables.csv,6,6,"8,956",..,False,False,False,False,False,,5,0.0
cdi_ca_1956_wk_prov_dbs_Part31_tables.csv,6,7,9.9,..,False,False,False,False,False,,2,0.33333333333333337
cdi_ca_1956_wk_prov_dbs_Part31_tables.csv,6,8,...,..,False,False,False,False,False,,1,0.6666666666666667
cdi_ca_1956_wk_prov_dbs_Part31_tables.csv,6,11,61,..,False,False,False,False,False,,2,0.0
cdi_ca_1956_wk_prov_dbs_Part31_tables.csv,6,30,-,..,False,False,False,False,False,,2,0.0
cdi_ca_1956_wk_prov_dbs_Part31_tables.csv,6,31,....,..,False,False,False,False,False,,2,0.5
cdi_ca_1956_wk_prov_dbs_Part31_tables.csv,6,32,R.R.,..,False,False,False,False,False,,2,0.5
cdi_ca_1956_wk_prov_dbs_Part31_tables.csv,6,36,-,7,False,False,False,False,False,,1,0.0
cdi_ca_1956_wk_prov_dbs_Part31_tables.csv,7,15,...,..,False,False,False,False,False,,1,0.6666666666666667
cdi_ca_1956_wk_prov_dbs_Part31_tables.csv,7,16,R.P.,..,False,False,False,False,False,,2,0.5
cdi_ca_1956_wk_prov_dbs_Part31_tables.csv,7,27,9.A,..,False,False,False,False,False,,2,0.33333333333333337
cdi_ca_1956_wk_prov_dbs_Part31_tables.csv,7,28,R.P.,..,False,False,False,False,False,,2,0.5
cdi_ca_1956_wk_prov_dbs_Part31_tables.csv,8,9,-,..,False,False,False,False,False,,2,0.0
cdi_ca_1956_wk_prov_dbs_Part31_tables.csv,8,10,A.R,..,False,False,False,False,False,,2,0.33333333333333337
cdi_ca_1956_wk_prov_dbs_Part31_tables.csv,8,11,a.e,..,False,False,False,False,False,,2,0.33333333333333337
cdi_ca_1956_wk_prov_dbs_Part31_tables.csv,8,30,-,..,False,False,False,False,False,,2,0.0
cdi_ca_1956_wk_prov_dbs_Part31_tables.csv,8,31,R.O.,..,False,False,False,False,False,,2,0.5
cdi_ca_1956_wk_prov_dbs_Part31_tables.csv,8,32,9.8,..,False,False,False,False,False,,2,0.33333333333333337
cdi_ca_1956_wk_prov_dbs_Part31_tables.csv,8,36,-,9,False,False,False,False,False,,1,0.0
cdi_ca_1956_wk_prov_dbs_Part31_tables.csv,9,15,,..,False,False,False,False,False,,2,0.0
cdi_ca_1956_wk_prov_dbs_Part31_tables.csv,9,27,.R,..,False,False,False,False,False,,1,0.5
cdi_ca_1956_wk_prov_dbs_Part31_tables.csv,9,28,A.O.,..,False,False,False,False,False,,2,0.5
cdi_ca_1956_wk_prov_dbs_Part31_tables.csv,9,30,a.a.,..,False,False,False,False,False,,2,0.5
cdi_ca_1956_wk_prov_dbs_Part31_tables.csv,9,31,..A,..,False,False,False,False,False,,1,0.6666666666666667
cdi_ca_1956_wk_prov_dbs_Part31_tables.csv,10,36,5,11,False,False,False,False,False,,2,0.0
cdi_ca_1956_wk_prov_dbs_Part31_tables.csv,13,9,a.a,..,False,False,False,False,False,,2,0.33333333333333337
cdi_ca_1956_wk_prov_dbs_Part31_tables.csv,13,10,...,..,False,False,False,False,False,,1,0.6666666666666667
cdi_ca_1956_wk_prov_dbs_Part31_tables.csv,13,11,,..,False,False,False,False,False,,2,0.0
cdi_ca_1956_wk_prov_dbs_Part31_tables.csv,13,15,,..,False,False,False,False,False,,2,0.0
cdi_ca_1956_wk_prov_dbs_Part31_tables.csv,13,16,a.e,..,False,False,False,False,False,,2,0.33333333333333337
cdi_ca_1956_wk_prov_dbs_Part31_tables.csv,13,17,,..,False,False,False,False,False,,2,0.0
cdi_ca_1956_wk_prov_dbs_Part31_tables.csv,13,27,,..,False,False,False,False,False,,2,0.0
cdi_ca_1956_wk_prov_dbs_Part31_tables.csv,13,28,a.e.,..,False,False,False,False,False,,2,0.5
cdi_ca_1956_wk_prov_dbs_Part31_tables.csv,14,36,4,15,False,False,False,False,False,,2,0.0
cdi_ca_1956_wk_prov_dbs_Part31_tables.csv,20,15,,..,False,False,False,False,False,,2,0.0
cdi_ca_1956_wk_prov_dbs_Part31_tables.csv,20,16,,..,False,False,False,False,False,,2,0.0
cdi_ca_1956_wk_prov_dbs_Part31_tables.csv,20,17,,..,False,False,False,False,False,,2,0.0
cdi_ca_1956_wk_prov_dbs_Part31_tables.csv,20,19,,..,False,False,False,False,False,,2,0.0
cdi_ca_1956_wk_prov_dbs_Part31_tables.csv,20,20,A.R,..,False,False,False,False,False,,2,0.33333333333333337
cdi_ca_1956_wk_prov_dbs_Part31_tables.csv,20,30,...,..,False,False,False,False,False,,1,0.6666666666666667
cdi_ca_1956_wk_prov_dbs_Part31_tables.csv,20,31,A.R,..,False,False,False,False,False,,2,0.33333333333333337
cdi_ca_1956_wk_prov_dbs_Part31_tables.csv,20,32,...,..,False,False,False,False,False,,1,0.6666666666666667
cdi_ca_1956_wk_prov_dbs_Part31_tables.csv,22,6,128,-,False,False,False,False,False,,3,0.0
cdi_ca_1956_wk_prov_dbs_Part31_tables.csv,22,36,-,23,False,False,False,False,False,,2,0.0
cdi_ca_1956_wk_prov_dbs_Part31_tables.csv,23,17,1,-,False,False,False,False,False,,1,0.0
cdi_ca_1956_wk_prov_dbs_Part31_tables.csv,24,26,1,-,False,False,False,False,False,,1,0.0
cdi_ca_1956_wk_prov_dbs_Part31_tables.csv,25,15,6.,6,False,False,False,False,False,,1,0.5
cdi_ca_1956_wk_prov_dbs_Part32_tables.csv,0,0,196,133,False,False,False,False,False,,2,0.33333333333333337
cdi_ca_1956_wk_prov_dbs_Part32_tables.csv,0,1,173,196,False,False,False,False,False,,2,0.33333333333333337
cdi_ca_1956_wk_prov_dbs_Part32_tables.csv,0,2,"26,229",173,False,False,False,False,False,,6,0.0
cdi_ca_1956_wk_prov_dbs_Part32_tables.csv,0,3,"24,147",26229,False,False,False,False,False,,5,0.16666666666666663
cdi_ca_1956_wk_prov_dbs_Part32_tables.csv,0,4,"32,097",24147,False,False,False,False,False,,4,0.33333333333333337
cdi_ca_1956_wk_prov_dbs_Part32_tables.csv,0,5,2,32097,False,False,False,False,False,,4,0.19999999999999996
cdi_ca_1956_wk_prov_dbs_Part32_tables.csv,0,7,1,2,False,False,False,False,False,,1,0.0
cdi_ca_1956_wk_prov_dbs_Part32_tables.csv,0,10,-,1,False,False,False,False,False,,1,0.0
cdi_ca_1956_wk_prov_dbs_Part32_tables.csv,0,11,9,-,False,False,False,False,False,,1,0.0
cdi_ca_1956_wk_prov_dbs_Part32_tables.csv,0,12,29,9,False,False,False,False,False,,1,0.5
cdi_ca_1956_wk_prov_dbs_Part32_tables.csv,0,13,8,29,False,False,False,False,False,,2,0.0
cdi_ca_1956_wk_prov_dbs_Part32_tables.csv,0,14,:.,8,False,False,False,False,False,,2,0.0
cdi_ca_1956_wk_prov_dbs_Part32_tables.csv,0,15,:,..,False,False,False,False,False,,2,0.0
cdi_ca_1956_wk_prov_dbs_Part32_tables.csv,0,16,: .,..,False,False,False,False,False,,2,0.33333333333333337
cdi_ca_1956_wk_prov_dbs_Part32_tables.csv,0,17,35,..,False,False,False,False,False,,2,0.0
cdi_ca_1956_wk_prov_dbs_Part32_tables.csv,0,18,55,35,False,False,False,False,False,,1,0.5
cdi_ca_1956_wk_prov_dbs_Part32_tables.csv,0,19,25,55,False,False,False,False,False,,1,0.5
cdi_ca_1956_wk_prov_dbs_Part32_tables.csv,0,20,61,25,False,False,False,False,False,,2,0.0
cdi_ca_1956_wk_prov_dbs_Part32_tables.csv,0,21,63,61,False,False,False,False,False,,1,0.5
cdi_ca_1956_wk_prov_dbs_Part32_tables.csv,0,22,54,63,False,False,False,False,False,,2,0.0
cdi_ca_1956_wk_prov_dbs_Part32_tables.csv,0,23,10,54,False,False,False,False,False,,2,0.0
cdi_ca_1956_wk_prov_dbs_Part32_tables.csv,0,25,10,20,False,False,False,False,False,,1,0.5
cdi_ca_1956_wk_prov_dbs_Part32_tables.csv,0,26,:.,10,False,False,False,False,False,,2,0.0
cdi_ca_1956_wk_prov_dbs_Part32_tables.csv,0,27,:.,..,False,False,False,False,False,,1,0.5
cdi_ca_1956_wk_prov_dbs_Part32_tables.csv,0,28,16,..,False,False,False,False,False,,2,0.0
cdi_ca_1956_wk_prov_dbs_Part32_tables.csv,0,29,:,16,False,False,False,False,False,,2,0.0
cdi_ca_1956_wk_prov_dbs_Part32_tables.csv,0,30,:.,..,False,False,False,False,False,,1,0.5
cdi_ca_1956_wk_prov_dbs_Part32_tables.csv,0,31,8,..,False,False,False,False,False,,2,0.0
cdi_ca_1956_wk_prov_dbs_Part32_tables.csv,0,32,16,8,False,False,False,False,False,,2,0.0
cdi_ca_1956_wk_prov_dbs_Part32_tables.csv,0,33,26,16,False,False,False,False,False,,1,0.5
cdi_ca_1956_wk_prov_dbs_Part32_tables.csv,0,34,31,26,False,False,False,False,False,,2,0.0
cdi_ca_1956_wk_prov_dbs_Part32_tables.csv,0,35,1,31,False,False,False,False,False,,1,0.5
cdi_ca_1956_wk_prov_dbs_Part32_tables.csv,0,36,FILLER,1,False,False,False,False,False,,6,0.0
cdi_ca_1956_wk_prov_dbs_Part32_tables.csv,1,0,1,-,False,False,False,False,False,,1,0.0
cdi_ca_1956_wk_prov_dbs_Part32_tables.csv,1,1,2,1,False,False,False,False,False,,1,0.0
cdi_ca_1956_wk_prov_dbs_Part32_tables.csv,1,2,60,2,False,False,False,False,False,,2,0.0
cdi_ca_1956_wk_prov_dbs_Part32_tables.csv,1,3,66,60,False,False,False,False,False,,1,0.5
cdi_ca_1956_wk_prov_dbs_Part32_tables.csv,1,4,88,66,False,False,False,False,False,,2,0.0
cdi_ca_1956_wk_prov_dbs_Part32_tables.csv,1,5,-,88,False,False,False,False,False,,2,0.0
cdi_ca_1956_wk_prov_dbs_Part32_tables.csv,1,18,1,-,False,False,False,False,False,,1,0.0
cdi_ca_1956_wk_prov_dbs_Part32_tables.csv,1,19,2,1,False,False,False,False,False,,1,0.0
cdi_ca_1956_wk_prov_dbs_Part32_tables.csv,1,20,-,2,False,False,False,False,False,,1,0.0
cdi_ca_1956_wk_prov_dbs_Part32_tables.csv,1,35,2,-,False,False,False,False,False,,1,0.0
cdi_ca_1956_wk_prov_dbs_Part32_tables.csv,1,36,FILLER,2,False,False,False,False,False,,6,0.0
cdi_ca_1956_wk_prov_dbs_Part32_tables.csv,2,0,19,14,False,False,False,False,False,,1,0.5
cdi_ca_1956_wk_prov_dbs_Part32_tables.csv,2,2,399,19,False,False,False,False,False,,2,0.33333333333333337
cdi_ca_1956_wk_prov_dbs_Part32_tables.csv,2,3,377,399,False,False,False,False,False,,2,0.33333333333333337
cdi_ca_1956_wk_prov_dbs_Part32_tables.csv,2,5,-,377,False,False,False,False,False,,3,0.0
cdi_ca_1956_wk_prov_dbs_Part32_tables.csv,2,14,P...,-,False,False,False,False,False,,4,0.0
cdi_ca_1956_wk_prov_dbs_Part32_tables.csv,2,15,...,..,False,False,False,False,False,,1,0.6666666666666667
cdi_ca_1956_wk_prov_dbs_Part32_tables.csv,2,16,..S,..,False,False,False,False,False,,1,0.6666666666666667
cdi_ca_1956_wk_prov_dbs_Part32_tables.csv,2,17,R.P.,..,False,False,False,False,False,,2,0.5
cdi_ca_1956_wk_prov_dbs_Part32_tables.csv,2,18,1,..,False,False,False,False,False,,2,0.0
cdi_ca_1956_wk_prov_dbs_Part32_tables.csv,2,19,...,1,False,False,False,False,False,,3,0.0
cdi_ca_1956_wk_prov_dbs_Part32_tables.csv,2,20,2,..,False,False,False,False,False,,2,0.0
cdi_ca_1956_wk_prov_dbs_Part32_tables.csv,2,22,1,2,False,False,False,False,False,,1,0.0
cdi_ca_1956_wk_prov_dbs_Part32_tables.csv,2,23,-,1,False,False,False,False,False,,1,0.0
cdi_ca_1956_wk_prov_dbs_Part32_tables.csv,2,29,-,3,False,False,False,False,False,,1,0.0
cdi_ca_1956_wk_prov_dbs_Part32_tables.csv,2,32,12,-,False,False,False,False,False,,2,0.0
cdi_ca_1956_wk_prov_dbs_Part32_tables.csv,2,33,16,12,False,False,False,False,False,,1,0.5
cdi_ca_1956_wk_prov_dbs_Part32_tables.csv,2,34,8,16,False,False,False,False,False,,2,0.0
cdi_ca_1956_wk_prov_dbs_Part32_tables.csv,2,35,3,8,False,False,False,False,False,,1,0.0
cdi_ca_1956_wk_prov_dbs_Part32_tables.csv,2,36,FILLER,3,False,False,False,False,False,,6,0.0
cdi_ca_1956_wk_prov_dbs_Part32_tables.csv,3,3,2,-,False,False,False,False,False,,1,0.0
cdi_ca_1956_wk_prov_dbs_Part32_tables.csv,3,4,7,2,False,False,False,False,False,,1,0.0
cdi_ca_1956_wk_prov_dbs_Part32_tables.csv,3,5,-,7,False,False,False,False,False,,1,0.0
cdi_ca_1956_wk_prov_dbs_Part32_tables.csv,3,14,,-,False,False,False,False,False,,1,0.0
cdi_ca_1956_wk_prov_dbs_Part32_tables.csv,3,15,,..,False,False,False,False,False,,2,0.0
cdi_ca_1956_wk_prov_dbs_Part32_tables.csv,3,16,,..,False,False,False,False,False,,2,0.0
cdi_ca_1956_wk_prov_dbs_Part32_tables.csv,3,17,,..,False,False,False,False,False,,2,0.0
cdi_ca_1956_wk_prov_dbs_Part32_tables.csv,3,18,,..,False,False,False,False,False,,2,0.0
cdi_ca_1956_wk_prov_dbs_Part32_tables.csv,3,19,,..,False,False,False,False,False,,2,0.0
cdi_ca_1956_wk_prov_dbs_Part32_tables.csv,3,20,-,..,False,False,False,False,False,,2,0.0
cdi_ca_1956_wk_prov_dbs_Part32_tables.csv,3,35,4,-,False,False,False,False,False,,1,0.0
cdi_ca_1956_wk_prov_dbs_Part32_tables.csv,3,36,FILLER,4,False,False,False,False,False,,6,0.0
cdi_ca_1956_wk_prov_dbs_Part32_tables.csv,4,0,19,14,False,False,False,False,False,,1,0.5
cdi_ca_1956_wk_prov_dbs_Part32_tables.csv,4,2,399,19,False,False,False,False,False,,2,0.33333333333333337
cdi_ca_1956_wk_prov_dbs_Part32_tables.csv,4,3,375,399,False,False,False,False,False,,2,0.33333333333333337
cdi_ca_1956_wk_prov_dbs_Part32_tables.csv,4,5,-,375,False,False,False,False,False,,3,0.0
cdi_ca_1956_wk_prov_dbs_Part32_tables.csv,4,14,,-,False,False,False,False,False,,1,0.0
cdi_ca_1956_wk_prov_dbs_Part32_tables.csv,4,15,,..,False,False,False,False,False,,2,0.0
cdi_ca_1956_wk_prov_dbs_Part32_tables.csv,4,16,,..,False,False,False,False,False,,2,0.0
cdi_ca_1956_wk_prov_dbs_Part32_tables.csv,4,17,,..,False,False,False,False,False,,2,0.0
cdi_ca_1956_wk_prov_dbs_Part32_tables.csv,4,18,1,..,False,False,False,False,False,,2,0.0
cdi_ca_1956_wk_prov_dbs_Part32_tables.csv,4,19,,1,False,False,False,False,False,,1,0.0
cdi_ca_1956_wk_prov_dbs_Part32_tables.csv,4,20,2,..,False,False,False,False,False,,2,0.0
cdi_ca_1956_wk_prov_dbs_Part32_tables.csv,4,22,1,2,False,False,False,False,False,,1,0.0
cdi_ca_1956_wk_prov_dbs_Part32_tables.csv,4,23,-,1,False,False,False,False,False,,1,0.0
cdi_ca_1956_wk_prov_dbs_Part32_tables.csv,4,29,-,3,False,False,False,False,False,,1,0.0
cdi_ca_1956_wk_prov_dbs_Part32_tables.csv,4,32,12,-,False,False,False,False,False,,2,0.0
cdi_ca_1956_wk_prov_dbs_Part32_tables.csv,4,33,16,12,False,False,False,False,False,,1,0.5
cdi_ca_1956_wk_prov_dbs_Part32_tables.csv,4,34,8,16,False,False,False,False,False,,2,0.0
cdi_ca_1956_wk_prov_dbs_Part32_tables.csv,4,35,5,8,False,False,False,False,False,,1,0.0
cdi_ca_1956_wk_prov_dbs_Part32_tables.csv,4,36,FILLER,5,False,False,False,False,False,,6,0.0
cdi_ca_1956_wk_prov_dbs_Part32_tables.csv,5,9,...,..,False,False,False,False,False,,1,0.6666666666666667
cdi_ca_1956_wk_prov_dbs_Part32_tables.csv,5,10,A.9.,..,False,False,False,False,False,,2,0.5
cdi_ca_1956_wk_prov_dbs_Part32_tables.csv,5,11,P.A,..,False,False,False,False,False,,2,0.33333333333333337
cdi_ca_1956_wk_prov_dbs_Part32_tables.csv,5,18,...,..,False,False,False,False,False,,1,0.6666666666666667
cdi_ca_1956_wk_prov_dbs_Part32_tables.csv,5,19,,..,False,False,False,False,False,,2,0.0
cdi_ca_1956_wk_prov_dbs_Part32_tables.csv,5,20,R.O.,..,False,False,False,False,False,,2,0.5
cdi_ca_1956_wk_prov_dbs_Part32_tables.csv,5,23,...,..,False,False,False,False,False,,1,0.6666666666666667
cdi_ca_1956_wk_prov_dbs_Part32_tables.csv,6,0,92,84,False,False,False,False,False,,2,0.0
cdi_ca_1956_wk_prov_dbs_Part32_tables.csv,6,1,26,92,False,False,False,False,False,,2,0.0
cdi_ca_1956_wk_prov_dbs_Part32_tables.csv,6,2,"8,558",26,False,False,False,False,False,,5,0.0
cdi_ca_1956_wk_prov_dbs_Part32_tables.csv,6,3,"36,375",8558,False,False,False,False,False,,6,0.0
cdi_ca_1956_wk_prov_dbs_Part32_tables.csv,6,4,"8,958",36375,False,False,False,False,False,,5,0.0
cdi_ca_1956_wk_prov_dbs_Part32_tables.csv,6,5,a.e.,8958,False,False,False,False,False,,4,0.0
cdi_ca_1956_wk_prov_dbs_Part32_tables.csv,6,6,.A,..,False,False,False,False,False,,1,0.5
cdi_ca_1956_wk_prov_dbs_Part32_tables.csv,6,7,,..,False,False,False,False,False,,2,0.0
cdi_ca_1956_wk_prov_dbs_Part32_tables.csv,6,8,79,..,False,False,False,False,False,,2,0.0
cdi_ca_1956_wk_prov_dbs_Part32_tables.csv,6,9,66,79,False,False,False,False,False,,2,0.0
cdi_ca_1956_wk_prov_dbs_Part32_tables.csv,6,10,,66,False,False,False,False,False,,2,0.0
cdi_ca_1956_wk_prov_dbs_Part32_tables.csv,6,11,5,..,False,False,False,False,False,,2,0.0
cdi_ca_1956_wk_prov_dbs_Part32_tables.csv,6,12,23,5,False,False,False,False,False,,2,0.0
cdi_ca_1956_wk_prov_dbs_Part32_tables.csv,6,13,22,23,False,False,False,False,False,,1,0.5
cdi_ca_1956_wk_prov_dbs_Part32_tables.csv,6,14,-,22,False,False,False,False,False,,2,0.0
cdi_ca_1956_wk_prov_dbs_Part32_tables.csv,6,21,2,-,False,False,False,False,False,,1,0.0
cdi_ca_1956_wk_prov_dbs_Part32_tables.csv,6,22,1,2,False,False,False,False,False,,1,0.0
cdi_ca_1956_wk_prov_dbs_Part32_tables.csv,6,24,1,-,False,False,False,False,False,,1,0.0
cdi_ca_1956_wk_prov_dbs_Part32_tables.csv,6,25,2,1,False,False,False,False,False,,1,0.0
cdi_ca_1956_wk_prov_dbs_Part32_tables.csv,6,26,-,2,False,False,False,False,False,,1,0.0
cdi_ca_1956_wk_prov_dbs_Part32_tables.csv,6,29,,-,False,False,False,False,False,,1,0.0
cdi_ca_1956_wk_prov_dbs_Part32_tables.csv,6,30,,..,False,False,False,False,False,,2,0.0
cdi_ca_1956_wk_prov_dbs_Part32_tables.csv,6,31,,..,False,False,False,False,False,,2,0.0
cdi_ca_1956_wk_prov_dbs_Part32_tables.csv,6,32,-,..,False,False,False,False,False,,2,0.0
cdi_ca_1956_wk_prov_dbs_Part32_tables.csv,6,35,7,-,False,False,False,False,False,,1,0.0
cdi_ca_1956_wk_prov_dbs_Part32_tables.csv,6,36,FILLER,7,False,False,False,False,False,,6,0.0
cdi_ca_1956_wk_prov_dbs_Part32_tables.csv,7,0,248,423,False,False,False,False,False,,3,0.0
cdi_ca_1956_wk_prov_dbs_Part32_tables.csv,7,1,240,248,False,False,False,False,False,,1,0.6666666666666667
cdi_ca_1956_wk_prov_dbs_Part32_tables.csv,7,2,"40,633",240,False,False,False,False,False,,5,0.16666666666666663
cdi_ca_1956_wk_prov_dbs_Part32_tables.csv,7,3,"43,078",40633,False,False,False,False,False,,5,0.16666666666666663
cdi_ca_1956_wk_prov_dbs_Part32_tables.csv,7,4,"46,789",43078,False,False,False,False,False,,3,0.5
cdi_ca_1956_wk_prov_dbs_Part32_tables.csv,7,5,4,46789,False,False,False,False,False,,4,0.19999999999999996
cdi_ca_1956_wk_prov_dbs_Part32_tables.csv,7,6,-,4,False,False,False,False,False,,1,0.0
cdi_ca_1956_wk_prov_dbs_Part32_tables.csv,7,8,-,2,False,False,False,False,False,,1,0.0
cdi_ca_1956_wk_prov_dbs_Part32_tables.csv,7,10,2,-,False,False,False,False,False,,1,0.0
cdi_ca_1956_wk_prov_dbs_Part32_tables.csv,7,11,30,2,False,False,False,False,False,,2,0.0
cdi_ca_1956_wk_prov_dbs_Part32_tables.csv,7,12,13,30,False,False,False,False,False,,2,0.0
cdi_ca_1956_wk_prov_dbs_Part32_tables.csv,7,13,12,13,False,False,False,False,False,,1,0.5
cdi_ca_1956_wk_prov_dbs_Part32_tables.csv,7,14,,12,False,False,False,False,False,,2,0.0
cdi_ca_1956_wk_prov_dbs_Part32_tables.csv,7,15,,..,False,False,False,False,False,,2,0.0
cdi_ca_1956_wk_prov_dbs_Part32_tables.csv,7,16,,..,False,False,False,False,False,,2,0.0
cdi_ca_1956_wk_prov_dbs_Part32_tables.csv,7,17,172,..,False,False,False,False,False,,3,0.0
cdi_ca_1956_wk_prov_dbs_Part32_tables.csv,7,18,59,172,False,False,False,False,False,,3,0.0
cdi_ca_1956_wk_prov_dbs_Part32_tables.csv,7,19,57,59,False,False,False,False,False,,1,0.5
cdi_ca_1956_wk_prov_dbs_Part32_tables.csv,7,20,118,57,False,False,False,False,False,,3,0.0
cdi_ca_1956_wk_prov_dbs_Part32_tables.csv,7,21,125,118,False,False,False,False,False,,2,0.33333333333333337
cdi_ca_1956_wk_prov_dbs_Part32_tables.csv,7,22,40,125,False,False,False,False,False,,3,0.0
cdi_ca_1956_wk_prov_dbs_Part32_tables.csv,7,23,3,40,False,False,False,False,False,,2,0.0
cdi_ca_1956_wk_prov_dbs_Part32_tables.csv,7,24,10,3,False,False,False,False,False,,2,0.0
cdi_ca_1956_wk_prov_dbs_Part32_tables.csv,7,25,9,10,False,False,False,False,False,,2,0.0
cdi_ca_1956_wk_prov_dbs_Part32_tables.csv,7,26,7,9,False,False,False,False,False,,1,0.0
cdi_ca_1956_wk_prov_dbs_Part32_tables.csv,7,27,...,7,False,False,False,False,False,,3,0.0
cdi_ca_1956_wk_prov_dbs_Part32_tables.csv,7,28,9,..,False,False,False,False,False,,2,0.0
cdi_ca_1956_wk_prov_dbs_Part32_tables.csv,7,29,18,9,False,False,False,False,False,,2,0.0
cdi_ca_1956_wk_prov_dbs_Part32_tables.csv,7,30,14,18,False,False,False,False,False,,1,0.5
cdi_ca_1956_wk_prov_dbs_Part32_tables.csv,7,31,54,14,False,False,False,False,False,,1,0.5
cdi_ca_1956_wk_prov_dbs_Part32_tables.csv,7,32,71,54,False,False,False,False,False,,2,0.0
cdi_ca_1956_wk_prov_dbs_Part32_tables.csv,7,33,27,71,False,False,False,False,False,,2,0.0
cdi_ca_1956_wk_prov_dbs_Part32_tables.csv,7,34,33,27,False,False,False,False,False,,2,0.0
cdi_ca_1956_wk_prov_dbs_Part32_tables.csv,7,35,8,33,False,False,False,False,False,,2,0.0
cdi_ca_1956_wk_prov_dbs_Part32_tables.csv,7,36,FILLER,8,False,False,False,False,False,,6,0.0
cdi_ca_1956_wk_prov_dbs_Part32_tables.csv,8,1,2,7,False,False,False,False,False,,1,0.0
cdi_ca_1956_wk_prov_dbs_Part32_tables.csv,8,2,191,2,False,False,False,False,False,,3,0.0
cdi_ca_1956_wk_prov_dbs_Part32_tables.csv,8,3,195,191,False,False,False,False,False,,1,0.6666666666666667
cdi_ca_1956_wk_prov_dbs_Part32_tables.csv,8,5,-,195,False,False,False,False,False,,3,0.0
cdi_ca_1956_wk_prov_dbs_Part32_tables.csv,8,8,.A,-,False,False,False,False,False,,2,0.0
cdi_ca_1956_wk_prov_dbs_Part32_tables.csv,8,9,A.S.,..,False,False,False,False,False,,2,0.5
cdi_ca_1956_wk_prov_dbs_Part32_tables.csv,8,10,,..,False,False,False,False,False,,2,0.0
cdi_ca_1956_wk_prov_dbs_Part32_tables.csv,8,11,-,..,False,False,False,False,False,,2,0.0
cdi_ca_1956_wk_prov_dbs_Part32_tables.csv,8,16,-,3,False,False,False,False,False,,1,0.0
cdi_ca_1956_wk_prov_dbs_Part32_tables.csv,8,19,-,2,False,False,False,False,False,,1,0.0
cdi_ca_1956_wk_prov_dbs_Part32_tables.csv,8,20,1,-,False,False,False,False,False,,1,0.0
cdi_ca_1956_wk_prov_dbs_Part32_tables.csv,8,22,1,2,False,False,False,False,False,,1,0.0
cdi_ca_1956_wk_prov_dbs_Part32_tables.csv,8,23,-,1,False,False,False,False,False,,1,0.0
cdi_ca_1956_wk_prov_dbs_Part32_tables.csv,8,27,-,1,False,False,False,False,False,,1,0.0
cdi_ca_1956_wk_prov_dbs_Part32_tables.csv,8,29,A.9.,-,False,False,False,False,False,,4,0.0
cdi_ca_1956_wk_prov_dbs_Part32_tables.csv,8,30,,..,False,False,False,False,False,,2,0.0
cdi_ca_1956_wk_prov_dbs_Part32_tables.csv,8,31,A.O.,..,False,False,False,False,False,,2,0.5
cdi_ca_1956_wk_prov_dbs_Part32_tables.csv,8,32,-,..,False,False,False,False,False,,2,0.0
cdi_ca_1956_wk_prov_dbs_Part32_tables.csv,8,33,,-,False,False,False,False,False,,1,0.0
cdi_ca_1956_wk_prov_dbs_Part32_tables.csv,8,34,,-,False,False,False,False,False,,1,0.0
cdi_ca_1956_wk_prov_dbs_Part32_tables.csv,8,35,9,-,False,False,False,False,False,,1,0.0
cdi_ca_1956_wk_prov_dbs_Part32_tables.csv,8,36,FILLER,9,False,False,False,False,False,,6,0.0
cdi_ca_1956_wk_prov_dbs_Part32_tables.csv,9,0,131,134,False,False,False,False,False,,1,0.6666666666666667
cdi_ca_1956_wk_prov_dbs_Part32_tables.csv,9,1,116,131,False,False,False,False,False,,2,0.33333333333333337
cdi_ca_1956_wk_prov_dbs_Part32_tables.csv,9,2,"21,324",116,False,False,False,False,False,,5,0.16666666666666663
cdi_ca_1956_wk_prov_dbs_Part32_tables.csv,9,3,"19,605",21324,False,False,False,False,False,,6,0.0
cdi_ca_1956_wk_prov_dbs_Part32_tables.csv,9,4,"27,971",19605,False,False,False,False,False,,6,0.0
cdi_ca_1956_wk_prov_dbs_Part32_tables.csv,9,5,1,27971,False,False,False,False,False,,4,0.19999999999999996
cdi_ca_1956_wk_prov_dbs_Part32_tables.csv,9,7,-,1,False,False,False,False,False,,1,0.0
cdi_ca_1956_wk_prov_dbs_Part32_tables.csv,9,10,2,-,False,False,False,False,False,,1,0.0
cdi_ca_1956_wk_prov_dbs_Part32_tables.csv,9,11,1,2,False,False,False,False,False,,1,0.0
cdi_ca_1956_wk_prov_dbs_Part32_tables.csv,9,12,3,1,False,False,False,False,False,,1,0.0
cdi_ca_1956_wk_prov_dbs_Part32_tables.csv,9,14,,3,False,False,False,False,False,,1,0.0
cdi_ca_1956_wk_prov_dbs_Part32_tables.csv,9,15,,..,False,False,False,False,False,,2,0.0
cdi_ca_1956_wk_prov_dbs_Part32_tables.csv,9,16,,..,False,False,False,False,False,,2,0.0
cdi_ca_1956_wk_prov_dbs_Part32_tables.csv,9,17,34,..,False,False,False,False,False,,2,0.0
cdi_ca_1956_wk_prov_dbs_Part32_tables.csv,9,18,20,34,False,False,False,False,False,,2,0.0
cdi_ca_1956_wk_prov_dbs_Part32_tables.csv,9,19,23,20,False,False,False,False,False,,1,0.5
cdi_ca_1956_wk_prov_dbs_Part32_tables.csv,9,20,67,23,False,False,False,False,False,,2,0.0
cdi_ca_1956_wk_prov_dbs_Part32_tables.csv,9,21,64,67,False,False,False,False,False,,1,0.5
cdi_ca_1956_wk_prov_dbs_Part32_tables.csv,9,22,47,64,False,False,False,False,False,,2,0.0
cdi_ca_1956_wk_prov_dbs_Part32_tables.csv,9,23,9,47,False,False,False,False,False,,2,0.0
cdi_ca_1956_wk_prov_dbs_Part32_tables.csv,9,24,4,9,False,False,False,False,False,,1,0.0
cdi_ca_1956_wk_prov_dbs_Part32_tables.csv,9,25,8,4,False,False,False,False,False,,1,0.0
cdi_ca_1956_wk_prov_dbs_Part32_tables.csv,9,26,,8,False,False,False,False,False,,1,0.0
cdi_ca_1956_wk_prov_dbs_Part32_tables.csv,9,27,,..,False,False,False,False,False,,2,0.0
cdi_ca_1956_wk_prov_dbs_Part32_tables.csv,9,28,9,..,False,False,False,False,False,,2,0.0
cdi_ca_1956_wk_prov_dbs_Part32_tables.csv,9,29,A.A,9,False,False,False,False,False,,3,0.0
cdi_ca_1956_wk_prov_dbs_Part32_tables.csv,9,30,,..,False,False,False,False,False,,2,0.0
cdi_ca_1956_wk_prov_dbs_Part32_tables.csv,9,31,3,..,False,False,False,False,False,,2,0.0
cdi_ca_1956_wk_prov_dbs_Part32_tables.csv,9,32,22,3,False,False,False,False,False,,2,0.0
cdi_ca_1956_wk_prov_dbs_Part32_tables.csv,9,33,39,22,False,False,False,False,False,,2,0.0
cdi_ca_1956_wk_prov_dbs_Part32_tables.csv,9,34,13,39,False,False,False,False,False,,2,0.0
cdi_ca_1956_wk_prov_dbs_Part32_tables.csv,9,35,10,13,False,False,False,False,False,,1,0.5
cdi_ca_1956_wk_prov_dbs_Part32_tables.csv,9,36,FILLER,10,False,False,False,False,False,,6,0.0
cdi_ca_1956_wk_prov_dbs_Part32_tables.csv,10,28,4.,4,False,False,False,False,False,,1,0.5
cdi_ca_1956_wk_prov_dbs_Part32_tables.csv,11,0,5,8,False,False,False,False,False,,1,0.0
cdi_ca_1956_wk_prov_dbs_Part32_tables.csv,11,1,71,5,False,False,False,False,False,,2,0.0
cdi_ca_1956_wk_prov_dbs_Part32_tables.csv,11,2,75,71,False,False,False,False,False,,1,0.5
cdi_ca_1956_wk_prov_dbs_Part32_tables.csv,11,3,206,75,False,False,False,False,False,,3,0.0
cdi_ca_1956_wk_prov_dbs_Part32_tables.csv,11,4,299,206,False,False,False,False,False,,2,0.33333333333333337
cdi_ca_1956_wk_prov_dbs_Part32_tables.csv,11,5,-,299,False,False,False,False,False,,3,0.0
cdi_ca_1956_wk_prov_dbs_Part32_tables.csv,11,11,-,1,False,False,False,False,False,,1,0.0
cdi_ca_1956_wk_prov_dbs_Part32_tables.csv,11,14,-,4,False,False,False,False,False,,1,0.0
cdi_ca_1956_wk_prov_dbs_Part32_tables.csv,11,18,-,3,False,False,False,False,False,,1,0.0
cdi_ca_1956_wk_prov_dbs_Part32_tables.csv,11,19,14,-,False,False,False,False,False,,2,0.0
cdi_ca_1956_wk_prov_dbs_Part32_tables.csv,11,20,3,14,False,False,False,False,False,,2,0.0
cdi_ca_1956_wk_prov_dbs_Part32_tables.csv,11,21,2,3,False,False,False,False,False,,1,0.0
cdi_ca_1956_wk_prov_dbs_Part32_tables.csv,11,22,16,2,False,False,False,False,False,,2,0.0
cdi_ca_1956_wk_prov_dbs_Part32_tables.csv,11,23,-,16,False,False,False,False,False,,2,0.0
cdi_ca_1956_wk_prov_dbs_Part32_tables.csv,11,25,9,-,False,False,False,False,False,,1,0.0
cdi_ca_1956_wk_prov_dbs_Part32_tables.csv,11,26,1,9,False,False,False,False,False,,1,0.0
cdi_ca_1956_wk_prov_dbs_Part32_tables.csv,11,28,3,1,False,False,False,False,False,,1,0.0
cdi_ca_1956_wk_prov_dbs_Part32_tables.csv,11,29,-,3,False,False,False,False,False,,1,0.0
cdi_ca_1956_wk_prov_dbs_Part32_tables.csv,11,31,1,-,False,False,False,False,False,,1,0.0
cdi_ca_1956_wk_prov_dbs_Part32_tables.csv,11,33,2,1,False,False,False,False,False,,1,0.0
cdi_ca_1956_wk_prov_dbs_Part32_tables.csv,11,34,5.,2,False,False,False,False,False,,2,0.0
cdi_ca_1956_wk_prov_dbs_Part32_tables.csv,11,35,12,5,False,False,False,False,False,,2,0.0
cdi_ca_1956_wk_prov_dbs_Part32_tables.csv,11,36,FILLER,12,False,False,False,False,False,,6,0.0
cdi_ca_1956_wk_prov_dbs_Part32_tables.csv,12,0,6,15,False,False,False,False,False,,2,0.0
cdi_ca_1956_wk_prov_dbs_Part32_tables.csv,12,1,121,6,False,False,False,False,False,,3,0.0
cdi_ca_1956_wk_prov_dbs_Part32_tables.csv,12,2,52,121,False,False,False,False,False,,2,0.33333333333333337
cdi_ca_1956_wk_prov_dbs_Part32_tables.csv,12,3,143,52,False,False,False,False,False,,3,0.0
cdi_ca_1956_wk_prov_dbs_Part32_tables.csv,12,4,341,143,False,False,False,False,False,,2,0.33333333333333337
cdi_ca_1956_wk_prov_dbs_Part32_tables.csv,12,5,-,341,False,False,False,False,False,,3,0.0
cdi_ca_1956_wk_prov_dbs_Part32_tables.csv,12,10,-,1,False,False,False,False,False,,1,0.0
cdi_ca_1956_wk_prov_dbs_Part32_tables.csv,12,16,3,-,False,False,False,False,False,,1,0.0
cdi_ca_1956_wk_prov_dbs_Part32_tables.csv,12,17,2,3,False,False,False,False,False,,1,0.0
cdi_ca_1956_wk_prov_dbs_Part32_tables.csv,12,18,-,2,False,False,False,False,False,,1,0.0
cdi_ca_1956_wk_prov_dbs_Part32_tables.csv,12,19,1,-,False,False,False,False,False,,1,0.0
cdi_ca_1956_wk_prov_dbs_Part32_tables.csv,12,21,1,2,False,False,False,False,False,,1,0.0
cdi_ca_1956_wk_prov_dbs_Part32_tables.csv,12,22,48,1,False,False,False,False,False,,2,0.0
cdi_ca_1956_wk_prov_dbs_Part32_tables.csv,12,23,-,48,False,False,False,False,False,,2,0.0
cdi_ca_1956_wk_prov_dbs_Part32_tables.csv,12,26,-,6,False,False,False,False,False,,1,0.0
cdi_ca_1956_wk_prov_dbs_Part32_tables.csv,12,27,2,-,False,False,False,False,False,,1,0.0
cdi_ca_1956_wk_prov_dbs_Part32_tables.csv,12,28,5,2,False,False,False,False,False,,1,0.0
cdi_ca_1956_wk_prov_dbs_Part32_tables.csv,12,30,2,5,False,False,False,False,False,,1,0.0
cdi_ca_1956_wk_prov_dbs_Part32_tables.csv,12,31,7,2,False,False,False,False,False,,1,0.0
cdi_ca_1956_wk_prov_dbs_Part32_tables.csv,12,32,6,7,False,False,False,False,False,,1,0.0
cdi_ca_1956_wk_prov_dbs_Part32_tables.csv,12,33,-,6,False,False,False,False,False,,1,0.0
cdi_ca_1956_wk_prov_dbs_Part32_tables.csv,12,34,8,-,False,False,False,False,False,,1,0.0
cdi_ca_1956_wk_prov_dbs_Part32_tables.csv,12,35,13,8,False,False,False,False,False,,2,0.0
cdi_ca_1956_wk_prov_dbs_Part32_tables.csv,12,36,FILLER,13,False,False,False,False,False,,6,0.0
cdi_ca_1956_wk_prov_dbs_Part32_tables.csv,13,0,283,94,False,False,False,False,False,,3,0.0
cdi_ca_1956_wk_prov_dbs_Part32_tables.csv,13,1,33,283,False,False,False,False,False,,2,0.33333333333333337
cdi_ca_1956_wk_prov_dbs_Part32_tables.csv,13,2,"48,870",33,False,False,False,False,False,,6,0.0
cdi_ca_1956_wk_prov_dbs_Part32_tables.csv,13,3,"17,284",48870,False,False,False,False,False,,6,0.0
cdi_ca_1956_wk_prov_dbs_Part32_tables.csv,13,4,"8,920",17284,False,False,False,False,False,,5,0.0
cdi_ca_1956_wk_prov_dbs_Part32_tables.csv,13,5,-,8920,False,False,False,False,False,,4,0.0
cdi_ca_1956_wk_prov_dbs_Part32_tables.csv,13,7,-,5,False,False,False,False,False,,1,0.0
cdi_ca_1956_wk_prov_dbs_Part32_tables.csv,13,8,,-,False,False,False,False,False,,1,0.0
cdi_ca_1956_wk_prov_dbs_Part32_tables.csv,13,9,,..,False,False,False,False,False,,2,0.0
cdi_ca_1956_wk_prov_dbs_Part32_tables.csv,13,10,,..,False,False,False,False,False,,2,0.0
cdi_ca_1956_wk_prov_dbs_Part32_tables.csv,13,11,2,..,False,False,False,False,False,,2,0.0
cdi_ca_1956_wk_prov_dbs_Part32_tables.csv,13,13,1,2,False,False,False,False,False,,1,0.0
cdi_ca_1956_wk_prov_dbs_Part32_tables.csv,13,14,,1,False,False,False,False,False,,1,0.0
cdi_ca_1956_wk_prov_dbs_Part32_tables.csv,13,15,,..,False,False,False,False,False,,2,0.0
cdi_ca_1956_wk_prov_dbs_Part32_tables.csv,13,16,,..,False,False,False,False,False,,2,0.0
cdi_ca_1956_wk_prov_dbs_Part32_tables.csv,13,17,41,..,False,False,False,False,False,,2,0.0
cdi_ca_1956_wk_prov_dbs_Part32_tables.csv,13,18,181,41,False,False,False,False,False,,2,0.33333333333333337
cdi_ca_1956_wk_prov_dbs_Part32_tables.csv,13,19,4,181,False,False,False,False,False,,3,0.0
cdi_ca_1956_wk_prov_dbs_Part32_tables.csv,13,20,25,4,False,False,False,False,False,,2,0.0
cdi_ca_1956_wk_prov_dbs_Part32_tables.csv,13,21,43,25,False,False,False,False,False,,2,0.0
cdi_ca_1956_wk_prov_dbs_Part32_tables.csv,13,22,6,43,False,False,False,False,False,,2,0.0
cdi_ca_1956_wk_prov_dbs_Part32_tables.csv,13,23,-,6,False,False,False,False,False,,1,0.0
cdi_ca_1956_wk_prov_dbs_Part32_tables.csv,13,24,2,-,False,False,False,False,False,,1,0.0
cdi_ca_1956_wk_prov_dbs_Part32_tables.csv,13,25,1,2,False,False,False,False,False,,1,0.0
cdi_ca_1956_wk_prov_dbs_Part32_tables.csv,13,26,,-,False,False,False,False,False,,1,0.0
cdi_ca_1956_wk_prov_dbs_Part32_tables.csv,13,27,,..,False,False,False,False,False,,2,0.0
cdi_ca_1956_wk_prov_dbs_Part32_tables.csv,13,28,2,..,False,False,False,False,False,,2,0.0
cdi_ca_1956_wk_prov_dbs_Part32_tables.csv,13,29,12,2,False,False,False,False,False,,1,0.5
cdi_ca_1956_wk_prov_dbs_Part32_tables.csv,13,30,14,12,False,False,False,False,False,,1,0.5
cdi_ca_1956_wk_prov_dbs_Part32_tables.csv,13,32,14,10,False,False,False,False,False,,1,0.5
cdi_ca_1956_wk_prov_dbs_Part32_tables.csv,13,33,36,14,False,False,False,False,False,,2,0.0
cdi_ca_1956_wk_prov_dbs_Part32_tables.csv,13,34,10,36,False,False,False,False,False,,2,0.0
cdi_ca_1956_wk_prov_dbs_Part32_tables.csv,13,35,14,10,False,False,False,False,False,,1,0.5
cdi_ca_1956_wk_prov_dbs_Part32_tables.csv,13,36,FILLER,14,False,False,False,False,False,,6,0.0
cdi_ca_1956_wk_prov_dbs_Part32_tables.csv,15,2,,-,False,False,False,False,False,,1,0.0
cdi_ca_1956_wk_prov_dbs_Part32_tables.csv,15,3,,-,False,False,False,False,False,,1,0.0
cdi_ca_1956_wk_prov_dbs_Part32_tables.csv,15,34,I,-,False,False,False,False,False,,1,0.0
cdi_ca_1956_wk_prov_dbs_Part32_tables.csv,15,35,16,-,False,False,False,False,False,,2,0.0
cdi_ca_1956_wk_prov_dbs_Part32_tables.csv,15,36,FILLER,16,False,False,False,False,False,,6,0.0
cdi_ca_1956_wk_prov_dbs_Part32_tables.csv,16,0,163,176,False,False,False,False,False,,2,0.33333333333333337
cdi_ca_1956_wk_prov_dbs_Part32_tables.csv,16,1,226,163,False,False,False,False,False,,3,0.0
cdi_ca_1956_wk_prov_dbs_Part32_tables.csv,16,2,"5,689",226,False,False,False,False,False,,4,0.19999999999999996
cdi_ca_1956_wk_prov_dbs_Part32_tables.csv,16,3,"6,040",5689,False,False,False,False,False,,5,0.0
cdi_ca_1956_wk_prov_dbs_Part32_tables.csv,16,4,"6,534",6040,False,False,False,False,False,,4,0.19999999999999996
cdi_ca_1956_wk_prov_dbs_Part32_tables.csv,16,5,10,6534,False,False,False,False,False,,4,0.0
cdi_ca_1956_wk_prov_dbs_Part32_tables.csv,16,7,14,10,False,False,False,False,False,,1,0.5
cdi_ca_1956_wk_prov_dbs_Part32_tables.csv,16,8,2,14,False,False,False,False,False,,2,0.0
cdi_ca_1956_wk_prov_dbs_Part32_tables.csv,16,9,1,2,False,False,False,False,False,,1,0.0
cdi_ca_1956_wk_prov_dbs_Part32_tables.csv,16,13,2,1,False,False,False,False,False,,1,0.0
cdi_ca_1956_wk_prov_dbs_Part32_tables.csv,16,14,13,2,False,False,False,False,False,,2,0.0
cdi_ca_1956_wk_prov_dbs_Part32_tables.csv,16,16,6,13,False,False,False,False,False,,2,0.0
cdi_ca_1956_wk_prov_dbs_Part32_tables.csv,16,17,48,6,False,False,False,False,False,,2,0.0
cdi_ca_1956_wk_prov_dbs_Part32_tables.csv,16,18,51,48,False,False,False,False,False,,2,0.0
cdi_ca_1956_wk_prov_dbs_Part32_tables.csv,16,19,105,51,False,False,False,False,False,,3,0.0
cdi_ca_1956_wk_prov_dbs_Part32_tables.csv,16,20,26,105,False,False,False,False,False,,3,0.0
cdi_ca_1956_wk_prov_dbs_Part32_tables.csv,16,21,19,26,False,False,False,False,False,,2,0.0
cdi_ca_1956_wk_prov_dbs_Part32_tables.csv,16,22,17,19,False,False,False,False,False,,1,0.5
cdi_ca_1956_wk_prov_dbs_Part32_tables.csv,16,23,25,17,False,False,False,False,False,,2,0.0
cdi_ca_1956_wk_prov_dbs_Part32_tables.csv,16,24,26,25,False,False,False,False,False,,1,0.5
cdi_ca_1956_wk_prov_dbs_Part32_tables.csv,16,25,23,26,False,False,False,False,False,,1,0.5
cdi_ca_1956_wk_prov_dbs_Part32_tables.csv,16,26,22,23,False,False,False,False,False,,1,0.5
cdi_ca_1956_wk_prov_dbs_Part32_tables.csv,16,27,1,22,False,False,False,False,False,,2,0.0
cdi_ca_1956_wk_prov_dbs_Part32_tables.csv,16,28,11,1,False,False,False,False,False,,1,0.5
cdi_ca_1956_wk_prov_dbs_Part32_tables.csv,16,29,-,11,False,False,False,False,False,,2,0.0
cdi_ca_1956_wk_prov_dbs_Part32_tables.csv,16,30,13,-,False,False,False,False,False,,2,0.0
cdi_ca_1956_wk_prov_dbs_Part32_tables.csv,16,31,11,13,False,False,False,False,False,,1,0.5
cdi_ca_1956_wk_prov_dbs_Part32_tables.csv,16,32,29,11,False,False,False,False,False,,2,0.0
cdi_ca_1956_wk_prov_dbs_Part32_tables.csv,16,33,28,29,False,False,False,False,False,,1,0.5
cdi_ca_1956_wk_prov_dbs_Part32_tables.csv,16,35,17,28,False,False,False,False,False,,2,0.0
cdi_ca_1956_wk_prov_dbs_Part32_tables.csv,16,36,FILLER,17,False,False,False,False,False,,6,0.0
cdi_ca_1956_wk_prov_dbs_Part32_tables.csv,17,0,130,138,False,False,False,False,False,,1,0.6666666666666667
cdi_ca_1956_wk_prov_dbs_Part32_tables.csv,17,1,190,130,False,False,False,False,False,,1,0.6666666666666667
cdi_ca_1956_wk_prov_dbs_Part32_tables.csv,17,2,"4,650",190,False,False,False,False,False,,4,0.19999999999999996
cdi_ca_1956_wk_prov_dbs_Part32_tables.csv,17,3,"4,932",4650,False,False,False,False,False,,4,0.19999999999999996
cdi_ca_1956_wk_prov_dbs_Part32_tables.csv,17,4,"5,246",4932,False,False,False,False,False,,5,0.0
cdi_ca_1956_wk_prov_dbs_Part32_tables.csv,17,5,10,5246,False,False,False,False,False,,4,0.0
cdi_ca_1956_wk_prov_dbs_Part32_tables.csv,17,7,13,10,False,False,False,False,False,,1,0.5
cdi_ca_1956_wk_prov_dbs_Part32_tables.csv,17,8,2,13,False,False,False,False,False,,2,0.0
cdi_ca_1956_wk_prov_dbs_Part32_tables.csv,17,9,-,2,False,False,False,False,False,,1,0.0
cdi_ca_1956_wk_prov_dbs_Part32_tables.csv,17,11,1,-,False,False,False,False,False,,1,0.0
cdi_ca_1956_wk_prov_dbs_Part32_tables.csv,17,13,2,1,False,False,False,False,False,,1,0.0
cdi_ca_1956_wk_prov_dbs_Part32_tables.csv,17,14,11,2,False,False,False,False,False,,2,0.0
cdi_ca_1956_wk_prov_dbs_Part32_tables.csv,17,15,9,11,False,False,False,False,False,,2,0.0
cdi_ca_1956_wk_prov_dbs_Part32_tables.csv,17,16,6,9,False,False,False,False,False,,1,0.0
cdi_ca_1956_wk_prov_dbs_Part32_tables.csv,17,17,47,6,False,False,False,False,False,,2,0.0
cdi_ca_1956_wk_prov_dbs_Part32_tables.csv,17,18,50,47,False,False,False,False,False,,2,0.0
cdi_ca_1956_wk_prov_dbs_Part32_tables.csv,17,19,102,50,False,False,False,False,False,,2,0.33333333333333337
cdi_ca_1956_wk_prov_dbs_Part32_tables.csv,17,20,(6),102,False,False,False,False,False,,3,0.0
cdi_ca_1956_wk_prov_dbs_Part32_tables.csv,17,23,25,(6),False,False,False,False,False,,3,0.0
cdi_ca_1956_wk_prov_dbs_Part32_tables.csv,17,24,23,25,False,False,False,False,False,,1,0.5
cdi_ca_1956_wk_prov_dbs_Part32_tables.csv,17,26,15,23,False,False,False,False,False,,2,0.0
cdi_ca_1956_wk_prov_dbs_Part32_tables.csv,17,27,-,15,False,False,False,False,False,,2,0.0
cdi_ca_1956_wk_prov_dbs_Part32_tables.csv,17,29,-,10,False,False,False,False,False,,2,0.0
cdi_ca_1956_wk_prov_dbs_Part32_tables.csv,17,30,11,-,False,False,False,False,False,,2,0.0
cdi_ca_1956_wk_prov_dbs_Part32_tables.csv,17,32,27,11,False,False,False,False,False,,2,0.0
cdi_ca_1956_wk_prov_dbs_Part32_tables.csv,17,33,26,27,False,False,False,False,False,,1,0.5
cdi_ca_1956_wk_prov_dbs_Part32_tables.csv,17,34,24,26,False,False,False,False,False,,1,0.5
cdi_ca_1956_wk_prov_dbs_Part32_tables.csv,17,35,18,24,False,False,False,False,False,,2,0.0
cdi_ca_1956_wk_prov_dbs_Part32_tables.csv,17,36,FILLER,18,False,False,False,False,False,,6,0.0
cdi_ca_1956_wk_prov_dbs_Part32_tables.csv,18,0,14,12,False,False,False,False,False,,1,0.5
cdi_ca_1956_wk_prov_dbs_Part32_tables.csv,18,1,11,14,False,False,False,False,False,,1,0.5
cdi_ca_1956_wk_prov_dbs_Part32_tables.csv,18,2,346,11,False,False,False,False,False,,3,0.0
cdi_ca_1956_wk_prov_dbs_Part32_tables.csv,18,3,398,346,False,False,False,False,False,,2,0.33333333333333337
cdi_ca_1956_wk_prov_dbs_Part32_tables.csv,18,4,326,398,False,False,False,False,False,,2,0.33333333333333337
cdi_ca_1956_wk_prov_dbs_Part32_tables.csv,18,5,-,326,False,False,False,False,False,,3,0.0
cdi_ca_1956_wk_prov_dbs_Part32_tables.csv,18,10,-,1,False,False,False,False,False,,1,0.0
cdi_ca_1956_wk_prov_dbs_Part32_tables.csv,18,14,2,-,False,False,False,False,False,,1,0.0
cdi_ca_1956_wk_prov_dbs_Part32_tables.csv,18,15,4,2,False,False,False,False,False,,1,0.0
cdi_ca_1956_wk_prov_dbs_Part32_tables.csv,18,16,-,4,False,False,False,False,False,,1,0.0
cdi_ca_1956_wk_prov_dbs_Part32_tables.csv,18,17,1,-,False,False,False,False,False,,1,0.0
cdi_ca_1956_wk_prov_dbs_Part32_tables.csv,18,19,3,1,False,False,False,False,False,,1,0.0
cdi_ca_1956_wk_prov_dbs_Part32_tables.csv,18,20,(6),3,False,False,False,False,False,,3,0.0
cdi_ca_1956_wk_prov_dbs_Part32_tables.csv,18,23,-,(6),False,False,False,False,False,,3,0.0
cdi_ca_1956_wk_prov_dbs_Part32_tables.csv,18,25,-,3,False,False,False,False,False,,1,0.0
cdi_ca_1956_wk_prov_dbs_Part32_tables.csv,18,26,7,-,False,False,False,False,False,,1,0.0
cdi_ca_1956_wk_prov_dbs_Part32_tables.csv,18,27,1,7,False,False,False,False,False,,1,0.0
cdi_ca_1956_wk_prov_dbs_Part32_tables.csv,18,28,3,1,False,False,False,False,False,,1,0.0
cdi_ca_1956_wk_prov_dbs_Part32_tables.csv,18,29,a.a,3,False,False,False,False,False,,3,0.0
cdi_ca_1956_wk_prov_dbs_Part32_tables.csv,18,30,2,..,False,False,False,False,False,,2,0.0
cdi_ca_1956_wk_prov_dbs_Part32_tables.csv,18,32,2,..,False,False,False,False,False,,2,0.0
cdi_ca_1956_wk_prov_dbs_Part32_tables.csv,18,34,3,2,False,False,False,False,False,,1,0.0
cdi_ca_1956_wk_prov_dbs_Part32_tables.csv,18,35,19,3,False,False,False,False,False,,2,0.0
cdi_ca_1956_wk_prov_dbs_Part32_tables.csv,18,36,FILLER,19,False,False,False,False,False,,6,0.0
cdi_ca_1956_wk_prov_dbs_Part32_tables.csv,19,0,13,10,False,False,False,False,False,,1,0.5
cdi_ca_1956_wk_prov_dbs_Part32_tables.csv,19,1,16,13,False,False,False,False,False,,1,0.5
cdi_ca_1956_wk_prov_dbs_Part32_tables.csv,19,2,257,16,False,False,False,False,False,,3,0.0
cdi_ca_1956_wk_prov_dbs_Part32_tables.csv,19,3,184,257,False,False,False,False,False,,3,0.0
cdi_ca_1956_wk_prov_dbs_Part32_tables.csv,19,4,265,184,False,False,False,False,False,,3,0.0
cdi_ca_1956_wk_prov_dbs_Part32_tables.csv,19,5,-,265,False,False,False,False,False,,3,0.0
cdi_ca_1956_wk_prov_dbs_Part32_tables.csv,19,15,=,-,False,False,False,False,False,,1,0.0
cdi_ca_1956_wk_prov_dbs_Part32_tables.csv,19,16,=,-,False,False,False,False,False,,1,0.0
cdi_ca_1956_wk_prov_dbs_Part32_tables.csv,19,17,10,-,False,False,False,False,False,,2,0.0
cdi_ca_1956_wk_prov_dbs_Part32_tables.csv,19,18,11,10,False,False,False,False,False,,1,0.5
cdi_ca_1956_wk_prov_dbs_Part32_tables.csv,19,19,13,11,False,False,False,False,False,,1,0.5
cdi_ca_1956_wk_prov_dbs_Part32_tables.csv,19,20,-,13,False,False,False,False,False,,2,0.0
cdi_ca_1956_wk_prov_dbs_Part32_tables.csv,19,23,-,1,False,False,False,False,False,,1,0.0
cdi_ca_1956_wk_prov_dbs_Part32_tables.csv,19,31,-,2,False,False,False,False,False,,1,0.0
cdi_ca_1956_wk_prov_dbs_Part32_tables.csv,19,34,1,-,False,False,False,False,False,,1,0.0
cdi_ca_1956_wk_prov_dbs_Part32_tables.csv,19,35,20,1,False,False,False,False,False,,2,0.0
cdi_ca_1956_wk_prov_dbs_Part32_tables.csv,19,36,FILLER,20,False,False,False,False,False,,6,0.0
cdi_ca_1956_wk_prov_dbs_Part32_tables.csv,20,0,13,2,False,False,False,False,False,,2,0.0
cdi_ca_1956_wk_prov_dbs_Part32_tables.csv,20,1,6,13,False,False,False,False,False,,2,0.0
cdi_ca_1956_wk_prov_dbs_Part32_tables.csv,20,2,97,6,False,False,False,False,False,,2,0.0
cdi_ca_1956_wk_prov_dbs_Part32_tables.csv,20,3,74,97,False,False,False,False,False,,2,0.0
cdi_ca_1956_wk_prov_dbs_Part32_tables.csv,20,4,78,74,False,False,False,False,False,,1,0.5
cdi_ca_1956_wk_prov_dbs_Part32_tables.csv,20,5,=,78,False,False,False,False,False,,2,0.0
cdi_ca_1956_wk_prov_dbs_Part32_tables.csv,20,11,1,-,False,False,False,False,False,,1,0.0
cdi_ca_1956_wk_prov_dbs_Part32_tables.csv,20,12,,-,False,False,False,False,False,,1,0.0
cdi_ca_1956_wk_prov_dbs_Part32_tables.csv,20,13,,-,False,False,False,False,False,,1,0.0
cdi_ca_1956_wk_prov_dbs_Part32_tables.csv,20,14,,-,False,False,False,False,False,,1,0.0
cdi_ca_1956_wk_prov_dbs_Part32_tables.csv,20,15,,..,False,False,False,False,False,,2,0.0
cdi_ca_1956_wk_prov_dbs_Part32_tables.csv,20,16,,..,False,False,False,False,False,,2,0.0
cdi_ca_1956_wk_prov_dbs_Part32_tables.csv,20,17,1,..,False,False,False,False,False,,2,0.0
cdi_ca_1956_wk_prov_dbs_Part32_tables.csv,20,18,11,1,False,False,False,False,False,,1,0.5
cdi_ca_1956_wk_prov_dbs_Part32_tables.csv,20,19,5,11,False,False,False,False,False,,2,0.0
cdi_ca_1956_wk_prov_dbs_Part32_tables.csv,20,20,1,5,False,False,False,False,False,,1,0.0
cdi_ca_1956_wk_prov_dbs_Part32_tables.csv,20,21,2,1,False,False,False,False,False,,1,0.0
cdi_ca_1956_wk_prov_dbs_Part32_tables.csv,20,23,-,2,False,False,False,False,False,,1,0.0
cdi_ca_1956_wk_prov_dbs_Part32_tables.csv,20,26,=,-,False,False,False,False,False,,1,0.0
cdi_ca_1956_wk_prov_dbs_Part32_tables.csv,20,29,,-,False,False,False,False,False,,1,0.0
cdi_ca_1956_wk_prov_dbs_Part32_tables.csv,20,30,,..,False,False,False,False,False,,2,0.0
cdi_ca_1956_wk_prov_dbs_Part32_tables.csv,20,31,,..,False,False,False,False,False,,2,0.0
cdi_ca_1956_wk_prov_dbs_Part32_tables.csv,20,32,-,..,False,False,False,False,False,,2,0.0
cdi_ca_1956_wk_prov_dbs_Part32_tables.csv,20,35,21,-,False,False,False,False,False,,2,0.0
cdi_ca_1956_wk_prov_dbs_Part32_tables.csv,20,36,FILLER,21,False,False,False,False,False,,6,0.0
cdi_ca_1956_wk_prov_dbs_Part32_tables.csv,21,0,348,334,False,False,False,False,False,,2,0.33333333333333337
cdi_ca_1956_wk_prov_dbs_Part32_tables.csv,21,1,359,348,False,False,False,False,False,,2,0.33333333333333337
cdi_ca_1956_wk_prov_dbs_Part32_tables.csv,21,2,"9,858",359,False,False,False,False,False,,4,0.19999999999999996
cdi_ca_1956_wk_prov_dbs_Part32_tables.csv,21,3,"10,370",9858,False,False,False,False,False,,6,0.0
cdi_ca_1956_wk_prov_dbs_Part32_tables.csv,21,4,"10,525",10370,False,False,False,False,False,,4,0.33333333333333337
cdi_ca_1956_wk_prov_dbs_Part32_tables.csv,21,5,5,10525,False,False,False,False,False,,4,0.19999999999999996
cdi_ca_1956_wk_prov_dbs_Part32_tables.csv,21,6,10,5,False,False,False,False,False,,2,0.0
cdi_ca_1956_wk_prov_dbs_Part32_tables.csv,21,7,9,10,False,False,False,False,False,,2,0.0
cdi_ca_1956_wk_prov_dbs_Part32_tables.csv,21,8,-,9,False,False,False,False,False,,1,0.0
cdi_ca_1956_wk_prov_dbs_Part32_tables.csv,21,11,9,-,False,False,False,False,False,,1,0.0
cdi_ca_1956_wk_prov_dbs_Part32_tables.csv,21,12,6,9,False,False,False,False,False,,1,0.0
cdi_ca_1956_wk_prov_dbs_Part32_tables.csv,21,13,10,6,False,False,False,False,False,,2,0.0
cdi_ca_1956_wk_prov_dbs_Part32_tables.csv,21,14,4,10,False,False,False,False,False,,2,0.0
cdi_ca_1956_wk_prov_dbs_Part32_tables.csv,21,15,6,4,False,False,False,False,False,,1,0.0
cdi_ca_1956_wk_prov_dbs_Part32_tables.csv,21,17,99,6,False,False,False,False,False,,2,0.0
cdi_ca_1956_wk_prov_dbs_Part32_tables.csv,21,18,58,99,False,False,False,False,False,,2,0.0
cdi_ca_1956_wk_prov_dbs_Part32_tables.csv,21,19,95,58,False,False,False,False,False,,2,0.0
cdi_ca_1956_wk_prov_dbs_Part32_tables.csv,21,20,60,95,False,False,False,False,False,,2,0.0
cdi_ca_1956_wk_prov_dbs_Part32_tables.csv,21,21,34,60,False,False,False,False,False,,2,0.0
cdi_ca_1956_wk_prov_dbs_Part32_tables.csv,21,22,68,34,False,False,False,False,False,,2,0.0
cdi_ca_1956_wk_prov_dbs_Part32_tables.csv,21,23,21,68,False,False,False,False,False,,2,0.0
cdi_ca_1956_wk_prov_dbs_Part32_tables.csv,21,24,25,21,False,False,False,False,False,,1,0.5
cdi_ca_1956_wk_prov_dbs_Part32_tables.csv,21,26,39,25,False,False,False,False,False,,2,0.0
cdi_ca_1956_wk_prov_dbs_Part32_tables.csv,21,27,29,39,False,False,False,False,False,,1,0.5
cdi_ca_1956_wk_prov_dbs_Part32_tables.csv,21,28,31,29,False,False,False,False,False,,2,0.0
cdi_ca_1956_wk_prov_dbs_Part32_tables.csv,21,29,50,31,False,False,False,False,False,,2,0.0
cdi_ca_1956_wk_prov_dbs_Part32_tables.csv,21,31,50,62,False,False,False,False,False,,2,0.0
cdi_ca_1956_wk_prov_dbs_Part32_tables.csv,21,32,47,50,False,False,False,False,False,,2,0.0
cdi_ca_1956_wk_prov_dbs_Part32_tables.csv,21,33,118,47,False,False,False,False,False,,3,0.0
cdi_ca_1956_wk_prov_dbs_Part32_tables.csv,21,34,57,118,False,False,False,False,False,,3,0.0
cdi_ca_1956_wk_prov_dbs_Part32_tables.csv,21,35,22,57,False,False,False,False,False,,2,0.0
cdi_ca_1956_wk_prov_dbs_Part32_tables.csv,21,36,FILLER,22,False,False,False,False,False,,6,0.0
cdi_ca_1956_wk_prov_dbs_Part32_tables.csv,22,15,PR.,-,False,False,False,False,False,,3,0.0
cdi_ca_1956_wk_prov_dbs_Part32_tables.csv,22,29,.,-,False,False,False,False,False,,1,0.0
cdi_ca_1956_wk_prov_dbs_Part32_tables.csv,23,0,2,1,False,False,False,False,False,,1,0.0
cdi_ca_1956_wk_prov_dbs_Part32_tables.csv,23,2,28,2,False,False,False,False,False,,1,0.5
cdi_ca_1956_wk_prov_dbs_Part32_tables.csv,23,3,24,28,False,False,False,False,False,,1,0.5
cdi_ca_1956_wk_prov_dbs_Part32_tables.csv,23,4,73,24,False,False,False,False,False,,2,0.0
cdi_ca_1956_wk_prov_dbs_Part32_tables.csv,23,5,PP.,73,False,False,False,False,False,,3,0.0
cdi_ca_1956_wk_prov_dbs_Part32_tables.csv,23,15,-,1,False,False,False,False,False,,1,0.0
cdi_ca_1956_wk_prov_dbs_Part32_tables.csv,23,18,1,-,False,False,False,False,False,,1,0.0
cdi_ca_1956_wk_prov_dbs_Part32_tables.csv,23,20,-,1,False,False,False,False,False,,1,0.0
cdi_ca_1956_wk_prov_dbs_Part32_tables.csv,23,25,:,-,False,False,False,False,False,,1,0.0
cdi_ca_1956_wk_prov_dbs_Part32_tables.csv,23,30,1,-,False,False,False,False,False,,1,0.0
cdi_ca_1956_wk_prov_dbs_Part32_tables.csv,23,31,F,1,False,False,False,False,False,,1,0.0
cdi_ca_1956_wk_prov_dbs_Part32_tables.csv,23,33,E,-,False,False,False,False,False,,1,0.0
cdi_ca_1956_wk_prov_dbs_Part32_tables.csv,23,34,t,-,False,False,False,False,False,,1,0.0
cdi_ca_1956_wk_prov_dbs_Part32_tables.csv,23,35,24,-,False,False,False,False,False,,2,0.0
cdi_ca_1956_wk_prov_dbs_Part32_tables.csv,23,36,FILLER,24,False,False,False,False,False,,6,0.0
cdi_ca_1956_wk_prov_dbs_Part32_tables.csv,24,0,27,23,False,False,False,False,False,,1,0.5
cdi_ca_1956_wk_prov_dbs_Part32_tables.csv,24,1,52,27,False,False,False,False,False,,2,0.0
cdi_ca_1956_wk_prov_dbs_Part32_tables.csv,24,2,"1,130",52,False,False,False,False,False,,5,0.0
cdi_ca_1956_wk_prov_dbs_Part32_tables.csv,24,3,"1,487",1130,False,False,False,False,False,,4,0.19999999999999996
cdi_ca_1956_wk_prov_dbs_Part32_tables.csv,24,5,-,1487,False,False,False,False,False,,4,0.0
cdi_ca_1956_wk_prov_dbs_Part32_tables.csv,24,6,1,-,False,False,False,False,False,,1,0.0
cdi_ca_1956_wk_prov_dbs_Part32_tables.csv,24,8,-,1,False,False,False,False,False,,1,0.0
cdi_ca_1956_wk_prov_dbs_Part32_tables.csv,24,14,-,1,False,False,False,False,False,,1,0.0
cdi_ca_1956_wk_prov_dbs_Part32_tables.csv,24,16,1,-,False,False,False,False,False,,1,0.0
cdi_ca_1956_wk_prov_dbs_Part32_tables.csv,24,17,13,1,False,False,False,False,False,,1,0.5
cdi_ca_1956_wk_prov_dbs_Part32_tables.csv,24,18,14,13,False,False,False,False,False,,1,0.5
cdi_ca_1956_wk_prov_dbs_Part32_tables.csv,24,19,22,14,False,False,False,False,False,,2,0.0
cdi_ca_1956_wk_prov_dbs_Part32_tables.csv,24,20,6,22,False,False,False,False,False,,2,0.0
cdi_ca_1956_wk_prov_dbs_Part32_tables.csv,24,21,3,6,False,False,False,False,False,,1,0.0
cdi_ca_1956_wk_prov_dbs_Part32_tables.csv,24,22,14,3,False,False,False,False,False,,2,0.0
cdi_ca_1956_wk_prov_dbs_Part32_tables.csv,24,23,-,14,False,False,False,False,False,,2,0.0
cdi_ca_1956_wk_prov_dbs_Part32_tables.csv,24,24,2,-,False,False,False,False,False,,1,0.0
cdi_ca_1956_wk_prov_dbs_Part32_tables.csv,24,26,1,2,False,False,False,False,False,,1,0.0
cdi_ca_1956_wk_prov_dbs_Part32_tables.csv,24,28,1,3,False,False,False,False,False,,1,0.0
cdi_ca_1956_wk_prov_dbs_Part32_tables.csv,24,31,1,3,False,False,False,False,False,,1,0.0
cdi_ca_1956_wk_prov_dbs_Part32_tables.csv,24,34,4,1,False,False,False,False,False,,1,0.0
cdi_ca_1956_wk_prov_dbs_Part32_tables.csv,24,35,25,4,False,False,False,False,False,,2,0.0
cdi_ca_1956_wk_prov_dbs_Part32_tables.csv,24,36,FILLER,25,False,False,False,False,False,,6,0.0
cdi_ca_1956_wk_prov_dbs_Part32_tables.csv,25,0,319,307,False,False,False,False,False,,2,0.33333333333333337
cdi_ca_1956_wk_prov_dbs_Part32_tables.csv,25,1,311,319,False,False,False,False,False,,1,0.6666666666666667
cdi_ca_1956_wk_prov_dbs_Part32_tables.csv,25,2,"8,636",311,False,False,False,False,False,,5,0.0
cdi_ca_1956_wk_prov_dbs_Part32_tables.csv,25,3,"8,780",8636,False,False,False,False,False,,4,0.19999999999999996
cdi_ca_1956_wk_prov_dbs_Part32_tables.csv,25,4,"8,826",8780,False,False,False,False,False,,3,0.4
cdi_ca_1956_wk_prov_dbs_Part32_tables.csv,25,5,5,8826,False,False,False,False,False,,4,0.0
cdi_ca_1956_wk_prov_dbs_Part32_tables.csv,25,6,9,5,False,False,False,False,False,,1,0.0
cdi_ca_1956_wk_prov_dbs_Part32_tables.csv,25,7,8,9,False,False,False,False,False,,1,0.0
cdi_ca_1956_wk_prov_dbs_Part32_tables.csv,25,8,-,8,False,False,False,False,False,,1,0.0
cdi_ca_1956_wk_prov_dbs_Part32_tables.csv,25,11,8,-,False,False,False,False,False,,1,0.0
cdi_ca_1956_wk_prov_dbs_Part32_tables.csv,25,12,6,8,False,False,False,False,False,,1,0.0
cdi_ca_1956_wk_prov_dbs_Part32_tables.csv,25,13,9,6,False,False,False,False,False,,1,0.0
cdi_ca_1956_wk_prov_dbs_Part32_tables.csv,25,14,3,9,False,False,False,False,False,,1,0.0
cdi_ca_1956_wk_prov_dbs_Part32_tables.csv,25,15,6,3,False,False,False,False,False,,1,0.0
cdi_ca_1956_wk_prov_dbs_Part32_tables.csv,25,16,5.,6,False,False,False,False,False,,2,0.0
cdi_ca_1956_wk_prov_dbs_Part32_tables.csv,25,17,86,5,False,False,False,False,False,,2,0.0
cdi_ca_1956_wk_prov_dbs_Part32_tables.csv,25,18,43,86,False,False,False,False,False,,2,0.0
cdi_ca_1956_wk_prov_dbs_Part32_tables.csv,25,19,80,43,False,False,False,False,False,,2,0.0
cdi_ca_1956_wk_prov_dbs_Part32_tables.csv,25,20,53,80,False,False,False,False,False,,2,0.0
cdi_ca_1956_wk_prov_dbs_Part32_tables.csv,25,21,31,53,False,False,False,False,False,,2,0.0
cdi_ca_1956_wk_prov_dbs_Part32_tables.csv,25,22,51,31,False,False,False,False,False,,1,0.5
cdi_ca_1956_wk_prov_dbs_Part32_tables.csv,25,23,20,51,False,False,False,False,False,,2,0.0
cdi_ca_1956_wk_prov_dbs_Part32_tables.csv,25,24,23,20,False,False,False,False,False,,1,0.5
cdi_ca_1956_wk_prov_dbs_Part32_tables.csv,25,25,24,23,False,False,False,False,False,,1,0.5
cdi_ca_1956_wk_prov_dbs_Part32_tables.csv,25,26,38,24,False,False,False,False,False,,2,0.0
cdi_ca_1956_wk_prov_dbs_Part32_tables.csv,25,27,26,38,False,False,False,False,False,,2,0.0
cdi_ca_1956_wk_prov_dbs_Part32_tables.csv,25,28,29,26,False,False,False,False,False,,1,0.5
cdi_ca_1956_wk_prov_dbs_Part32_tables.csv,25,29,48,29,False,False,False,False,False,,2,0.0
cdi_ca_1956_wk_prov_dbs_Part32_tables.csv,25,30,58,48,False,False,False,False,False,,1,0.5
cdi_ca_1956_wk_prov_dbs_Part32_tables.csv,25,31,50,58,False,False,False,False,False,,1,0.5
cdi_ca_1956_wk_prov_dbs_Part32_tables.csv,25,32,46,50,False,False,False,False,False,,2,0.0
cdi_ca_1956_wk_prov_dbs_Part32_tables.csv,25,33,117,46,False,False,False,False,False,,3,0.0
cdi_ca_1956_wk_prov_dbs_Part32_tables.csv,25,34,54,117,False,False,False,False,False,,3,0.0
cdi_ca_1956_wk_prov_dbs_Part32_tables.csv,25,35,26,54,False,False,False,False,False,,2,0.0
cdi_ca_1956_wk_prov_dbs_Part32_tables.csv,25,36,FILLER,26,False,False,False,False,False,,6,0.0
cdi_ca_1956_wk_prov_dbs_Part32_tables.csv,26,1,1,-,False,False,False,False,False,,1,0.0
cdi_ca_1956_wk_prov_dbs_Part32_tables.csv,26,2,2,1,False,False,False,False,False,,1,0.0
cdi_ca_1956_wk_prov_dbs_Part32_tables.csv,26,3,14,2,False,False,False,False,False,,2,0.0
cdi_ca_1956_wk_prov_dbs_Part32_tables.csv,26,5,-,14,False,False,False,False,False,,2,0.0
cdi_ca_1956_wk_prov_dbs_Part32_tables.csv,26,35,27,-,False,False,False,False,False,,2,0.0
cdi_ca_1956_wk_prov_dbs_Part32_tables.csv,26,36,FILLER,27,False,False,False,False,False,,6,0.0
cdi_ca_1956_wk_prov_dbs_Part32_tables.csv,27,0,165,136,False,False,False,False,False,,2,0.33333333333333337
cdi_ca_1956_wk_prov_dbs_Part32_tables.csv,27,1,284,165,False,False,False,False,False,,3,0.0
cdi_ca_1956_wk_prov_dbs_Part32_tables.csv,27,2,"5,220",284,False,False,False,False,False,,4,0.19999999999999996
cdi_ca_1956_wk_prov_dbs_Part32_tables.csv,27,3,"8,332",5220,False,False,False,False,False,,5,0.0
cdi_ca_1956_wk_prov_dbs_Part32_tables.csv,27,4,"5,045",8332,False,False,False,False,False,,5,0.0
cdi_ca_1956_wk_prov_dbs_Part32_tables.csv,27,5,1,5045,False,False,False,False,False,,4,0.0
cdi_ca_1956_wk_prov_dbs_Part32_tables.csv,27,6,-,1,False,False,False,False,False,,1,0.0
cdi_ca_1956_wk_prov_dbs_Part32_tables.csv,27,8,4,-,False,False,False,False,False,,1,0.0
cdi_ca_1956_wk_prov_dbs_Part32_tables.csv,27,9,8,4,False,False,False,False,False,,1,0.0
cdi_ca_1956_wk_prov_dbs_Part32_tables.csv,27,10,-,8,False,False,False,False,False,,1,0.0
cdi_ca_1956_wk_prov_dbs_Part32_tables.csv,27,12,1,-,False,False,False,False,False,,1,0.0
cdi_ca_1956_wk_prov_dbs_Part32_tables.csv,27,13,5,1,False,False,False,False,False,,1,0.0
cdi_ca_1956_wk_prov_dbs_Part32_tables.csv,27,14,-,5,False,False,False,False,False,,1,0.0
cdi_ca_1956_wk_prov_dbs_Part32_tables.csv,27,16,1,-,False,False,False,False,False,,1,0.0
cdi_ca_1956_wk_prov_dbs_Part32_tables.csv,27,17,87,1,False,False,False,False,False,,2,0.0
cdi_ca_1956_wk_prov_dbs_Part32_tables.csv,27,18,66,87,False,False,False,False,False,,2,0.0
cdi_ca_1956_wk_prov_dbs_Part32_tables.csv,27,19,86,66,False,False,False,False,False,,1,0.5
cdi_ca_1956_wk_prov_dbs_Part32_tables.csv,27,20,19,86,False,False,False,False,False,,2,0.0
cdi_ca_1956_wk_prov_dbs_Part32_tables.csv,27,21,11,19,False,False,False,False,False,,1,0.5
cdi_ca_1956_wk_prov_dbs_Part32_tables.csv,27,22,52,11,False,False,False,False,False,,2,0.0
cdi_ca_1956_wk_prov_dbs_Part32_tables.csv,27,23,4,52,False,False,False,False,False,,2,0.0
cdi_ca_1956_wk_prov_dbs_Part32_tables.csv,27,24,6,4,False,False,False,False,False,,1,0.0
cdi_ca_1956_wk_prov_dbs_Part32_tables.csv,27,25,7,6,False,False,False,False,False,,1,0.0
cdi_ca_1956_wk_prov_dbs_Part32_tables.csv,27,26,10,7,False,False,False,False,False,,2,0.0
cdi_ca_1956_wk_prov_dbs_Part32_tables.csv,27,27,6,10,False,False,False,False,False,,2,0.0
cdi_ca_1956_wk_prov_dbs_Part32_tables.csv,27,28,8,6,False,False,False,False,False,,1,0.0
cdi_ca_1956_wk_prov_dbs_Part32_tables.csv,27,29,9,8,False,False,False,False,False,,1,0.0
cdi_ca_1956_wk_prov_dbs_Part32_tables.csv,27,30,29,9,False,False,False,False,False,,1,0.5
cdi_ca_1956_wk_prov_dbs_Part32_tables.csv,27,31,15,29,False,False,False,False,False,,2,0.0
cdi_ca_1956_wk_prov_dbs_Part32_tables.csv,27,32,2,15,False,False,False,False,False,,2,0.0
cdi_ca_1956_wk_prov_dbs_Part32_tables.csv,27,33,38,2,False,False,False,False,False,,2,0.0
cdi_ca_1956_wk_prov_dbs_Part32_tables.csv,27,34,13,38,False,False,False,False,False,,2,0.0
cdi_ca_1956_wk_prov_dbs_Part32_tables.csv,27,35,28,13,False,False,False,False,False,,2,0.0
cdi_ca_1956_wk_prov_dbs_Part32_tables.csv,27,36,FILLER,28,False,False,False,False,False,,6,0.0
cdi_ca_1956_wk_prov_dbs_Part33_tables.csv,0,10,1,-,False,False,False,False,False,,1,0.0
cdi_ca_1956_wk_prov_dbs_Part33_tables.csv,0,15,...,..,False,False,False,False,False,,1,0.6666666666666667
cdi_ca_1956_wk_prov_dbs_Part33_tables.csv,0,16,...,..,False,False,False,False,False,,1,0.6666666666666667
cdi_ca_1956_wk_prov_dbs_Part33_tables.csv,0,17,...,..,False,False,False,False,False,,1,0.6666666666666667
cdi_ca_1956_wk_prov_dbs_Part33_tables.csv,0,27,....,..,False,False,False,False,False,,2,0.5
cdi_ca_1956_wk_prov_dbs_Part33_tables.csv,0,28,...,..,False,False,False,False,False,,1,0.6666666666666667
cdi_ca_1956_wk_prov_dbs_Part33_tables.csv,0,30,.R,..,False,False,False,False,False,,1,0.5
cdi_ca_1956_wk_prov_dbs_Part33_tables.csv,0,31,,..,False,False,False,False,False,,2,0.0
cdi_ca_1956_wk_prov_dbs_Part33_tables.csv,2,15,R.P.,..,False,False,False,False,False,,2,0.5
cdi_ca_1956_wk_prov_dbs_Part33_tables.csv,2,16,9.3,..,False,False,False,False,False,,2,0.33333333333333337
cdi_ca_1956_wk_prov_dbs_Part33_tables.csv,2,17,,..,False,False,False,False,False,,2,0.0
cdi_ca_1956_wk_prov_dbs_Part33_tables.csv,2,18,...,..,False,False,False,False,False,,1,0.6666666666666667
cdi_ca_1956_wk_prov_dbs_Part33_tables.csv,2,19,R.P.,..,False,False,False,False,False,,2,0.5
cdi_ca_1956_wk_prov_dbs_Part33_tables.csv,3,15,R.P.,..,False,False,False,False,False,,2,0.5
cdi_ca_1956_wk_prov_dbs_Part33_tables.csv,3,16,,..,False,False,False,False,False,,2,0.0
cdi_ca_1956_wk_prov_dbs_Part33_tables.csv,3,17,,..,False,False,False,False,False,,2,0.0
cdi_ca_1956_wk_prov_dbs_Part33_tables.csv,3,18,,..,False,False,False,False,False,,2,0.0
cdi_ca_1956_wk_prov_dbs_Part33_tables.csv,3,19,R.P.,..,False,False,False,False,False,,2,0.5
cdi_ca_1956_wk_prov_dbs_Part33_tables.csv,3,20,....,..,False,False,False,False,False,,2,0.5
cdi_ca_1956_wk_prov_dbs_Part33_tables.csv,4,15,,..,False,False,False,False,False,,2,0.0
cdi_ca_1956_wk_prov_dbs_Part33_tables.csv,4,16,,..,False,False,False,False,False,,2,0.0
cdi_ca_1956_wk_prov_dbs_Part33_tables.csv,4,17,A.A,..,False,False,False,False,False,,2,0.33333333333333337
cdi_ca_1956_wk_prov_dbs_Part33_tables.csv,4,18,,..,False,False,False,False,False,,2,0.0
cdi_ca_1956_wk_prov_dbs_Part33_tables.csv,4,19,A.A,..,False,False,False,False,False,,2,0.33333333333333337
cdi_ca_1956_wk_prov_dbs_Part33_tables.csv,5,9,-,..,False,False,False,False,False,,2,0.0
cdi_ca_1956_wk_prov_dbs_Part33_tables.csv,5,10,R.9.,..,False,False,False,False,False,,2,0.5
cdi_ca_1956_wk_prov_dbs_Part33_tables.csv,5,11,...,..,False,False,False,False,False,,1,0.6666666666666667
cdi_ca_1956_wk_prov_dbs_Part33_tables.csv,5,18,-,..,False,False,False,False,False,,2,0.0
cdi_ca_1956_wk_prov_dbs_Part33_tables.csv,5,19,,..,False,False,False,False,False,,2,0.0
cdi_ca_1956_wk_prov_dbs_Part33_tables.csv,5,20,,..,False,False,False,False,False,,2,0.0
cdi_ca_1956_wk_prov_dbs_Part33_tables.csv,5,23,2,..,False,False,False,False,False,,2,0.0
cdi_ca_1956_wk_prov_dbs_Part33_tables.csv,5,36,-,6,False,False,False,False,False,,1,0.0
cdi_ca_1956_wk_prov_dbs_Part33_tables.csv,6,6,"8,978",..,False,False,False,False,False,,5,0.0
cdi_ca_1956_wk_prov_dbs_Part33_tables.csv,6,7,,..,False,False,False,False,False,,2,0.0
cdi_ca_1956_wk_prov_dbs_Part33_tables.csv,6,8,,..,False,False,False,False,False,,2,0.0
cdi_ca_1956_wk_prov_dbs_Part33_tables.csv,6,11,79,..,False,False,False,False,False,,2,0.0
cdi_ca_1956_wk_prov_dbs_Part33_tables.csv,6,27,1,-,False,False,False,False,False,,1,0.0
cdi_ca_1956_wk_prov_dbs_Part33_tables.csv,6,28,1,-,False,False,False,False,False,,1,0.0
cdi_ca_1956_wk_prov_dbs_Part33_tables.csv,6,30,-,..,False,False,False,False,False,,2,0.0
cdi_ca_1956_wk_prov_dbs_Part33_tables.csv,6,31,,..,False,False,False,False,False,,2,0.0
cdi_ca_1956_wk_prov_dbs_Part33_tables.csv,6,32,,..,False,False,False,False,False,,2,0.0
cdi_ca_1956_wk_prov_dbs_Part33_tables.csv,6,35,1,-,False,False,False,False,False,,1,0.0
cdi_ca_1956_wk_prov_dbs_Part33_tables.csv,6,36,I,7,False,False,False,False,False,,1,0.0
cdi_ca_1956_wk_prov_dbs_Part33_tables.csv,7,4,"13,284",43284,False,False,False,False,False,,2,0.6666666666666667
cdi_ca_1956_wk_prov_dbs_Part33_tables.csv,7,15,,..,False,False,False,False,False,,2,0.0
cdi_ca_1956_wk_prov_dbs_Part33_tables.csv,7,16,,..,False,False,False,False,False,,2,0.0
cdi_ca_1956_wk_prov_dbs_Part33_tables.csv,7,17,,..,False,False,False,False,False,,2,0.0
cdi_ca_1956_wk_prov_dbs_Part33_tables.csv,7,27,,..,False,False,False,False,False,,2,0.0
cdi_ca_1956_wk_prov_dbs_Part33_tables.csv,8,9,-,..,False,False,False,False,False,,2,0.0
cdi_ca_1956_wk_prov_dbs_Part33_tables.csv,8,10,,..,False,False,False,False,False,,2,0.0
cdi_ca_1956_wk_prov_dbs_Part33_tables.csv,8,11,,..,False,False,False,False,False,,2,0.0
cdi_ca_1956_wk_prov_dbs_Part33_tables.csv,8,19,,-,False,False,False,False,False,,1,0.0
cdi_ca_1956_wk_prov_dbs_Part33_tables.csv,8,29,1,-,False,False,False,False,False,,1,0.0
cdi_ca_1956_wk_prov_dbs_Part33_tables.csv,8,30,,..,False,False,False,False,False,,2,0.0
cdi_ca_1956_wk_prov_dbs_Part33_tables.csv,8,31,,..,False,False,False,False,False,,2,0.0
cdi_ca_1956_wk_prov_dbs_Part33_tables.csv,8,32,,..,False,False,False,False,False,,2,0.0
cdi_ca_1956_wk_prov_dbs_Part33_tables.csv,8,36,-,9,False,False,False,False,False,,1,0.0
cdi_ca_1956_wk_prov_dbs_Part33_tables.csv,9,15,,..,False,False,False,False,False,,2,0.0
cdi_ca_1956_wk_prov_dbs_Part33_tables.csv,9,16,,..,False,False,False,False,False,,2,0.0
cdi_ca_1956_wk_prov_dbs_Part33_tables.csv,9,17,,..,False,False,False,False,False,,2,0.0
cdi_ca_1956_wk_prov_dbs_Part33_tables.csv,9,27,,..,False,False,False,False,False,,2,0.0
cdi_ca_1956_wk_prov_dbs_Part33_tables.csv,9,28,,..,False,False,False,False,False,,2,0.0
cdi_ca_1956_wk_prov_dbs_Part33_tables.csv,9,30,,..,False,False,False,False,False,,2,0.0
cdi_ca_1956_wk_prov_dbs_Part33_tables.csv,9,31,,..,False,False,False,False,False,,2,0.0
cdi_ca_1956_wk_prov_dbs_Part33_tables.csv,10,36,14,11,False,False,False,False,False,,1,0.5
cdi_ca_1956_wk_prov_dbs_Part33_tables.csv,12,31,5.,5,False,False,False,False,False,,1,0.5
cdi_ca_1956_wk_prov_dbs_Part33_tables.csv,13,9,,..,False,False,False,False,False,,2,0.0
cdi_ca_1956_wk_prov_dbs_Part33_tables.csv,13,10,,..,False,False,False,False,False,,2,0.0
cdi_ca_1956_wk_prov_dbs_Part33_tables.csv,13,11,,..,False,False,False,False,False,,2,0.0
cdi_ca_1956_wk_prov_dbs_Part33_tables.csv,13,15,,..,False,False,False,False,False,,2,0.0
cdi_ca_1956_wk_prov_dbs_Part33_tables.csv,13,16,,..,False,False,False,False,False,,2,0.0
cdi_ca_1956_wk_prov_dbs_Part33_tables.csv,13,17,,..,False,False,False,False,False,,2,0.0
cdi_ca_1956_wk_prov_dbs_Part33_tables.csv,13,28,,..,False,False,False,False,False,,2,0.0
cdi_ca_1956_wk_prov_dbs_Part33_tables.csv,13,29,,..,False,False,False,False,False,,2,0.0
cdi_ca_1956_wk_prov_dbs_Part33_tables.csv,14,26,2,4,False,False,False,False,False,,1,0.0
cdi_ca_1956_wk_prov_dbs_Part33_tables.csv,14,32,3,4,False,False,False,False,False,,1,0.0
cdi_ca_1956_wk_prov_dbs_Part33_tables.csv,14,36,16,15,False,False,False,False,False,,1,0.5
cdi_ca_1956_wk_prov_dbs_Part33_tables.csv,15,3,,-,False,False,False,False,False,,1,0.0
cdi_ca_1956_wk_prov_dbs_Part33_tables.csv,15,7,,-,False,False,False,False,False,,1,0.0
cdi_ca_1956_wk_prov_dbs_Part33_tables.csv,16,28,22,2,False,False,False,False,False,,1,0.5
cdi_ca_1956_wk_prov_dbs_Part33_tables.csv,18,30,...,..,False,False,False,False,False,,1,0.6666666666666667
cdi_ca_1956_wk_prov_dbs_Part33_tables.csv,18,31,,..,False,False,False,False,False,,2,0.0
cdi_ca_1956_wk_prov_dbs_Part33_tables.csv,18,32,,..,False,False,False,False,False,,2,0.0
cdi_ca_1956_wk_prov_dbs_Part33_tables.csv,19,33,,-,False,False,False,False,False,,1,0.0
cdi_ca_1956_wk_prov_dbs_Part33_tables.csv,19,34,=,-,False,False,False,False,False,,1,0.0
cdi_ca_1956_wk_prov_dbs_Part33_tables.csv,20,14,=,-,False,False,False,False,False,,1,0.0
cdi_ca_1956_wk_prov_dbs_Part33_tables.csv,20,15,,..,False,False,False,False,False,,2,0.0
cdi_ca_1956_wk_prov_dbs_Part33_tables.csv,20,16,,..,False,False,False,False,False,,2,0.0
cdi_ca_1956_wk_prov_dbs_Part33_tables.csv,20,17,,..,False,False,False,False,False,,2,0.0
cdi_ca_1956_wk_prov_dbs_Part33_tables.csv,20,25,I,-,False,False,False,False,False,,1,0.0
cdi_ca_1956_wk_prov_dbs_Part33_tables.csv,20,26,,-,False,False,False,False,False,,1,0.0
cdi_ca_1956_wk_prov_dbs_Part33_tables.csv,20,27,=,-,False,False,False,False,False,,1,0.0
cdi_ca_1956_wk_prov_dbs_Part33_tables.csv,20,28,#,-,False,False,False,False,False,,1,0.0
cdi_ca_1956_wk_prov_dbs_Part33_tables.csv,20,29,if,-,False,False,False,False,False,,2,0.0
cdi_ca_1956_wk_prov_dbs_Part33_tables.csv,20,30,,..,False,False,False,False,False,,2,0.0
cdi_ca_1956_wk_prov_dbs_Part33_tables.csv,20,31,,..,False,False,False,False,False,,2,0.0
cdi_ca_1956_wk_prov_dbs_Part33_tables.csv,20,32,,..,False,False,False,False,False,,2,0.0
cdi_ca_1956_wk_prov_dbs_Part33_tables.csv,21,7,5.,5,False,False,False,False,False,,1,0.5
cdi_ca_1956_wk_prov_dbs_Part33_tables.csv,22,6,132,-,False,False,False,False,False,,3,0.0
cdi_ca_1956_wk_prov_dbs_Part33_tables.csv,22,13,1,-,False,False,False,False,False,,1,0.0
cdi_ca_1956_wk_prov_dbs_Part33_tables.csv,22,19,,-,False,False,False,False,False,,1,0.0
cdi_ca_1956_wk_prov_dbs_Part33_tables.csv,22,20,:0,-,False,False,False,False,False,,2,0.0
cdi_ca_1956_wk_prov_dbs_Part33_tables.csv,22,21,T,-,False,False,False,False,False,,1,0.0
cdi_ca_1956_wk_prov_dbs_Part33_tables.csv,22,23,1,-,False,False,False,False,False,,1,0.0
cdi_ca_1956_wk_prov_dbs_Part33_tables.csv,22,24,1,-,False,False,False,False,False,,1,0.0
cdi_ca_1956_wk_prov_dbs_Part33_tables.csv,22,28,E,-,False,False,False,False,False,,1,0.0
cdi_ca_1956_wk_prov_dbs_Part33_tables.csv,22,32,1,-,False,False,False,False,False,,1,0.0
cdi_ca_1956_wk_prov_dbs_Part33_tables.csv,22,33,1,-,False,False,False,False,False,,1,0.0
cdi_ca_1956_wk_prov_dbs_Part33_tables.csv,22,34,,-,False,False,False,False,False,,1,0.0
cdi_ca_1956_wk_prov_dbs_Part33_tables.csv,22,36,1,23,False,False,False,False,False,,2,0.0
cdi_ca_1956_wk_prov_dbs_Part33_tables.csv,23,0,I,-,False,False,False,False,False,,1,0.0
cdi_ca_1956_wk_prov_dbs_Part33_tables.csv,23,32,,-,False,False,False,False,False,,1,0.0
cdi_ca_1956_wk_prov_dbs_Part33_tables.csv,23,33,,-,False,False,False,False,False,,1,0.0
cdi_ca_1956_wk_prov_dbs_Part33_tables.csv,23,34,,-,False,False,False,False,False,,1,0.0
cdi_ca_1956_wk_prov_dbs_Part33_tables.csv,23,35,,-,False,False,False,False,False,,1,0.0
cdi_ca_1956_wk_prov_dbs_Part33_tables.csv,24,10,1,-,False,False,False,False,False,,1,0.0
cdi_ca_1956_wk_prov_dbs_Part33_tables.csv,24,11,,-,False,False,False,False,False,,1,0.0
cdi_ca_1956_wk_prov_dbs_Part33_tables.csv,24,15,E,-,False,False,False,False,False,,1,0.0
cdi_ca_1956_wk_prov_dbs_Part33_tables.csv,24,22,6.,6,False,False,False,False,False,,1,0.5
cdi_ca_1956_wk_prov_dbs_Part33_tables.csv,25,7,5.,5,False,False,False,False,False,,1,0.5
cdi_ca_1956_wk_prov_dbs_Part33_tables.csv,25,11,1,-,False,False,False,False,False,,1,0.0
cdi_ca_1956_wk_prov_dbs_Part34_tables.csv,0,16,...,..,False,False,False,False,False,,1,0.6666666666666667
cdi_ca_1956_wk_prov_dbs_Part34_tables.csv,0,17,9.3,..,False,False,False,False,False,,2,0.33333333333333337
cdi_ca_1956_wk_prov_dbs_Part34_tables.csv,0,24,5.,5,False,False,False,False,False,,1,0.5
cdi_ca_1956_wk_prov_dbs_Part34_tables.csv,0,28,....,..,False,False,False,False,False,,2,0.5
cdi_ca_1956_wk_prov_dbs_Part34_tables.csv,0,30,a..,..,False,False,False,False,False,,1,0.6666666666666667
cdi_ca_1956_wk_prov_dbs_Part34_tables.csv,0,31,...,..,False,False,False,False,False,,1,0.6666666666666667
cdi_ca_1956_wk_prov_dbs_Part34_tables.csv,2,16,,..,False,False,False,False,False,,2,0.0
cdi_ca_1956_wk_prov_dbs_Part34_tables.csv,2,17,:,..,False,False,False,False,False,,2,0.0
cdi_ca_1956_wk_prov_dbs_Part34_tables.csv,3,15,...,..,False,False,False,False,False,,1,0.6666666666666667
cdi_ca_1956_wk_prov_dbs_Part34_tables.csv,3,16,...,..,False,False,False,False,False,,1,0.6666666666666667
cdi_ca_1956_wk_prov_dbs_Part34_tables.csv,3,17,:.,..,False,False,False,False,False,,1,0.5
cdi_ca_1956_wk_prov_dbs_Part34_tables.csv,3,18,...,..,False,False,False,False,False,,1,0.6666666666666667
cdi_ca_1956_wk_prov_dbs_Part34_tables.csv,3,19,...,..,False,False,False,False,False,,1,0.6666666666666667
cdi_ca_1956_wk_prov_dbs_Part34_tables.csv,3,20,:,..,False,False,False,False,False,,2,0.0
cdi_ca_1956_wk_prov_dbs_Part34_tables.csv,4,16,R.P.,..,False,False,False,False,False,,2,0.5
cdi_ca_1956_wk_prov_dbs_Part34_tables.csv,4,17,...,..,False,False,False,False,False,,1,0.6666666666666667
cdi_ca_1956_wk_prov_dbs_Part34_tables.csv,4,19,...,..,False,False,False,False,False,,1,0.6666666666666667
cdi_ca_1956_wk_prov_dbs_Part34_tables.csv,5,9,-,..,False,False,False,False,False,,2,0.0
cdi_ca_1956_wk_prov_dbs_Part34_tables.csv,5,10,..A,..,False,False,False,False,False,,1,0.6666666666666667
cdi_ca_1956_wk_prov_dbs_Part34_tables.csv,5,11,,..,False,False,False,False,False,,2,0.0
cdi_ca_1956_wk_prov_dbs_Part34_tables.csv,5,19,2,..,False,False,False,False,False,,2,0.0
cdi_ca_1956_wk_prov_dbs_Part34_tables.csv,5,20,9.9,..,False,False,False,False,False,,2,0.33333333333333337
cdi_ca_1956_wk_prov_dbs_Part34_tables.csv,5,21,R.O.,..,False,False,False,False,False,,2,0.5
cdi_ca_1956_wk_prov_dbs_Part34_tables.csv,5,23,3,..,False,False,False,False,False,,2,0.0
cdi_ca_1956_wk_prov_dbs_Part34_tables.csv,5,36,-,6,False,False,False,False,False,,1,0.0
cdi_ca_1956_wk_prov_dbs_Part34_tables.csv,6,6,"9,003",..,False,False,False,False,False,,5,0.0
cdi_ca_1956_wk_prov_dbs_Part34_tables.csv,6,7,...,..,False,False,False,False,False,,1,0.6666666666666667
cdi_ca_1956_wk_prov_dbs_Part34_tables.csv,6,8,,..,False,False,False,False,False,,2,0.0
cdi_ca_1956_wk_prov_dbs_Part34_tables.csv,6,11,33,..,False,False,False,False,False,,2,0.0
cdi_ca_1956_wk_prov_dbs_Part34_tables.csv,6,30,-,..,False,False,False,False,False,,2,0.0
cdi_ca_1956_wk_prov_dbs_Part34_tables.csv,6,31,,..,False,False,False,False,False,,2,0.0
cdi_ca_1956_wk_prov_dbs_Part34_tables.csv,6,32,,..,False,False,False,False,False,,2,0.0
cdi_ca_1956_wk_prov_dbs_Part34_tables.csv,6,36,-,7,False,False,False,False,False,,1,0.0
cdi_ca_1956_wk_prov_dbs_Part34_tables.csv,7,15,,..,False,False,False,False,False,,2,0.0
cdi_ca_1956_wk_prov_dbs_Part34_tables.csv,7,16,A.A.,..,False,False,False,False,False,,2,0.5
cdi_ca_1956_wk_prov_dbs_Part34_tables.csv,7,27,,..,False,False,False,False,False,,2,0.0
cdi_ca_1956_wk_prov_dbs_Part34_tables.csv,7,28,a.e.,..,False,False,False,False,False,,2,0.5
cdi_ca_1956_wk_prov_dbs_Part34_tables.csv,7,31,.A 12,12,False,False,False,False,False,,3,0.4
cdi_ca_1956_wk_prov_dbs_Part34_tables.csv,7,32,A.O. 34,34,False,False,False,False,False,,5,0.2857142857142857
cdi_ca_1956_wk_prov_dbs_Part34_tables.csv,8,9,-,..,False,False,False,False,False,,2,0.0
cdi_ca_1956_wk_prov_dbs_Part34_tables.csv,8,10,,..,False,False,False,False,False,,2,0.0
cdi_ca_1956_wk_prov_dbs_Part34_tables.csv,8,11,,..,False,False,False,False,False,,2,0.0
cdi_ca_1956_wk_prov_dbs_Part34_tables.csv,8,30,-,..,False,False,False,False,False,,2,0.0
cdi_ca_1956_wk_prov_dbs_Part34_tables.csv,8,31,,..,False,False,False,False,False,,2,0.0
cdi_ca_1956_wk_prov_dbs_Part34_tables.csv,8,32,,..,False,False,False,False,False,,2,0.0
cdi_ca_1956_wk_prov_dbs_Part34_tables.csv,8,36,-,9,False,False,False,False,False,,1,0.0
cdi_ca_1956_wk_prov_dbs_Part34_tables.csv,9,15,...,..,False,False,False,False,False,,1,0.6666666666666667
cdi_ca_1956_wk_prov_dbs_Part34_tables.csv,9,16,...,..,False,False,False,False,False,,1,0.6666666666666667
cdi_ca_1956_wk_prov_dbs_Part34_tables.csv,9,17,,..,False,False,False,False,False,,2,0.0
cdi_ca_1956_wk_prov_dbs_Part34_tables.csv,9,27,...,..,False,False,False,False,False,,1,0.6666666666666667
cdi_ca_1956_wk_prov_dbs_Part34_tables.csv,9,28,A...,..,False,False,False,False,False,,2,0.5
cdi_ca_1956_wk_prov_dbs_Part34_tables.csv,9,30,....,..,False,False,False,False,False,,2,0.5
cdi_ca_1956_wk_prov_dbs_Part34_tables.csv,9,31,9.8,..,False,False,False,False,False,,2,0.33333333333333337
cdi_ca_1956_wk_prov_dbs_Part34_tables.csv,10,26,1,5,False,False,False,False,False,,1,0.0
cdi_ca_1956_wk_prov_dbs_Part34_tables.csv,10,36,8,11,False,False,False,False,False,,2,0.0
cdi_ca_1956_wk_prov_dbs_Part34_tables.csv,11,18,5.,5,False,False,False,False,False,,1,0.5
cdi_ca_1956_wk_prov_dbs_Part34_tables.csv,13,9,,..,False,False,False,False,False,,2,0.0
cdi_ca_1956_wk_prov_dbs_Part34_tables.csv,13,10,:,..,False,False,False,False,False,,2,0.0
cdi_ca_1956_wk_prov_dbs_Part34_tables.csv,13,11,:,..,False,False,False,False,False,,2,0.0
cdi_ca_1956_wk_prov_dbs_Part34_tables.csv,13,15,:.,..,False,False,False,False,False,,1,0.5
cdi_ca_1956_wk_prov_dbs_Part34_tables.csv,13,16,:.,..,False,False,False,False,False,,1,0.5
cdi_ca_1956_wk_prov_dbs_Part34_tables.csv,13,17,:.,..,False,False,False,False,False,,1,0.5
cdi_ca_1956_wk_prov_dbs_Part34_tables.csv,13,29,:.,..,False,False,False,False,False,,1,0.5
cdi_ca_1956_wk_prov_dbs_Part34_tables.csv,14,23,17,9,False,False,False,False,False,,2,0.0
cdi_ca_1956_wk_prov_dbs_Part34_tables.csv,14,32,2,5,False,False,False,False,False,,1,0.0
cdi_ca_1956_wk_prov_dbs_Part34_tables.csv,14,36,11,15,False,False,False,False,False,,1,0.5
cdi_ca_1956_wk_prov_dbs_Part34_tables.csv,17,32,9.,9,False,False,False,False,False,,1,0.5
cdi_ca_1956_wk_prov_dbs_Part34_tables.csv,18,31,,..,False,False,False,False,False,,2,0.0
cdi_ca_1956_wk_prov_dbs_Part34_tables.csv,20,15,,..,False,False,False,False,False,,2,0.0
cdi_ca_1956_wk_prov_dbs_Part34_tables.csv,20,16,R.A,..,False,False,False,False,False,,2,0.33333333333333337
cdi_ca_1956_wk_prov_dbs_Part34_tables.csv,20,17,,..,False,False,False,False,False,,2,0.0
cdi_ca_1956_wk_prov_dbs_Part34_tables.csv,20,30,R.P.,..,False,False,False,False,False,,2,0.5
cdi_ca_1956_wk_prov_dbs_Part34_tables.csv,20,31,...,..,False,False,False,False,False,,1,0.6666666666666667
cdi_ca_1956_wk_prov_dbs_Part34_tables.csv,20,32,...,..,False,False,False,False,False,,1,0.6666666666666667
cdi_ca_1956_wk_prov_dbs_Part34_tables.csv,22,36,-,23,False,False,False,False,False,,2,0.0
cdi_ca_1956_wk_prov_dbs_Part34_tables.csv,25,28,19,49,False,False,False,False,False,,1,0.5
cdi_ca_1956_wk_prov_dbs_Part35_tables.csv,0,16,:,..,False,False,False,False,False,,2,0.0
cdi_ca_1956_wk_prov_dbs_Part35_tables.csv,0,17,:,..,False,False,False,False,False,,2,0.0
cdi_ca_1956_wk_prov_dbs_Part35_tables.csv,0,19,111,11,False,False,False,False,False,,1,0.6666666666666667
cdi_ca_1956_wk_prov_dbs_Part35_tables.csv,0,27,...,..,False,False,False,False,False,,1,0.6666666666666667
cdi_ca_1956_wk_prov_dbs_Part35_tables.csv,0,28,...,..,False,False,False,False,False,,1,0.6666666666666667
cdi_ca_1956_wk_prov_dbs_Part35_tables.csv,0,30,...,..,False,False,False,False,False,,1,0.6666666666666667
cdi_ca_1956_wk_prov_dbs_Part35_tables.csv,0,31,...,..,False,False,False,False,False,,1,0.6666666666666667
cdi_ca_1956_wk_prov_dbs_Part35_tables.csv,1,35,-,6,False,False,False,False,False,,1,0.0
cdi_ca_1956_wk_prov_dbs_Part35_tables.csv,2,17,...,..,False,False,False,False,False,,1,0.6666666666666667
cdi_ca_1956_wk_prov_dbs_Part35_tables.csv,2,18,...,..,False,False,False,False,False,,1,0.6666666666666667
cdi_ca_1956_wk_prov_dbs_Part35_tables.csv,2,35,6,-,False,False,False,False,False,,1,0.0
cdi_ca_1956_wk_prov_dbs_Part35_tables.csv,3,15,...,..,False,False,False,False,False,,1,0.6666666666666667
cdi_ca_1956_wk_prov_dbs_Part35_tables.csv,3,16,...,..,False,False,False,False,False,,1,0.6666666666666667
cdi_ca_1956_wk_prov_dbs_Part35_tables.csv,3,17,,..,False,False,False,False,False,,2,0.0
cdi_ca_1956_wk_prov_dbs_Part35_tables.csv,3,18,.A,..,False,False,False,False,False,,1,0.5
cdi_ca_1956_wk_prov_dbs_Part35_tables.csv,3,19,...,..,False,False,False,False,False,,1,0.6666666666666667
cdi_ca_1956_wk_prov_dbs_Part35_tables.csv,3,20,N.A.,..,False,False,False,False,False,,2,0.5
cdi_ca_1956_wk_prov_dbs_Part35_tables.csv,3,35,-,6,False,False,False,False,False,,1,0.0
cdi_ca_1956_wk_prov_dbs_Part35_tables.csv,4,17,...,..,False,False,False,False,False,,1,0.6666666666666667
cdi_ca_1956_wk_prov_dbs_Part35_tables.csv,4,18,.R,..,False,False,False,False,False,,1,0.5
cdi_ca_1956_wk_prov_dbs_Part35_tables.csv,4,35,6,-,False,False,False,False,False,,1,0.0
cdi_ca_1956_wk_prov_dbs_Part35_tables.csv,5,9,-,..,False,False,False,False,False,,2,0.0
cdi_ca_1956_wk_prov_dbs_Part35_tables.csv,5,10,a.e,..,False,False,False,False,False,,2,0.33333333333333337
cdi_ca_1956_wk_prov_dbs_Part35_tables.csv,5,11,A.A,..,False,False,False,False,False,,2,0.33333333333333337
cdi_ca_1956_wk_prov_dbs_Part35_tables.csv,5,18,-,..,False,False,False,False,False,,2,0.0
cdi_ca_1956_wk_prov_dbs_Part35_tables.csv,5,20,2,..,False,False,False,False,False,,2,0.0
cdi_ca_1956_wk_prov_dbs_Part35_tables.csv,5,21,...,..,False,False,False,False,False,,1,0.6666666666666667
cdi_ca_1956_wk_prov_dbs_Part35_tables.csv,5,22,a.e.,..,False,False,False,False,False,,2,0.5
cdi_ca_1956_wk_prov_dbs_Part35_tables.csv,5,23,.A,..,False,False,False,False,False,,1,0.5
cdi_ca_1956_wk_prov_dbs_Part35_tables.csv,5,36,-,6,False,False,False,False,False,,1,0.0
cdi_ca_1956_wk_prov_dbs_Part35_tables.csv,6,6,"9,049",..,False,False,False,False,False,,5,0.0
cdi_ca_1956_wk_prov_dbs_Part35_tables.csv,6,7,R.P.,..,False,False,False,False,False,,2,0.5
cdi_ca_1956_wk_prov_dbs_Part35_tables.csv,6,8,...,..,False,False,False,False,False,,1,0.6666666666666667
cdi_ca_1956_wk_prov_dbs_Part35_tables.csv,6,9,R.,39,False,False,False,False,False,,2,0.0
cdi_ca_1956_wk_prov_dbs_Part35_tables.csv,6,10,,9,False,False,False,False,False,,1,0.0
cdi_ca_1956_wk_prov_dbs_Part35_tables.csv,6,11,39,..,False,False,False,False,False,,2,0.0
cdi_ca_1956_wk_prov_dbs_Part35_tables.csv,6,12,9,86,False,False,False,False,False,,2,0.0
cdi_ca_1956_wk_prov_dbs_Part35_tables.csv,6,13,9..9,43,False,False,False,False,False,,4,0.0
cdi_ca_1956_wk_prov_dbs_Part35_tables.csv,6,14,86,28,False,False,False,False,False,,2,0.0
cdi_ca_1956_wk_prov_dbs_Part35_tables.csv,6,15,43,-,False,False,False,False,False,,2,0.0
cdi_ca_1956_wk_prov_dbs_Part35_tables.csv,6,24,-,1,False,False,False,False,False,,1,0.0
cdi_ca_1956_wk_prov_dbs_Part35_tables.csv,6,25,-,2,False,False,False,False,False,,1,0.0
cdi_ca_1956_wk_prov_dbs_Part35_tables.csv,6,27,2,-,False,False,False,False,False,,1,0.0
cdi_ca_1956_wk_prov_dbs_Part35_tables.csv,6,30,-,..,False,False,False,False,False,,2,0.0
cdi_ca_1956_wk_prov_dbs_Part35_tables.csv,6,31,-,..,False,False,False,False,False,,2,0.0
cdi_ca_1956_wk_prov_dbs_Part35_tables.csv,6,32,A.R.,..,False,False,False,False,False,,2,0.5
cdi_ca_1956_wk_prov_dbs_Part35_tables.csv,6,33,...,-,False,False,False,False,False,,3,0.0
cdi_ca_1956_wk_prov_dbs_Part35_tables.csv,6,34,A.A,1,False,False,False,False,False,,3,0.0
cdi_ca_1956_wk_prov_dbs_Part35_tables.csv,6,36,1,7,False,False,False,False,False,,1,0.0
cdi_ca_1956_wk_prov_dbs_Part35_tables.csv,7,0,125,152,False,False,False,False,False,,2,0.33333333333333337
cdi_ca_1956_wk_prov_dbs_Part35_tables.csv,7,15,....,..,False,False,False,False,False,,2,0.5
cdi_ca_1956_wk_prov_dbs_Part35_tables.csv,7,16,...,..,False,False,False,False,False,,1,0.6666666666666667
cdi_ca_1956_wk_prov_dbs_Part35_tables.csv,7,18,,27,False,False,False,False,False,,2,0.0
cdi_ca_1956_wk_prov_dbs_Part35_tables.csv,7,27,A.T.,..,False,False,False,False,False,,2,0.5
cdi_ca_1956_wk_prov_dbs_Part35_tables.csv,7,28,9.9.,..,False,False,False,False,False,,2,0.5
cdi_ca_1956_wk_prov_dbs_Part35_tables.csv,8,0, meningococcal,-,False,False,False,False,False,,14,0.0
cdi_ca_1956_wk_prov_dbs_Part35_tables.csv,8,9,-,..,False,False,False,False,False,,2,0.0
cdi_ca_1956_wk_prov_dbs_Part35_tables.csv,8,10,P.R,..,False,False,False,False,False,,2,0.33333333333333337
cdi_ca_1956_wk_prov_dbs_Part35_tables.csv,8,11,...,..,False,False,False,False,False,,1,0.6666666666666667
cdi_ca_1956_wk_prov_dbs_Part35_tables.csv,8,30,-,..,False,False,False,False,False,,2,0.0
cdi_ca_1956_wk_prov_dbs_Part35_tables.csv,8,31,...,..,False,False,False,False,False,,1,0.6666666666666667
cdi_ca_1956_wk_prov_dbs_Part35_tables.csv,8,32,...,..,False,False,False,False,False,,1,0.6666666666666667
cdi_ca_1956_wk_prov_dbs_Part35_tables.csv,8,36,1,9,False,False,False,False,False,,1,0.0
cdi_ca_1956_wk_prov_dbs_Part35_tables.csv,9,15,...,..,False,False,False,False,False,,1,0.6666666666666667
cdi_ca_1956_wk_prov_dbs_Part35_tables.csv,9,16,,..,False,False,False,False,False,,2,0.0
cdi_ca_1956_wk_prov_dbs_Part35_tables.csv,9,17,....,..,False,False,False,False,False,,2,0.5
cdi_ca_1956_wk_prov_dbs_Part35_tables.csv,9,27,...,..,False,False,False,False,False,,1,0.6666666666666667
cdi_ca_1956_wk_prov_dbs_Part35_tables.csv,9,28,9.A,..,False,False,False,False,False,,2,0.33333333333333337
cdi_ca_1956_wk_prov_dbs_Part35_tables.csv,9,31,....,..,False,False,False,False,False,,2,0.5
cdi_ca_1956_wk_prov_dbs_Part35_tables.csv,11,21,5.,5,False,False,False,False,False,,1,0.5
cdi_ca_1956_wk_prov_dbs_Part35_tables.csv,12,29,4.,4,False,False,False,False,False,,1,0.5
cdi_ca_1956_wk_prov_dbs_Part35_tables.csv,13,9,:.,..,False,False,False,False,False,,1,0.5
cdi_ca_1956_wk_prov_dbs_Part35_tables.csv,13,10,:.,..,False,False,False,False,False,,1,0.5
cdi_ca_1956_wk_prov_dbs_Part35_tables.csv,13,11,:,..,False,False,False,False,False,,2,0.0
cdi_ca_1956_wk_prov_dbs_Part35_tables.csv,13,15,:.,..,False,False,False,False,False,,1,0.5
cdi_ca_1956_wk_prov_dbs_Part35_tables.csv,13,16,:.,..,False,False,False,False,False,,1,0.5
cdi_ca_1956_wk_prov_dbs_Part35_tables.csv,13,17,:,..,False,False,False,False,False,,2,0.0
cdi_ca_1956_wk_prov_dbs_Part35_tables.csv,13,27,:.,..,False,False,False,False,False,,1,0.5
cdi_ca_1956_wk_prov_dbs_Part35_tables.csv,14,36,6,15,False,False,False,False,False,,2,0.0
cdi_ca_1956_wk_prov_dbs_Part35_tables.csv,18,15,I,-,False,False,False,False,False,,1,0.0
cdi_ca_1956_wk_prov_dbs_Part35_tables.csv,18,30,9.8,..,False,False,False,False,False,,2,0.33333333333333337
cdi_ca_1956_wk_prov_dbs_Part35_tables.csv,18,32,9.9,..,False,False,False,False,False,,2,0.33333333333333337
cdi_ca_1956_wk_prov_dbs_Part35_tables.csv,18,33,5.,5,False,False,False,False,False,,1,0.5
cdi_ca_1956_wk_prov_dbs_Part35_tables.csv,20,15,...,..,False,False,False,False,False,,1,0.6666666666666667
cdi_ca_1956_wk_prov_dbs_Part35_tables.csv,20,16,...,..,False,False,False,False,False,,1,0.6666666666666667
cdi_ca_1956_wk_prov_dbs_Part35_tables.csv,20,17,...,..,False,False,False,False,False,,1,0.6666666666666667
cdi_ca_1956_wk_prov_dbs_Part35_tables.csv,20,18,P.A,..,False,False,False,False,False,,2,0.33333333333333337
cdi_ca_1956_wk_prov_dbs_Part35_tables.csv,20,30,R.A.,..,False,False,False,False,False,,2,0.5
cdi_ca_1956_wk_prov_dbs_Part35_tables.csv,22,9,1,-,False,False,False,False,False,,1,0.0
cdi_ca_1956_wk_prov_dbs_Part35_tables.csv,22,10,I,-,False,False,False,False,False,,1,0.0
cdi_ca_1956_wk_prov_dbs_Part35_tables.csv,22,15,1,-,False,False,False,False,False,,1,0.0
cdi_ca_1956_wk_prov_dbs_Part35_tables.csv,22,16,I,-,False,False,False,False,False,,1,0.0
cdi_ca_1956_wk_prov_dbs_Part35_tables.csv,22,26,1,-,False,False,False,False,False,,1,0.0
cdi_ca_1956_wk_prov_dbs_Part35_tables.csv,22,30,I,-,False,False,False,False,False,,1,0.0
cdi_ca_1956_wk_prov_dbs_Part35_tables.csv,22,33,1,-,False,False,False,False,False,,1,0.0
cdi_ca_1956_wk_prov_dbs_Part35_tables.csv,22,35,1,-,False,False,False,False,False,,1,0.0
cdi_ca_1956_wk_prov_dbs_Part35_tables.csv,22,36,1,23,False,False,False,False,False,,2,0.0
cdi_ca_1956_wk_prov_dbs_Part35_tables.csv,27,9,9.,9,False,False,False,False,False,,1,0.5
cdi_ca_1956_wk_prov_dbs_Part36_tables.csv,0,16,:.,..,False,False,False,False,False,,1,0.5
cdi_ca_1956_wk_prov_dbs_Part36_tables.csv,0,17,:.,..,False,False,False,False,False,,1,0.5
cdi_ca_1956_wk_prov_dbs_Part36_tables.csv,0,28,:,..,False,False,False,False,False,,2,0.0
cdi_ca_1956_wk_prov_dbs_Part36_tables.csv,0,31,...,..,False,False,False,False,False,,1,0.6666666666666667
cdi_ca_1956_wk_prov_dbs_Part36_tables.csv,2,15,R.9,..,False,False,False,False,False,,2,0.33333333333333337
cdi_ca_1956_wk_prov_dbs_Part36_tables.csv,2,17,,..,False,False,False,False,False,,2,0.0
cdi_ca_1956_wk_prov_dbs_Part36_tables.csv,2,18,...,..,False,False,False,False,False,,1,0.6666666666666667
cdi_ca_1956_wk_prov_dbs_Part36_tables.csv,2,19,R..,..,False,False,False,False,False,,1,0.6666666666666667
cdi_ca_1956_wk_prov_dbs_Part36_tables.csv,3,15,,..,False,False,False,False,False,,2,0.0
cdi_ca_1956_wk_prov_dbs_Part36_tables.csv,3,16,,..,False,False,False,False,False,,2,0.0
cdi_ca_1956_wk_prov_dbs_Part36_tables.csv,3,17,,..,False,False,False,False,False,,2,0.0
cdi_ca_1956_wk_prov_dbs_Part36_tables.csv,3,18,P.A,..,False,False,False,False,False,,2,0.33333333333333337
cdi_ca_1956_wk_prov_dbs_Part36_tables.csv,3,19,...,..,False,False,False,False,False,,1,0.6666666666666667
cdi_ca_1956_wk_prov_dbs_Part36_tables.csv,3,20,,..,False,False,False,False,False,,2,0.0
cdi_ca_1956_wk_prov_dbs_Part36_tables.csv,4,15,A.O.,..,False,False,False,False,False,,2,0.5
cdi_ca_1956_wk_prov_dbs_Part36_tables.csv,4,17,A.9,..,False,False,False,False,False,,2,0.33333333333333337
cdi_ca_1956_wk_prov_dbs_Part36_tables.csv,4,18,..A,..,False,False,False,False,False,,1,0.6666666666666667
cdi_ca_1956_wk_prov_dbs_Part36_tables.csv,4,19,R.P.,..,False,False,False,False,False,,2,0.5
cdi_ca_1956_wk_prov_dbs_Part36_tables.csv,5,9,-,..,False,False,False,False,False,,2,0.0
cdi_ca_1956_wk_prov_dbs_Part36_tables.csv,5,10,,..,False,False,False,False,False,,2,0.0
cdi_ca_1956_wk_prov_dbs_Part36_tables.csv,5,11,,..,False,False,False,False,False,,2,0.0
cdi_ca_1956_wk_prov_dbs_Part36_tables.csv,5,18,-,..,False,False,False,False,False,,2,0.0
cdi_ca_1956_wk_prov_dbs_Part36_tables.csv,5,19,,..,False,False,False,False,False,,2,0.0
cdi_ca_1956_wk_prov_dbs_Part36_tables.csv,5,20,,..,False,False,False,False,False,,2,0.0
cdi_ca_1956_wk_prov_dbs_Part36_tables.csv,5,21,.A,..,False,False,False,False,False,,1,0.5
cdi_ca_1956_wk_prov_dbs_Part36_tables.csv,5,22,A..,..,False,False,False,False,False,,1,0.6666666666666667
cdi_ca_1956_wk_prov_dbs_Part36_tables.csv,5,23,...,..,False,False,False,False,False,,1,0.6666666666666667
cdi_ca_1956_wk_prov_dbs_Part36_tables.csv,5,36,-,6,False,False,False,False,False,,1,0.0
cdi_ca_1956_wk_prov_dbs_Part36_tables.csv,6,6,"9,135",..,False,False,False,False,False,,5,0.0
cdi_ca_1956_wk_prov_dbs_Part36_tables.csv,6,7,A.B.,..,False,False,False,False,False,,2,0.5
cdi_ca_1956_wk_prov_dbs_Part36_tables.csv,6,8,,..,False,False,False,False,False,,2,0.0
cdi_ca_1956_wk_prov_dbs_Part36_tables.csv,6,11,39,..,False,False,False,False,False,,2,0.0
cdi_ca_1956_wk_prov_dbs_Part36_tables.csv,6,30,-,..,False,False,False,False,False,,2,0.0
cdi_ca_1956_wk_prov_dbs_Part36_tables.csv,6,31,A.A,..,False,False,False,False,False,,2,0.33333333333333337
cdi_ca_1956_wk_prov_dbs_Part36_tables.csv,6,32,...,..,False,False,False,False,False,,1,0.6666666666666667
cdi_ca_1956_wk_prov_dbs_Part36_tables.csv,6,36,1,7,False,False,False,False,False,,1,0.0
cdi_ca_1956_wk_prov_dbs_Part36_tables.csv,7,15,,..,False,False,False,False,False,,2,0.0
cdi_ca_1956_wk_prov_dbs_Part36_tables.csv,7,16,...,..,False,False,False,False,False,,1,0.6666666666666667
cdi_ca_1956_wk_prov_dbs_Part36_tables.csv,7,17,A.O.,..,False,False,False,False,False,,2,0.5
cdi_ca_1956_wk_prov_dbs_Part36_tables.csv,8,9,-,..,False,False,False,False,False,,2,0.0
cdi_ca_1956_wk_prov_dbs_Part36_tables.csv,8,10,,..,False,False,False,False,False,,2,0.0
cdi_ca_1956_wk_prov_dbs_Part36_tables.csv,8,11,,..,False,False,False,False,False,,2,0.0
cdi_ca_1956_wk_prov_dbs_Part36_tables.csv,8,28,1,-,False,False,False,False,False,,1,0.0
cdi_ca_1956_wk_prov_dbs_Part36_tables.csv,8,29,1,-,False,False,False,False,False,,1,0.0
cdi_ca_1956_wk_prov_dbs_Part36_tables.csv,8,30,=,..,False,False,False,False,False,,2,0.0
cdi_ca_1956_wk_prov_dbs_Part36_tables.csv,8,31,,..,False,False,False,False,False,,2,0.0
cdi_ca_1956_wk_prov_dbs_Part36_tables.csv,8,32,,..,False,False,False,False,False,,2,0.0
cdi_ca_1956_wk_prov_dbs_Part36_tables.csv,8,33,,-,False,False,False,False,False,,1,0.0
cdi_ca_1956_wk_prov_dbs_Part36_tables.csv,8,34,I,-,False,False,False,False,False,,1,0.0
cdi_ca_1956_wk_prov_dbs_Part36_tables.csv,8,36,1,9,False,False,False,False,False,,1,0.0
cdi_ca_1956_wk_prov_dbs_Part36_tables.csv,9,15,R.P,..,False,False,False,False,False,,2,0.33333333333333337
cdi_ca_1956_wk_prov_dbs_Part36_tables.csv,9,16,1.8,..,False,False,False,False,False,,2,0.33333333333333337
cdi_ca_1956_wk_prov_dbs_Part36_tables.csv,9,17,...,..,False,False,False,False,False,,1,0.6666666666666667
cdi_ca_1956_wk_prov_dbs_Part36_tables.csv,9,27,....,..,False,False,False,False,False,,2,0.5
cdi_ca_1956_wk_prov_dbs_Part36_tables.csv,9,28,9.8,..,False,False,False,False,False,,2,0.33333333333333337
cdi_ca_1956_wk_prov_dbs_Part36_tables.csv,9,30,.A,..,False,False,False,False,False,,1,0.5
cdi_ca_1956_wk_prov_dbs_Part36_tables.csv,9,31,....,..,False,False,False,False,False,,2,0.5
cdi_ca_1956_wk_prov_dbs_Part36_tables.csv,10,17,1,5,False,False,False,False,False,,1,0.0
cdi_ca_1956_wk_prov_dbs_Part36_tables.csv,10,29,1,8,False,False,False,False,False,,1,0.0
cdi_ca_1956_wk_prov_dbs_Part36_tables.csv,10,35,6,14,False,False,False,False,False,,2,0.0
cdi_ca_1956_wk_prov_dbs_Part36_tables.csv,10,36,1/,11,False,False,False,False,False,,1,0.5
cdi_ca_1956_wk_prov_dbs_Part36_tables.csv,11,22,9.,9,False,False,False,False,False,,1,0.5
cdi_ca_1956_wk_prov_dbs_Part36_tables.csv,11,29,5.,5,False,False,False,False,False,,1,0.5
cdi_ca_1956_wk_prov_dbs_Part36_tables.csv,11,34,I,-,False,False,False,False,False,,1,0.0
cdi_ca_1956_wk_prov_dbs_Part36_tables.csv,13,9,...,..,False,False,False,False,False,,1,0.6666666666666667
cdi_ca_1956_wk_prov_dbs_Part36_tables.csv,13,10,...,..,False,False,False,False,False,,1,0.6666666666666667
cdi_ca_1956_wk_prov_dbs_Part36_tables.csv,13,11,,..,False,False,False,False,False,,2,0.0
cdi_ca_1956_wk_prov_dbs_Part36_tables.csv,13,15,...,..,False,False,False,False,False,,1,0.6666666666666667
cdi_ca_1956_wk_prov_dbs_Part36_tables.csv,13,16,...,..,False,False,False,False,False,,1,0.6666666666666667
cdi_ca_1956_wk_prov_dbs_Part36_tables.csv,13,17,...,..,False,False,False,False,False,,1,0.6666666666666667
cdi_ca_1956_wk_prov_dbs_Part36_tables.csv,13,27,....,..,False,False,False,False,False,,2,0.5
cdi_ca_1956_wk_prov_dbs_Part36_tables.csv,13,28,,..,False,False,False,False,False,,2,0.0
cdi_ca_1956_wk_prov_dbs_Part36_tables.csv,14,36,27,15,False,False,False,False,False,,2,0.0
cdi_ca_1956_wk_prov_dbs_Part36_tables.csv,17,25,5.,5,False,False,False,False,False,,1,0.5
cdi_ca_1956_wk_prov_dbs_Part36_tables.csv,18,29,I,-,False,False,False,False,False,,1,0.0
cdi_ca_1956_wk_prov_dbs_Part36_tables.csv,18,31,...,..,False,False,False,False,False,,1,0.6666666666666667
cdi_ca_1956_wk_prov_dbs_Part36_tables.csv,18,32,9.8,..,False,False,False,False,False,,2,0.33333333333333337
cdi_ca_1956_wk_prov_dbs_Part36_tables.csv,19,2,9.,9,False,False,False,False,False,,1,0.5
cdi_ca_1956_wk_prov_dbs_Part36_tables.csv,20,15,...,..,False,False,False,False,False,,1,0.6666666666666667
cdi_ca_1956_wk_prov_dbs_Part36_tables.csv,20,16,...,..,False,False,False,False,False,,1,0.6666666666666667
cdi_ca_1956_wk_prov_dbs_Part36_tables.csv,20,17,...,..,False,False,False,False,False,,1,0.6666666666666667
cdi_ca_1956_wk_prov_dbs_Part36_tables.csv,20,18,...,..,False,False,False,False,False,,1,0.6666666666666667
cdi_ca_1956_wk_prov_dbs_Part36_tables.csv,20,19,...,..,False,False,False,False,False,,1,0.6666666666666667
cdi_ca_1956_wk_prov_dbs_Part36_tables.csv,20,30,...,..,False,False,False,False,False,,1,0.6666666666666667
cdi_ca_1956_wk_prov_dbs_Part36_tables.csv,20,31,,..,False,False,False,False,False,,2,0.0
cdi_ca_1956_wk_prov_dbs_Part36_tables.csv,20,32,,..,False,False,False,False,False,,2,0.0
cdi_ca_1956_wk_prov_dbs_Part36_tables.csv,21,17,E,6,False,False,False,False,False,,1,0.0
cdi_ca_1956_wk_prov_dbs_Part36_tables.csv,22,36,-,23,False,False,False,False,False,,2,0.0
cdi_ca_1956_wk_prov_dbs_Part37_tables.csv,0,15,:.,..,False,False,False,False,False,,1,0.5
cdi_ca_1956_wk_prov_dbs_Part37_tables.csv,0,16,:.,..,False,False,False,False,False,,1,0.5
cdi_ca_1956_wk_prov_dbs_Part37_tables.csv,0,17,:.,..,False,False,False,False,False,,1,0.5
cdi_ca_1956_wk_prov_dbs_Part37_tables.csv,0,27,:.,..,False,False,False,False,False,,1,0.5
cdi_ca_1956_wk_prov_dbs_Part37_tables.csv,0,28,:.,..,False,False,False,False,False,,1,0.5
cdi_ca_1956_wk_prov_dbs_Part37_tables.csv,0,30,:,..,False,False,False,False,False,,2,0.0
cdi_ca_1956_wk_prov_dbs_Part37_tables.csv,0,31,:,..,False,False,False,False,False,,2,0.0
cdi_ca_1956_wk_prov_dbs_Part37_tables.csv,1,11,-,,False,False,False,False,False,,1,0.0
cdi_ca_1956_wk_prov_dbs_Part37_tables.csv,1,27,-,,False,False,False,False,False,,1,0.0
cdi_ca_1956_wk_prov_dbs_Part37_tables.csv,2,15,A..,..,False,False,False,False,False,,1,0.6666666666666667
cdi_ca_1956_wk_prov_dbs_Part37_tables.csv,2,16,,..,False,False,False,False,False,,2,0.0
cdi_ca_1956_wk_prov_dbs_Part37_tables.csv,2,17,,..,False,False,False,False,False,,2,0.0
cdi_ca_1956_wk_prov_dbs_Part37_tables.csv,2,18,,..,False,False,False,False,False,,2,0.0
cdi_ca_1956_wk_prov_dbs_Part37_tables.csv,2,19,,..,False,False,False,False,False,,2,0.0
cdi_ca_1956_wk_prov_dbs_Part37_tables.csv,2,30,I,-,False,False,False,False,False,,1,0.0
cdi_ca_1956_wk_prov_dbs_Part37_tables.csv,3,15,,..,False,False,False,False,False,,2,0.0
cdi_ca_1956_wk_prov_dbs_Part37_tables.csv,3,16,...,..,False,False,False,False,False,,1,0.6666666666666667
cdi_ca_1956_wk_prov_dbs_Part37_tables.csv,3,17,...,..,False,False,False,False,False,,1,0.6666666666666667
cdi_ca_1956_wk_prov_dbs_Part37_tables.csv,3,18,...,..,False,False,False,False,False,,1,0.6666666666666667
cdi_ca_1956_wk_prov_dbs_Part37_tables.csv,3,19,...,..,False,False,False,False,False,,1,0.6666666666666667
cdi_ca_1956_wk_prov_dbs_Part37_tables.csv,3,20,...,..,False,False,False,False,False,,1,0.6666666666666667
cdi_ca_1956_wk_prov_dbs_Part37_tables.csv,4,15,...,..,False,False,False,False,False,,1,0.6666666666666667
cdi_ca_1956_wk_prov_dbs_Part37_tables.csv,4,16,...,..,False,False,False,False,False,,1,0.6666666666666667
cdi_ca_1956_wk_prov_dbs_Part37_tables.csv,4,17,...,..,False,False,False,False,False,,1,0.6666666666666667
cdi_ca_1956_wk_prov_dbs_Part37_tables.csv,4,18,...,..,False,False,False,False,False,,1,0.6666666666666667
cdi_ca_1956_wk_prov_dbs_Part37_tables.csv,4,19,...,..,False,False,False,False,False,,1,0.6666666666666667
cdi_ca_1956_wk_prov_dbs_Part37_tables.csv,5,9,-,..,False,False,False,False,False,,2,0.0
cdi_ca_1956_wk_prov_dbs_Part37_tables.csv,5,10,,..,False,False,False,False,False,,2,0.0
cdi_ca_1956_wk_prov_dbs_Part37_tables.csv,5,11,R.A,..,False,False,False,False,False,,2,0.33333333333333337
cdi_ca_1956_wk_prov_dbs_Part37_tables.csv,5,18,-,..,False,False,False,False,False,,2,0.0
cdi_ca_1956_wk_prov_dbs_Part37_tables.csv,5,19,...,..,False,False,False,False,False,,1,0.6666666666666667
cdi_ca_1956_wk_prov_dbs_Part37_tables.csv,5,20,...,..,False,False,False,False,False,,1,0.6666666666666667
cdi_ca_1956_wk_prov_dbs_Part37_tables.csv,5,22,1,..,False,False,False,False,False,,2,0.0
cdi_ca_1956_wk_prov_dbs_Part37_tables.csv,5,23,9.8,..,False,False,False,False,False,,2,0.33333333333333337
cdi_ca_1956_wk_prov_dbs_Part37_tables.csv,5,36,-,6,False,False,False,False,False,,1,0.0
cdi_ca_1956_wk_prov_dbs_Part37_tables.csv,6,6,"9,169",..,False,False,False,False,False,,5,0.0
cdi_ca_1956_wk_prov_dbs_Part37_tables.csv,6,7,A.O.,..,False,False,False,False,False,,2,0.5
cdi_ca_1956_wk_prov_dbs_Part37_tables.csv,6,8,,..,False,False,False,False,False,,2,0.0
cdi_ca_1956_wk_prov_dbs_Part37_tables.csv,6,11,48,..,False,False,False,False,False,,2,0.0
cdi_ca_1956_wk_prov_dbs_Part37_tables.csv,6,30,1,..,False,False,False,False,False,,2,0.0
cdi_ca_1956_wk_prov_dbs_Part37_tables.csv,6,31,R.R,..,False,False,False,False,False,,2,0.33333333333333337
cdi_ca_1956_wk_prov_dbs_Part37_tables.csv,6,32,....,..,False,False,False,False,False,,2,0.5
cdi_ca_1956_wk_prov_dbs_Part37_tables.csv,6,36,1,7,False,False,False,False,False,,1,0.0
cdi_ca_1956_wk_prov_dbs_Part37_tables.csv,7,15,R.P.,..,False,False,False,False,False,,2,0.5
cdi_ca_1956_wk_prov_dbs_Part37_tables.csv,7,16,9.A,..,False,False,False,False,False,,2,0.33333333333333337
cdi_ca_1956_wk_prov_dbs_Part37_tables.csv,7,17,R.P.,..,False,False,False,False,False,,2,0.5
cdi_ca_1956_wk_prov_dbs_Part37_tables.csv,8,9,-,..,False,False,False,False,False,,2,0.0
cdi_ca_1956_wk_prov_dbs_Part37_tables.csv,8,10,,..,False,False,False,False,False,,2,0.0
cdi_ca_1956_wk_prov_dbs_Part37_tables.csv,8,11,,..,False,False,False,False,False,,2,0.0
cdi_ca_1956_wk_prov_dbs_Part37_tables.csv,8,30,-,..,False,False,False,False,False,,2,0.0
cdi_ca_1956_wk_prov_dbs_Part37_tables.csv,8,31,..R,..,False,False,False,False,False,,1,0.6666666666666667
cdi_ca_1956_wk_prov_dbs_Part37_tables.csv,8,32,a.e.,..,False,False,False,False,False,,2,0.5
cdi_ca_1956_wk_prov_dbs_Part37_tables.csv,8,36,1,9,False,False,False,False,False,,1,0.0
cdi_ca_1956_wk_prov_dbs_Part37_tables.csv,9,15,,..,False,False,False,False,False,,2,0.0
cdi_ca_1956_wk_prov_dbs_Part37_tables.csv,9,16,..A,..,False,False,False,False,False,,1,0.6666666666666667
cdi_ca_1956_wk_prov_dbs_Part37_tables.csv,9,17,,..,False,False,False,False,False,,2,0.0
cdi_ca_1956_wk_prov_dbs_Part37_tables.csv,9,27,,..,False,False,False,False,False,,2,0.0
cdi_ca_1956_wk_prov_dbs_Part37_tables.csv,9,28,..a,..,False,False,False,False,False,,1,0.6666666666666667
cdi_ca_1956_wk_prov_dbs_Part37_tables.csv,9,30,..A,..,False,False,False,False,False,,1,0.6666666666666667
cdi_ca_1956_wk_prov_dbs_Part37_tables.csv,9,31,a.e.,..,False,False,False,False,False,,2,0.5
cdi_ca_1956_wk_prov_dbs_Part37_tables.csv,10,32,6,5,False,False,False,False,False,,1,0.0
cdi_ca_1956_wk_prov_dbs_Part37_tables.csv,10,36,12,11,False,False,False,False,False,,1,0.5
cdi_ca_1956_wk_prov_dbs_Part37_tables.csv,13,9,,..,False,False,False,False,False,,2,0.0
cdi_ca_1956_wk_prov_dbs_Part37_tables.csv,13,10,,..,False,False,False,False,False,,2,0.0
cdi_ca_1956_wk_prov_dbs_Part37_tables.csv,13,11,,..,False,False,False,False,False,,2,0.0
cdi_ca_1956_wk_prov_dbs_Part37_tables.csv,13,15,P...,..,False,False,False,False,False,,2,0.5
cdi_ca_1956_wk_prov_dbs_Part37_tables.csv,13,16,,..,False,False,False,False,False,,2,0.0
cdi_ca_1956_wk_prov_dbs_Part37_tables.csv,13,17,A.P.,..,False,False,False,False,False,,2,0.5
cdi_ca_1956_wk_prov_dbs_Part37_tables.csv,13,27,,..,False,False,False,False,False,,2,0.0
cdi_ca_1956_wk_prov_dbs_Part37_tables.csv,13,28,,..,False,False,False,False,False,,2,0.0
cdi_ca_1956_wk_prov_dbs_Part37_tables.csv,13,31,9.,9,False,False,False,False,False,,1,0.5
cdi_ca_1956_wk_prov_dbs_Part37_tables.csv,14,33,16,,False,False,False,False,False,,2,0.0
cdi_ca_1956_wk_prov_dbs_Part37_tables.csv,14,36,13,15,False,False,False,False,False,,1,0.5
cdi_ca_1956_wk_prov_dbs_Part37_tables.csv,15,29,=,-,False,False,False,False,False,,1,0.0
cdi_ca_1956_wk_prov_dbs_Part37_tables.csv,15,30,$,-,False,False,False,False,False,,1,0.0
cdi_ca_1956_wk_prov_dbs_Part37_tables.csv,15,31,=,-,False,False,False,False,False,,1,0.0
cdi_ca_1956_wk_prov_dbs_Part37_tables.csv,15,32,1:,-,False,False,False,False,False,,2,0.0
cdi_ca_1956_wk_prov_dbs_Part37_tables.csv,15,33,I,-,False,False,False,False,False,,1,0.0
cdi_ca_1956_wk_prov_dbs_Part37_tables.csv,18,1,6.,6,False,False,False,False,False,,1,0.5
cdi_ca_1956_wk_prov_dbs_Part37_tables.csv,18,2,9.,9,False,False,False,False,False,,1,0.5
cdi_ca_1956_wk_prov_dbs_Part37_tables.csv,19,22,1,,False,False,False,False,False,,1,0.0
cdi_ca_1956_wk_prov_dbs_Part37_tables.csv,20,15,R.P.,..,False,False,False,False,False,,2,0.5
cdi_ca_1956_wk_prov_dbs_Part37_tables.csv,20,16,...,..,False,False,False,False,False,,1,0.6666666666666667
cdi_ca_1956_wk_prov_dbs_Part37_tables.csv,20,17,R.P.,..,False,False,False,False,False,,2,0.5
cdi_ca_1956_wk_prov_dbs_Part37_tables.csv,20,18,P...,..,False,False,False,False,False,,2,0.5
cdi_ca_1956_wk_prov_dbs_Part37_tables.csv,20,19,R.P.,..,False,False,False,False,False,,2,0.5
cdi_ca_1956_wk_prov_dbs_Part37_tables.csv,20,30,...,..,False,False,False,False,False,,1,0.6666666666666667
cdi_ca_1956_wk_prov_dbs_Part37_tables.csv,20,31,R.P.,..,False,False,False,False,False,,2,0.5
cdi_ca_1956_wk_prov_dbs_Part37_tables.csv,20,32,T.R,..,False,False,False,False,False,,2,0.33333333333333337
cdi_ca_1956_wk_prov_dbs_Part37_tables.csv,22,36,-,23,False,False,False,False,False,,2,0.0
cdi_ca_1956_wk_prov_dbs_Part37_tables.csv,25,16,5.,5,False,False,False,False,False,,1,0.5
cdi_ca_1956_wk_prov_dbs_Part38_tables.csv,0,15,:.,..,False,False,False,False,False,,1,0.5
cdi_ca_1956_wk_prov_dbs_Part38_tables.csv,0,16,:.,..,False,False,False,False,False,,1,0.5
cdi_ca_1956_wk_prov_dbs_Part38_tables.csv,0,17,:.,..,False,False,False,False,False,,1,0.5
cdi_ca_1956_wk_prov_dbs_Part38_tables.csv,0,28,:,..,False,False,False,False,False,,2,0.0
cdi_ca_1956_wk_prov_dbs_Part38_tables.csv,0,31,....,..,False,False,False,False,False,,2,0.5
cdi_ca_1956_wk_prov_dbs_Part38_tables.csv,2,17,...,..,False,False,False,False,False,,1,0.6666666666666667
cdi_ca_1956_wk_prov_dbs_Part38_tables.csv,2,18,...,..,False,False,False,False,False,,1,0.6666666666666667
cdi_ca_1956_wk_prov_dbs_Part38_tables.csv,2,19,...,..,False,False,False,False,False,,1,0.6666666666666667
cdi_ca_1956_wk_prov_dbs_Part38_tables.csv,3,15,...,..,False,False,False,False,False,,1,0.6666666666666667
cdi_ca_1956_wk_prov_dbs_Part38_tables.csv,3,16,...,..,False,False,False,False,False,,1,0.6666666666666667
cdi_ca_1956_wk_prov_dbs_Part38_tables.csv,3,17,...,..,False,False,False,False,False,,1,0.6666666666666667
cdi_ca_1956_wk_prov_dbs_Part38_tables.csv,3,18,9.8,..,False,False,False,False,False,,2,0.33333333333333337
cdi_ca_1956_wk_prov_dbs_Part38_tables.csv,4,15,*.9,..,False,False,False,False,False,,2,0.33333333333333337
cdi_ca_1956_wk_prov_dbs_Part38_tables.csv,4,16,...,..,False,False,False,False,False,,1,0.6666666666666667
cdi_ca_1956_wk_prov_dbs_Part38_tables.csv,4,19,...,..,False,False,False,False,False,,1,0.6666666666666667
cdi_ca_1956_wk_prov_dbs_Part38_tables.csv,5,9,-,..,False,False,False,False,False,,2,0.0
cdi_ca_1956_wk_prov_dbs_Part38_tables.csv,5,10,,..,False,False,False,False,False,,2,0.0
cdi_ca_1956_wk_prov_dbs_Part38_tables.csv,5,11,...,..,False,False,False,False,False,,1,0.6666666666666667
cdi_ca_1956_wk_prov_dbs_Part38_tables.csv,5,18,-,..,False,False,False,False,False,,2,0.0
cdi_ca_1956_wk_prov_dbs_Part38_tables.csv,5,19,...,..,False,False,False,False,False,,1,0.6666666666666667
cdi_ca_1956_wk_prov_dbs_Part38_tables.csv,5,20,R.O.,..,False,False,False,False,False,,2,0.5
cdi_ca_1956_wk_prov_dbs_Part38_tables.csv,5,23,1,..,False,False,False,False,False,,2,0.0
cdi_ca_1956_wk_prov_dbs_Part38_tables.csv,5,36,-,6,False,False,False,False,False,,1,0.0
cdi_ca_1956_wk_prov_dbs_Part38_tables.csv,6,6,"9,203",..,False,False,False,False,False,,5,0.0
cdi_ca_1956_wk_prov_dbs_Part38_tables.csv,6,7,**,..,False,False,False,False,False,,2,0.0
cdi_ca_1956_wk_prov_dbs_Part38_tables.csv,6,8,...,..,False,False,False,False,False,,1,0.6666666666666667
cdi_ca_1956_wk_prov_dbs_Part38_tables.csv,6,11,25,..,False,False,False,False,False,,2,0.0
cdi_ca_1956_wk_prov_dbs_Part38_tables.csv,6,30,-,..,False,False,False,False,False,,2,0.0
cdi_ca_1956_wk_prov_dbs_Part38_tables.csv,6,31,...,..,False,False,False,False,False,,1,0.6666666666666667
cdi_ca_1956_wk_prov_dbs_Part38_tables.csv,6,32,a.e.,..,False,False,False,False,False,,2,0.5
cdi_ca_1956_wk_prov_dbs_Part38_tables.csv,6,36,-,7,False,False,False,False,False,,1,0.0
cdi_ca_1956_wk_prov_dbs_Part38_tables.csv,7,15,...,..,False,False,False,False,False,,1,0.6666666666666667
cdi_ca_1956_wk_prov_dbs_Part38_tables.csv,7,27,...,..,False,False,False,False,False,,1,0.6666666666666667
cdi_ca_1956_wk_prov_dbs_Part38_tables.csv,8,30,-,..,False,False,False,False,False,,2,0.0
cdi_ca_1956_wk_prov_dbs_Part38_tables.csv,8,31,9.8,..,False,False,False,False,False,,2,0.33333333333333337
cdi_ca_1956_wk_prov_dbs_Part38_tables.csv,8,36,-,9,False,False,False,False,False,,1,0.0
cdi_ca_1956_wk_prov_dbs_Part38_tables.csv,9,15,R.P,..,False,False,False,False,False,,2,0.33333333333333337
cdi_ca_1956_wk_prov_dbs_Part38_tables.csv,9,29,8,,False,False,False,False,False,,1,0.0
cdi_ca_1956_wk_prov_dbs_Part38_tables.csv,9,30,...,..,False,False,False,False,False,,1,0.6666666666666667
cdi_ca_1956_wk_prov_dbs_Part38_tables.csv,9,31,R.O.,..,False,False,False,False,False,,2,0.5
cdi_ca_1956_wk_prov_dbs_Part38_tables.csv,10,36,15,11,False,False,False,False,False,,1,0.5
cdi_ca_1956_wk_prov_dbs_Part38_tables.csv,13,10,...,..,False,False,False,False,False,,1,0.6666666666666667
cdi_ca_1956_wk_prov_dbs_Part38_tables.csv,13,11,...,..,False,False,False,False,False,,1,0.6666666666666667
cdi_ca_1956_wk_prov_dbs_Part38_tables.csv,13,16,:.,..,False,False,False,False,False,,1,0.5
cdi_ca_1956_wk_prov_dbs_Part38_tables.csv,13,17,,..,False,False,False,False,False,,2,0.0
cdi_ca_1956_wk_prov_dbs_Part38_tables.csv,14,36,7,15,False,False,False,False,False,,2,0.0
cdi_ca_1956_wk_prov_dbs_Part38_tables.csv,18,30,...,..,False,False,False,False,False,,1,0.6666666666666667
cdi_ca_1956_wk_prov_dbs_Part38_tables.csv,20,15,A.O.,..,False,False,False,False,False,,2,0.5
cdi_ca_1956_wk_prov_dbs_Part38_tables.csv,20,16,...,..,False,False,False,False,False,,1,0.6666666666666667
cdi_ca_1956_wk_prov_dbs_Part38_tables.csv,20,17,a.a,..,False,False,False,False,False,,2,0.33333333333333337
cdi_ca_1956_wk_prov_dbs_Part38_tables.csv,20,18,...,..,False,False,False,False,False,,1,0.6666666666666667
cdi_ca_1956_wk_prov_dbs_Part38_tables.csv,20,19,...,..,False,False,False,False,False,,1,0.6666666666666667
cdi_ca_1956_wk_prov_dbs_Part38_tables.csv,20,30,..a,..,False,False,False,False,False,,1,0.6666666666666667
cdi_ca_1956_wk_prov_dbs_Part38_tables.csv,20,31,a.e.,..,False,False,False,False,False,,2,0.5
cdi_ca_1956_wk_prov_dbs_Part38_tables.csv,20,32,,..,False,False,False,False,False,,2,0.0
cdi_ca_1956_wk_prov_dbs_Part38_tables.csv,20,34,-:,-,False,False,False,False,False,,1,0.5
cdi_ca_1956_wk_prov_dbs_Part38_tables.csv,20,35,$,-,False,False,False,False,False,,1,0.0
cdi_ca_1956_wk_prov_dbs_Part38_tables.csv,22,36,-,23,False,False,False,False,False,,2,0.0
cdi_ca_1956_wk_prov_dbs_Part38_tables.csv,24,28,3,,False,False,False,False,False,,1,0.0
cdi_ca_1956_wk_prov_dbs_Part39_tables.csv,0,15,: .,..,False,False,False,False,False,,2,0.33333333333333337
cdi_ca_1956_wk_prov_dbs_Part39_tables.csv,0,16,:,..,False,False,False,False,False,,2,0.0
cdi_ca_1956_wk_prov_dbs_Part39_tables.csv,0,17,:,..,False,False,False,False,False,,2,0.0
cdi_ca_1956_wk_prov_dbs_Part39_tables.csv,0,27,...,..,False,False,False,False,False,,1,0.6666666666666667
cdi_ca_1956_wk_prov_dbs_Part39_tables.csv,0,30,...,..,False,False,False,False,False,,1,0.6666666666666667
cdi_ca_1956_wk_prov_dbs_Part39_tables.csv,0,31,....,..,False,False,False,False,False,,2,0.5
cdi_ca_1956_wk_prov_dbs_Part39_tables.csv,2,17,....,..,False,False,False,False,False,,2,0.5
cdi_ca_1956_wk_prov_dbs_Part39_tables.csv,2,18,...,.,False,False,False,False,False,,2,0.33333333333333337
cdi_ca_1956_wk_prov_dbs_Part39_tables.csv,2,19,....,..,False,False,False,False,False,,2,0.5
cdi_ca_1956_wk_prov_dbs_Part39_tables.csv,2,20,..R,..,False,False,False,False,False,,1,0.6666666666666667
cdi_ca_1956_wk_prov_dbs_Part39_tables.csv,3,17,...,..,False,False,False,False,False,,1,0.6666666666666667
cdi_ca_1956_wk_prov_dbs_Part39_tables.csv,3,18,9.8,..,False,False,False,False,False,,2,0.33333333333333337
cdi_ca_1956_wk_prov_dbs_Part39_tables.csv,3,19,P...,..,False,False,False,False,False,,2,0.5
cdi_ca_1956_wk_prov_dbs_Part39_tables.csv,3,20,...,..,False,False,False,False,False,,1,0.6666666666666667
cdi_ca_1956_wk_prov_dbs_Part39_tables.csv,4,16,9.A,..,False,False,False,False,False,,2,0.33333333333333337
cdi_ca_1956_wk_prov_dbs_Part39_tables.csv,4,17,P...,..,False,False,False,False,False,,2,0.5
cdi_ca_1956_wk_prov_dbs_Part39_tables.csv,4,18,...,..,False,False,False,False,False,,1,0.6666666666666667
cdi_ca_1956_wk_prov_dbs_Part39_tables.csv,4,19,R.P.,..,False,False,False,False,False,,2,0.5
cdi_ca_1956_wk_prov_dbs_Part39_tables.csv,4,20,**,..,False,False,False,False,False,,2,0.0
cdi_ca_1956_wk_prov_dbs_Part39_tables.csv,5,18,-,..,False,False,False,False,False,,2,0.0
cdi_ca_1956_wk_prov_dbs_Part39_tables.csv,5,19,:,..,False,False,False,False,False,,2,0.0
cdi_ca_1956_wk_prov_dbs_Part39_tables.csv,5,36,-,6,False,False,False,False,False,,1,0.0
cdi_ca_1956_wk_prov_dbs_Part39_tables.csv,6,6,"9,214",..,False,False,False,False,False,,5,0.0
cdi_ca_1956_wk_prov_dbs_Part39_tables.csv,6,7,,..,False,False,False,False,False,,2,0.0
cdi_ca_1956_wk_prov_dbs_Part39_tables.csv,6,8,...,..,False,False,False,False,False,,1,0.6666666666666667
cdi_ca_1956_wk_prov_dbs_Part39_tables.csv,6,30,-,..,False,False,False,False,False,,2,0.0
cdi_ca_1956_wk_prov_dbs_Part39_tables.csv,6,31,9.8,..,False,False,False,False,False,,2,0.33333333333333337
cdi_ca_1956_wk_prov_dbs_Part39_tables.csv,6,32,....,..,False,False,False,False,False,,2,0.5
cdi_ca_1956_wk_prov_dbs_Part39_tables.csv,6,36,1,7,False,False,False,False,False,,1,0.0
cdi_ca_1956_wk_prov_dbs_Part39_tables.csv,7,15,..,.,False,False,False,False,False,,1,0.5
cdi_ca_1956_wk_prov_dbs_Part39_tables.csv,7,16,...,..,False,False,False,False,False,,1,0.6666666666666667
cdi_ca_1956_wk_prov_dbs_Part39_tables.csv,7,17,....,..,False,False,False,False,False,,2,0.5
cdi_ca_1956_wk_prov_dbs_Part39_tables.csv,7,29,9.,9,False,False,False,False,False,,1,0.5
cdi_ca_1956_wk_prov_dbs_Part39_tables.csv,8,9,-,..,False,False,False,False,False,,2,0.0
cdi_ca_1956_wk_prov_dbs_Part39_tables.csv,8,10,P.R,..,False,False,False,False,False,,2,0.33333333333333337
cdi_ca_1956_wk_prov_dbs_Part39_tables.csv,8,11,...,..,False,False,False,False,False,,1,0.6666666666666667
cdi_ca_1956_wk_prov_dbs_Part39_tables.csv,8,32,R.O.,..,False,False,False,False,False,,2,0.5
cdi_ca_1956_wk_prov_dbs_Part39_tables.csv,8,36,-,9,False,False,False,False,False,,1,0.0
cdi_ca_1956_wk_prov_dbs_Part39_tables.csv,9,15,R.P.,..,False,False,False,False,False,,2,0.5
cdi_ca_1956_wk_prov_dbs_Part39_tables.csv,9,16,9.R,..,False,False,False,False,False,,2,0.33333333333333337
cdi_ca_1956_wk_prov_dbs_Part39_tables.csv,9,17,...,..,False,False,False,False,False,,1,0.6666666666666667
cdi_ca_1956_wk_prov_dbs_Part39_tables.csv,9,24,9,0,False,False,False,False,False,,1,0.0
cdi_ca_1956_wk_prov_dbs_Part39_tables.csv,9,28,P.A,..,False,False,False,False,False,,2,0.33333333333333337
cdi_ca_1956_wk_prov_dbs_Part39_tables.csv,9,30,..A,..,False,False,False,False,False,,1,0.6666666666666667
cdi_ca_1956_wk_prov_dbs_Part39_tables.csv,9,31,A.O.,..,False,False,False,False,False,,2,0.5
cdi_ca_1956_wk_prov_dbs_Part39_tables.csv,10,36,10,11,False,False,False,False,False,,1,0.5
cdi_ca_1956_wk_prov_dbs_Part39_tables.csv,13,9,...,..,False,False,False,False,False,,1,0.6666666666666667
cdi_ca_1956_wk_prov_dbs_Part39_tables.csv,13,10,...,..,False,False,False,False,False,,1,0.6666666666666667
cdi_ca_1956_wk_prov_dbs_Part39_tables.csv,13,11,,..,False,False,False,False,False,,2,0.0
cdi_ca_1956_wk_prov_dbs_Part39_tables.csv,13,15,....,..,False,False,False,False,False,,2,0.5
cdi_ca_1956_wk_prov_dbs_Part39_tables.csv,13,16,...,..,False,False,False,False,False,,1,0.6666666666666667
cdi_ca_1956_wk_prov_dbs_Part39_tables.csv,13,17,,..,False,False,False,False,False,,2,0.0
cdi_ca_1956_wk_prov_dbs_Part39_tables.csv,13,28,9.8,..,False,False,False,False,False,,2,0.33333333333333337
cdi_ca_1956_wk_prov_dbs_Part39_tables.csv,13,29,R.P.,..,False,False,False,False,False,,2,0.5
cdi_ca_1956_wk_prov_dbs_Part39_tables.csv,14,36,16,15,False,False,False,False,False,,1,0.5
cdi_ca_1956_wk_prov_dbs_Part39_tables.csv,15,34,-,,False,False,False,False,False,,1,0.0
cdi_ca_1956_wk_prov_dbs_Part39_tables.csv,18,30,...,..,False,False,False,False,False,,1,0.6666666666666667
cdi_ca_1956_wk_prov_dbs_Part39_tables.csv,18,31,a.e,..,False,False,False,False,False,,2,0.33333333333333337
cdi_ca_1956_wk_prov_dbs_Part39_tables.csv,20,17,,..,False,False,False,False,False,,2,0.0
cdi_ca_1956_wk_prov_dbs_Part39_tables.csv,20,19,...,..,False,False,False,False,False,,1,0.6666666666666667
cdi_ca_1956_wk_prov_dbs_Part39_tables.csv,20,30,A.A,..,False,False,False,False,False,,2,0.33333333333333337
cdi_ca_1956_wk_prov_dbs_Part39_tables.csv,20,31,,..,False,False,False,False,False,,2,0.0
cdi_ca_1956_wk_prov_dbs_Part39_tables.csv,20,32,a.a,..,False,False,False,False,False,,2,0.33333333333333337
cdi_ca_1956_wk_prov_dbs_Part39_tables.csv,20,34,I,-,False,False,False,False,False,,1,0.0
cdi_ca_1956_wk_prov_dbs_Part39_tables.csv,20,35,I,-,False,False,False,False,False,,1,0.0
cdi_ca_1956_wk_prov_dbs_Part39_tables.csv,22,36,-,23,False,False,False,False,False,,2,0.0
cdi_ca_1956_wk_prov_dbs_Part39_tables.csv,24,1,We,44,False,False,False,False,False,,2,0.0
cdi_ca_1956_wk_prov_dbs_Part39_tables.csv,26,0,- 170,-,False,False,False,False,False,,4,0.19999999999999996
cdi_ca_1956_wk_prov_dbs_Part39_tables.csv,26,1,- 191,-,False,False,False,False,False,,4,0.19999999999999996
cdi_ca_1956_wk_prov_dbs_Part39_tables.csv,26,2,1 221,1,False,False,False,False,False,,4,0.19999999999999996
cdi_ca_1956_wk_prov_dbs_Part39_tables.csv,26,3,"8 ""6",8,False,False,False,False,False,,3,0.25
cdi_ca_1956_wk_prov_dbs_Part39_tables.csv,26,4,"460""",18,False,False,False,False,False,,4,0.0
cdi_ca_1956_wk_prov_dbs_Part39_tables.csv,26,5,"18 ""10",16,False,False,False,False,False,,5,0.16666666666666663
cdi_ca_1956_wk_prov_dbs_Part39_tables.csv,26,6,"369""",-,False,False,False,False,False,,4,0.0
cdi_ca_1956_wk_prov_dbs_Part39_tables.csv,26,7,"16 ""6",-,False,False,False,False,False,,5,0.0
cdi_ca_1956_wk_prov_dbs_Part39_tables.csv,26,8,"633""",-,False,False,False,False,False,,4,0.0
cdi_ca_1956_wk_prov_dbs_Part39_tables.csv,26,9,- -,-,False,False,False,False,False,,2,0.33333333333333337
cdi_ca_1956_wk_prov_dbs_Part39_tables.csv,26,10,- -,-,False,False,False,False,False,,2,0.33333333333333337
cdi_ca_1956_wk_prov_dbs_Part39_tables.csv,26,11,- -,-,False,False,False,False,False,,2,0.33333333333333337
cdi_ca_1956_wk_prov_dbs_Part39_tables.csv,26,12,- 1,-,False,False,False,False,False,,2,0.33333333333333337
cdi_ca_1956_wk_prov_dbs_Part39_tables.csv,26,13,- 1,-,False,False,False,False,False,,2,0.33333333333333337
cdi_ca_1956_wk_prov_dbs_Part39_tables.csv,26,14,- -,-,False,False,False,False,False,,2,0.33333333333333337
cdi_ca_1956_wk_prov_dbs_Part39_tables.csv,26,15,- -,-,False,False,False,False,False,,2,0.33333333333333337
cdi_ca_1956_wk_prov_dbs_Part39_tables.csv,26,16,- 2,-,False,False,False,False,False,,2,0.33333333333333337
cdi_ca_1956_wk_prov_dbs_Part39_tables.csv,26,17,- 8,-,False,False,False,False,False,,2,0.33333333333333337
cdi_ca_1956_wk_prov_dbs_Part39_tables.csv,26,18,- -,-,False,False,False,False,False,,2,0.33333333333333337
cdi_ca_1956_wk_prov_dbs_Part39_tables.csv,26,19,- 2,-,False,False,False,False,False,,2,0.33333333333333337
cdi_ca_1956_wk_prov_dbs_Part39_tables.csv,26,20,- 1,-,False,False,False,False,False,,2,0.33333333333333337
cdi_ca_1956_wk_prov_dbs_Part39_tables.csv,26,21,- 103,-,False,False,False,False,False,,4,0.19999999999999996
cdi_ca_1956_wk_prov_dbs_Part39_tables.csv,26,22,- 112,-,False,False,False,False,False,,4,0.19999999999999996
cdi_ca_1956_wk_prov_dbs_Part39_tables.csv,26,23,- 79,-,False,False,False,False,False,,3,0.25
cdi_ca_1956_wk_prov_dbs_Part39_tables.csv,26,24,- 18,-,False,False,False,False,False,,3,0.25
cdi_ca_1956_wk_prov_dbs_Part39_tables.csv,26,25,- 25,-,False,False,False,False,False,,3,0.25
cdi_ca_1956_wk_prov_dbs_Part39_tables.csv,26,26,- 60,-,False,False,False,False,False,,3,0.25
cdi_ca_1956_wk_prov_dbs_Part39_tables.csv,26,27,- 19,-,False,False,False,False,False,,3,0.25
cdi_ca_1956_wk_prov_dbs_Part39_tables.csv,26,28,- 4,-,False,False,False,False,False,,2,0.33333333333333337
cdi_ca_1956_wk_prov_dbs_Part39_tables.csv,26,29,- 13,-,False,False,False,False,False,,3,0.25
cdi_ca_1956_wk_prov_dbs_Part39_tables.csv,26,30,- 14,-,False,False,False,False,False,,3,0.25
cdi_ca_1956_wk_prov_dbs_Part39_tables.csv,26,31,- 11,-,False,False,False,False,False,,3,0.25
cdi_ca_1956_wk_prov_dbs_Part39_tables.csv,26,32,- 6,-,False,False,False,False,False,,2,0.33333333333333337
cdi_ca_1956_wk_prov_dbs_Part39_tables.csv,26,33,- 5,-,False,False,False,False,False,,2,0.33333333333333337
cdi_ca_1956_wk_prov_dbs_Part39_tables.csv,26,34,- 15,-,False,False,False,False,False,,3,0.25
cdi_ca_1956_wk_prov_dbs_Part39_tables.csv,26,35,- 15,-,False,False,False,False,False,,3,0.25
cdi_ca_1956_wk_prov_dbs_Part39_tables.csv,26,36,- 10,27,False,False,False,False,False,,4,0.0
cdi_ca_1956_wk_prov_dbs_Part39_tables.csv,27,0,FILLER,170,False,False,False,False,False,,6,0.0
cdi_ca_1956_wk_prov_dbs_Part39_tables.csv,27,1,FILLER,191,False,False,False,False,False,,6,0.0
cdi_ca_1956_wk_prov_dbs_Part39_tables.csv,27,2,FILLER,221,False,False,False,False,False,,6,0.0
cdi_ca_1956_wk_prov_dbs_Part39_tables.csv,27,3,FILLER,6460,False,False,False,False,False,,6,0.0
cdi_ca_1956_wk_prov_dbs_Part39_tables.csv,27,4,FILLER,10369,False,False,False,False,False,,6,0.0
cdi_ca_1956_wk_prov_dbs_Part39_tables.csv,27,5,FILLER,6633,False,False,False,False,False,,6,0.0
cdi_ca_1956_wk_prov_dbs_Part39_tables.csv,27,6,FILLER,-,False,False,False,False,False,,6,0.0
cdi_ca_1956_wk_prov_dbs_Part39_tables.csv,27,7,FILLER,-,False,False,False,False,False,,6,0.0
cdi_ca_1956_wk_prov_dbs_Part39_tables.csv,27,8,FILLER,-,False,False,False,False,False,,6,0.0
cdi_ca_1956_wk_prov_dbs_Part39_tables.csv,27,9,FILLER,1,False,False,False,False,False,,6,0.0
cdi_ca_1956_wk_prov_dbs_Part39_tables.csv,27,10,FILLER,1,False,False,False,False,False,,6,0.0
cdi_ca_1956_wk_prov_dbs_Part39_tables.csv,27,11,FILLER,-,False,False,False,False,False,,6,0.0
cdi_ca_1956_wk_prov_dbs_Part39_tables.csv,27,12,FILLER,-,False,False,False,False,False,,6,0.0
cdi_ca_1956_wk_prov_dbs_Part39_tables.csv,27,13,FILLER,2,False,False,False,False,False,,6,0.0
cdi_ca_1956_wk_prov_dbs_Part39_tables.csv,27,14,FILLER,8,False,False,False,False,False,,6,0.0
cdi_ca_1956_wk_prov_dbs_Part39_tables.csv,27,15,FILLER,-,False,False,False,False,False,,6,0.0
cdi_ca_1956_wk_prov_dbs_Part39_tables.csv,27,16,FILLER,2,False,False,False,False,False,,6,0.0
cdi_ca_1956_wk_prov_dbs_Part39_tables.csv,27,17,FILLER,1,False,False,False,False,False,,6,0.0
cdi_ca_1956_wk_prov_dbs_Part39_tables.csv,27,18,FILLER,103,False,False,False,False,False,,6,0.0
cdi_ca_1956_wk_prov_dbs_Part39_tables.csv,27,19,FILLER,112,False,False,False,False,False,,6,0.0
cdi_ca_1956_wk_prov_dbs_Part39_tables.csv,27,20,FILLER,79,False,False,False,False,False,,6,0.0
cdi_ca_1956_wk_prov_dbs_Part39_tables.csv,27,21,FILLER,18,False,False,False,False,False,,6,0.0
cdi_ca_1956_wk_prov_dbs_Part39_tables.csv,27,22,FILLER,25,False,False,False,False,False,,6,0.0
cdi_ca_1956_wk_prov_dbs_Part39_tables.csv,27,23,FILLER,60,False,False,False,False,False,,6,0.0
cdi_ca_1956_wk_prov_dbs_Part39_tables.csv,27,24,FILLER,19,False,False,False,False,False,,6,0.0
cdi_ca_1956_wk_prov_dbs_Part39_tables.csv,27,25,FILLER,4,False,False,False,False,False,,6,0.0
cdi_ca_1956_wk_prov_dbs_Part39_tables.csv,27,26,FILLER,13,False,False,False,False,False,,6,0.0
cdi_ca_1956_wk_prov_dbs_Part39_tables.csv,27,27,FILLER,14,False,False,False,False,False,,6,0.0
cdi_ca_1956_wk_prov_dbs_Part39_tables.csv,27,28,FILLER,11,False,False,False,False,False,,6,0.0
cdi_ca_1956_wk_prov_dbs_Part39_tables.csv,27,29,FILLER,6,False,False,False,False,False,,6,0.0
cdi_ca_1956_wk_prov_dbs_Part39_tables.csv,27,30,FILLER,5,False,False,False,False,False,,6,0.0
cdi_ca_1956_wk_prov_dbs_Part39_tables.csv,27,31,FILLER,15,False,False,False,False,False,,6,0.0
cdi_ca_1956_wk_prov_dbs_Part39_tables.csv,27,32,FILLER,15,False,False,False,False,False,,6,0.0
cdi_ca_1956_wk_prov_dbs_Part39_tables.csv,27,33,FILLER,10,False,False,False,False,False,,6,0.0
cdi_ca_1956_wk_prov_dbs_Part39_tables.csv,27,34,FILLER,19,False,False,False,False,False,,6,0.0
cdi_ca_1956_wk_prov_dbs_Part39_tables.csv,27,35,FILLER,15,False,False,False,False,False,,6,0.0
cdi_ca_1956_wk_prov_dbs_Part39_tables.csv,27,36,FILLER,28,False,False,False,False,False,,6,0.0
cdi_ca_1956_wk_prov_dbs_Part40_tables.csv,0,17,**,..,False,False,False,False,False,,2,0.0
cdi_ca_1956_wk_prov_dbs_Part40_tables.csv,0,28,A.R.,..,False,False,False,False,False,,2,0.5
cdi_ca_1956_wk_prov_dbs_Part40_tables.csv,0,30,,..,False,False,False,False,False,,2,0.0
cdi_ca_1956_wk_prov_dbs_Part40_tables.csv,0,31,,..,False,False,False,False,False,,2,0.0
cdi_ca_1956_wk_prov_dbs_Part40_tables.csv,1,23,I,-,False,False,False,False,False,,1,0.0
cdi_ca_1956_wk_prov_dbs_Part40_tables.csv,1,29,=,-,False,False,False,False,False,,1,0.0
cdi_ca_1956_wk_prov_dbs_Part40_tables.csv,1,30,R.A. 1,-,False,False,False,False,False,,6,0.0
cdi_ca_1956_wk_prov_dbs_Part40_tables.csv,1,31,... -,-,False,False,False,False,False,,4,0.19999999999999996
cdi_ca_1956_wk_prov_dbs_Part40_tables.csv,1,32,I,-,False,False,False,False,False,,1,0.0
cdi_ca_1956_wk_prov_dbs_Part40_tables.csv,1,33,1,-,False,False,False,False,False,,1,0.0
cdi_ca_1956_wk_prov_dbs_Part40_tables.csv,1,34,,-,False,False,False,False,False,,1,0.0
cdi_ca_1956_wk_prov_dbs_Part40_tables.csv,1,35,I,-,False,False,False,False,False,,1,0.0
cdi_ca_1956_wk_prov_dbs_Part40_tables.csv,2,15,...,..,False,False,False,False,False,,1,0.6666666666666667
cdi_ca_1956_wk_prov_dbs_Part40_tables.csv,2,19,...,..,False,False,False,False,False,,1,0.6666666666666667
cdi_ca_1956_wk_prov_dbs_Part40_tables.csv,2,29,I,-,False,False,False,False,False,,1,0.0
cdi_ca_1956_wk_prov_dbs_Part40_tables.csv,2,33,1:,-,False,False,False,False,False,,2,0.0
cdi_ca_1956_wk_prov_dbs_Part40_tables.csv,2,34,= 5.,5,False,False,False,False,False,,3,0.25
cdi_ca_1956_wk_prov_dbs_Part40_tables.csv,3,15,...,..,False,False,False,False,False,,1,0.6666666666666667
cdi_ca_1956_wk_prov_dbs_Part40_tables.csv,3,16,,..,False,False,False,False,False,,2,0.0
cdi_ca_1956_wk_prov_dbs_Part40_tables.csv,3,17,a.,..,False,False,False,False,False,,1,0.5
cdi_ca_1956_wk_prov_dbs_Part40_tables.csv,3,18,.A,..,False,False,False,False,False,,1,0.5
cdi_ca_1956_wk_prov_dbs_Part40_tables.csv,3,19,...,..,False,False,False,False,False,,1,0.6666666666666667
cdi_ca_1956_wk_prov_dbs_Part40_tables.csv,3,20,a.a,..,False,False,False,False,False,,2,0.33333333333333337
cdi_ca_1956_wk_prov_dbs_Part40_tables.csv,3,31,if,-,False,False,False,False,False,,2,0.0
cdi_ca_1956_wk_prov_dbs_Part40_tables.csv,3,32,I,-,False,False,False,False,False,,1,0.0
cdi_ca_1956_wk_prov_dbs_Part40_tables.csv,3,33,,-,False,False,False,False,False,,1,0.0
cdi_ca_1956_wk_prov_dbs_Part40_tables.csv,3,34,I,-,False,False,False,False,False,,1,0.0
cdi_ca_1956_wk_prov_dbs_Part40_tables.csv,3,35,1,-,False,False,False,False,False,,1,0.0
cdi_ca_1956_wk_prov_dbs_Part40_tables.csv,4,15,a.e,..,False,False,False,False,False,,2,0.33333333333333337
cdi_ca_1956_wk_prov_dbs_Part40_tables.csv,4,17,a.s.,..,False,False,False,False,False,,2,0.5
cdi_ca_1956_wk_prov_dbs_Part40_tables.csv,4,18,...,..,False,False,False,False,False,,1,0.6666666666666667
cdi_ca_1956_wk_prov_dbs_Part40_tables.csv,4,19,,..,False,False,False,False,False,,2,0.0
cdi_ca_1956_wk_prov_dbs_Part40_tables.csv,4,33,$ :,-,False,False,False,False,False,,3,0.0
cdi_ca_1956_wk_prov_dbs_Part40_tables.csv,5,6,32,-,False,False,False,False,False,,2,0.0
cdi_ca_1956_wk_prov_dbs_Part40_tables.csv,5,9,-,..,False,False,False,False,False,,2,0.0
cdi_ca_1956_wk_prov_dbs_Part40_tables.csv,5,10,,..,False,False,False,False,False,,2,0.0
cdi_ca_1956_wk_prov_dbs_Part40_tables.csv,5,11,,..,False,False,False,False,False,,2,0.0
cdi_ca_1956_wk_prov_dbs_Part40_tables.csv,5,20,,..,False,False,False,False,False,,2,0.0
cdi_ca_1956_wk_prov_dbs_Part40_tables.csv,5,23,3,..,False,False,False,False,False,,2,0.0
cdi_ca_1956_wk_prov_dbs_Part40_tables.csv,5,24,,-,False,False,False,False,False,,1,0.0
cdi_ca_1956_wk_prov_dbs_Part40_tables.csv,5,26,4,-,False,False,False,False,False,,1,0.0
cdi_ca_1956_wk_prov_dbs_Part40_tables.csv,5,33,:,-,False,False,False,False,False,,1,0.0
cdi_ca_1956_wk_prov_dbs_Part40_tables.csv,5,34,,-,False,False,False,False,False,,1,0.0
cdi_ca_1956_wk_prov_dbs_Part40_tables.csv,5,35,,-,False,False,False,False,False,,1,0.0
cdi_ca_1956_wk_prov_dbs_Part40_tables.csv,5,36,,6,False,False,False,False,False,,1,0.0
cdi_ca_1956_wk_prov_dbs_Part40_tables.csv,6,6,"9,296",..,False,False,False,False,False,,5,0.0
cdi_ca_1956_wk_prov_dbs_Part40_tables.csv,6,7,...,..,False,False,False,False,False,,1,0.6666666666666667
cdi_ca_1956_wk_prov_dbs_Part40_tables.csv,6,8,...,..,False,False,False,False,False,,1,0.6666666666666667
cdi_ca_1956_wk_prov_dbs_Part40_tables.csv,6,15,47,..,False,False,False,False,False,,2,0.0
cdi_ca_1956_wk_prov_dbs_Part40_tables.csv,6,30,-,..,False,False,False,False,False,,2,0.0
cdi_ca_1956_wk_prov_dbs_Part40_tables.csv,6,31,R.P.,..,False,False,False,False,False,,2,0.5
cdi_ca_1956_wk_prov_dbs_Part40_tables.csv,6,32,...,..,False,False,False,False,False,,1,0.6666666666666667
cdi_ca_1956_wk_prov_dbs_Part40_tables.csv,6,34,3,-,False,False,False,False,False,,1,0.0
cdi_ca_1956_wk_prov_dbs_Part40_tables.csv,6,35,E -,1,False,False,False,False,False,,3,0.0
cdi_ca_1956_wk_prov_dbs_Part40_tables.csv,6,36,E 1,7,False,False,False,False,False,,3,0.0
cdi_ca_1956_wk_prov_dbs_Part40_tables.csv,7,9,...,..,False,False,False,False,False,,1,0.6666666666666667
cdi_ca_1956_wk_prov_dbs_Part40_tables.csv,7,10,...,..,False,False,False,False,False,,1,0.6666666666666667
cdi_ca_1956_wk_prov_dbs_Part40_tables.csv,7,15,A..,..,False,False,False,False,False,,1,0.6666666666666667
cdi_ca_1956_wk_prov_dbs_Part40_tables.csv,7,16,9.8,..,False,False,False,False,False,,2,0.33333333333333337
cdi_ca_1956_wk_prov_dbs_Part40_tables.csv,7,17,....,..,False,False,False,False,False,,2,0.5
cdi_ca_1956_wk_prov_dbs_Part40_tables.csv,8,30,-,..,False,False,False,False,False,,2,0.0
cdi_ca_1956_wk_prov_dbs_Part40_tables.csv,8,31,..a,..,False,False,False,False,False,,1,0.6666666666666667
cdi_ca_1956_wk_prov_dbs_Part40_tables.csv,8,32,...,..,False,False,False,False,False,,1,0.6666666666666667
cdi_ca_1956_wk_prov_dbs_Part40_tables.csv,8,36,1,9,False,False,False,False,False,,1,0.0
cdi_ca_1956_wk_prov_dbs_Part40_tables.csv,9,9,...,..,False,False,False,False,False,,1,0.6666666666666667
cdi_ca_1956_wk_prov_dbs_Part40_tables.csv,9,10,...,..,False,False,False,False,False,,1,0.6666666666666667
cdi_ca_1956_wk_prov_dbs_Part40_tables.csv,9,11,...,..,False,False,False,False,False,,1,0.6666666666666667
cdi_ca_1956_wk_prov_dbs_Part40_tables.csv,9,15,R.O,..,False,False,False,False,False,,2,0.33333333333333337
cdi_ca_1956_wk_prov_dbs_Part40_tables.csv,9,16,..A,..,False,False,False,False,False,,1,0.6666666666666667
cdi_ca_1956_wk_prov_dbs_Part40_tables.csv,9,17,...,..,False,False,False,False,False,,1,0.6666666666666667
cdi_ca_1956_wk_prov_dbs_Part40_tables.csv,9,27,....,..,False,False,False,False,False,,2,0.5
cdi_ca_1956_wk_prov_dbs_Part40_tables.csv,9,29,9.,9,False,False,False,False,False,,1,0.5
cdi_ca_1956_wk_prov_dbs_Part40_tables.csv,9,30,..A,..,False,False,False,False,False,,1,0.6666666666666667
cdi_ca_1956_wk_prov_dbs_Part40_tables.csv,9,31,a.e,..,False,False,False,False,False,,2,0.33333333333333337
cdi_ca_1956_wk_prov_dbs_Part40_tables.csv,9,32,a.e. 8,8,False,False,False,False,False,,5,0.16666666666666663
cdi_ca_1956_wk_prov_dbs_Part40_tables.csv,10,35,1,9,False,False,False,False,False,,1,0.0
cdi_ca_1956_wk_prov_dbs_Part40_tables.csv,10,36,9.,11,False,False,False,False,False,,2,0.0
cdi_ca_1956_wk_prov_dbs_Part40_tables.csv,13,9,...,..,False,False,False,False,False,,1,0.6666666666666667
cdi_ca_1956_wk_prov_dbs_Part40_tables.csv,13,10,...,..,False,False,False,False,False,,1,0.6666666666666667
cdi_ca_1956_wk_prov_dbs_Part40_tables.csv,13,11,...,..,False,False,False,False,False,,1,0.6666666666666667
cdi_ca_1956_wk_prov_dbs_Part40_tables.csv,13,16,:,..,False,False,False,False,False,,2,0.0
cdi_ca_1956_wk_prov_dbs_Part40_tables.csv,13,17,...,..,False,False,False,False,False,,1,0.6666666666666667
cdi_ca_1956_wk_prov_dbs_Part40_tables.csv,13,27,...,..,False,False,False,False,False,,1,0.6666666666666667
cdi_ca_1956_wk_prov_dbs_Part40_tables.csv,14,36,19,15,False,False,False,False,False,,1,0.5
cdi_ca_1956_wk_prov_dbs_Part40_tables.csv,15,11,...,..,False,False,False,False,False,,1,0.6666666666666667
cdi_ca_1956_wk_prov_dbs_Part40_tables.csv,18,31,...,..,False,False,False,False,False,,1,0.6666666666666667
cdi_ca_1956_wk_prov_dbs_Part40_tables.csv,18,32,R.P.,..,False,False,False,False,False,,2,0.5
cdi_ca_1956_wk_prov_dbs_Part40_tables.csv,20,29,I,-,False,False,False,False,False,,1,0.0
cdi_ca_1956_wk_prov_dbs_Part40_tables.csv,20,30,R.A.,..,False,False,False,False,False,,2,0.5
cdi_ca_1956_wk_prov_dbs_Part40_tables.csv,22,36,-,23,False,False,False,False,False,,2,0.0
cdi_ca_1956_wk_prov_dbs_Part41_tables.csv,0,15,9.0,..,False,False,False,False,False,,2,0.33333333333333337
cdi_ca_1956_wk_prov_dbs_Part41_tables.csv,0,16,Q.A,..,False,False,False,False,False,,2,0.33333333333333337
cdi_ca_1956_wk_prov_dbs_Part41_tables.csv,0,27,...,..,False,False,False,False,False,,1,0.6666666666666667
cdi_ca_1956_wk_prov_dbs_Part41_tables.csv,0,30,R.O.,..,False,False,False,False,False,,2,0.5
cdi_ca_1956_wk_prov_dbs_Part41_tables.csv,0,31,...,..,False,False,False,False,False,,1,0.6666666666666667
cdi_ca_1956_wk_prov_dbs_Part41_tables.csv,1,21,I,-,False,False,False,False,False,,1,0.0
cdi_ca_1956_wk_prov_dbs_Part41_tables.csv,1,33,1,-,False,False,False,False,False,,1,0.0
cdi_ca_1956_wk_prov_dbs_Part41_tables.csv,2,15,9.9,..,False,False,False,False,False,,2,0.33333333333333337
cdi_ca_1956_wk_prov_dbs_Part41_tables.csv,2,16,...,..,False,False,False,False,False,,1,0.6666666666666667
cdi_ca_1956_wk_prov_dbs_Part41_tables.csv,2,17,...,..,False,False,False,False,False,,1,0.6666666666666667
cdi_ca_1956_wk_prov_dbs_Part41_tables.csv,2,18,...,..,False,False,False,False,False,,1,0.6666666666666667
cdi_ca_1956_wk_prov_dbs_Part41_tables.csv,2,19,...,..,False,False,False,False,False,,1,0.6666666666666667
cdi_ca_1956_wk_prov_dbs_Part41_tables.csv,3,15,,..,False,False,False,False,False,,2,0.0
cdi_ca_1956_wk_prov_dbs_Part41_tables.csv,3,16,9.0,..,False,False,False,False,False,,2,0.33333333333333337
cdi_ca_1956_wk_prov_dbs_Part41_tables.csv,3,19,9.8,..,False,False,False,False,False,,2,0.33333333333333337
cdi_ca_1956_wk_prov_dbs_Part41_tables.csv,3,20,...,..,False,False,False,False,False,,1,0.6666666666666667
cdi_ca_1956_wk_prov_dbs_Part41_tables.csv,4,15,a.e.,..,False,False,False,False,False,,2,0.5
cdi_ca_1956_wk_prov_dbs_Part41_tables.csv,4,16,a.a,..,False,False,False,False,False,,2,0.33333333333333337
cdi_ca_1956_wk_prov_dbs_Part41_tables.csv,4,17,,..,False,False,False,False,False,,2,0.0
cdi_ca_1956_wk_prov_dbs_Part41_tables.csv,4,18,A.A,..,False,False,False,False,False,,2,0.33333333333333337
cdi_ca_1956_wk_prov_dbs_Part41_tables.csv,4,19,a.e.,..,False,False,False,False,False,,2,0.5
cdi_ca_1956_wk_prov_dbs_Part41_tables.csv,5,9,-,..,False,False,False,False,False,,2,0.0
cdi_ca_1956_wk_prov_dbs_Part41_tables.csv,5,10,,..,False,False,False,False,False,,2,0.0
cdi_ca_1956_wk_prov_dbs_Part41_tables.csv,5,11,,..,False,False,False,False,False,,2,0.0
cdi_ca_1956_wk_prov_dbs_Part41_tables.csv,5,18,-,..,False,False,False,False,False,,2,0.0
cdi_ca_1956_wk_prov_dbs_Part41_tables.csv,5,19,..a,..,False,False,False,False,False,,1,0.6666666666666667
cdi_ca_1956_wk_prov_dbs_Part41_tables.csv,5,20,a.e,..,False,False,False,False,False,,2,0.33333333333333337
cdi_ca_1956_wk_prov_dbs_Part41_tables.csv,5,21,a.a.,..,False,False,False,False,False,,2,0.5
cdi_ca_1956_wk_prov_dbs_Part41_tables.csv,5,23,1,..,False,False,False,False,False,,2,0.0
cdi_ca_1956_wk_prov_dbs_Part41_tables.csv,5,34,=,-,False,False,False,False,False,,1,0.0
cdi_ca_1956_wk_prov_dbs_Part41_tables.csv,5,35,=,-,False,False,False,False,False,,1,0.0
cdi_ca_1956_wk_prov_dbs_Part41_tables.csv,5,36,I,6,False,False,False,False,False,,1,0.0
cdi_ca_1956_wk_prov_dbs_Part41_tables.csv,6,6,"9,414",..,False,False,False,False,False,,5,0.0
cdi_ca_1956_wk_prov_dbs_Part41_tables.csv,6,7,a.e.,..,False,False,False,False,False,,2,0.5
cdi_ca_1956_wk_prov_dbs_Part41_tables.csv,6,8,..a,..,False,False,False,False,False,,1,0.6666666666666667
cdi_ca_1956_wk_prov_dbs_Part41_tables.csv,6,15,42,..,False,False,False,False,False,,2,0.0
cdi_ca_1956_wk_prov_dbs_Part41_tables.csv,6,16,a.e.,..,False,False,False,False,False,,2,0.5
cdi_ca_1956_wk_prov_dbs_Part41_tables.csv,6,17,,..,False,False,False,False,False,,2,0.0
cdi_ca_1956_wk_prov_dbs_Part41_tables.csv,6,30,-,..,False,False,False,False,False,,2,0.0
cdi_ca_1956_wk_prov_dbs_Part41_tables.csv,6,31,...,..,False,False,False,False,False,,1,0.6666666666666667
cdi_ca_1956_wk_prov_dbs_Part41_tables.csv,6,32,,..,False,False,False,False,False,,2,0.0
cdi_ca_1956_wk_prov_dbs_Part41_tables.csv,6,35,3,-,False,False,False,False,False,,1,0.0
cdi_ca_1956_wk_prov_dbs_Part41_tables.csv,6,36,0:,7,False,False,False,False,False,,2,0.0
cdi_ca_1956_wk_prov_dbs_Part41_tables.csv,7,9,,..,False,False,False,False,False,,2,0.0
cdi_ca_1956_wk_prov_dbs_Part41_tables.csv,7,10,,..,False,False,False,False,False,,2,0.0
cdi_ca_1956_wk_prov_dbs_Part41_tables.csv,7,15,,..,False,False,False,False,False,,2,0.0
cdi_ca_1956_wk_prov_dbs_Part41_tables.csv,7,16,,..,False,False,False,False,False,,2,0.0
cdi_ca_1956_wk_prov_dbs_Part41_tables.csv,7,25,6.,6,False,False,False,False,False,,1,0.5
cdi_ca_1956_wk_prov_dbs_Part41_tables.csv,7,27,a.a,..,False,False,False,False,False,,2,0.33333333333333337
cdi_ca_1956_wk_prov_dbs_Part41_tables.csv,8,30,-,..,False,False,False,False,False,,2,0.0
cdi_ca_1956_wk_prov_dbs_Part41_tables.csv,8,31,0.0,..,False,False,False,False,False,,2,0.33333333333333337
cdi_ca_1956_wk_prov_dbs_Part41_tables.csv,8,32,,..,False,False,False,False,False,,2,0.0
cdi_ca_1956_wk_prov_dbs_Part41_tables.csv,8,36,2,9,False,False,False,False,False,,1,0.0
cdi_ca_1956_wk_prov_dbs_Part41_tables.csv,9,9,,..,False,False,False,False,False,,2,0.0
cdi_ca_1956_wk_prov_dbs_Part41_tables.csv,9,10,,..,False,False,False,False,False,,2,0.0
cdi_ca_1956_wk_prov_dbs_Part41_tables.csv,9,15,,..,False,False,False,False,False,,2,0.0
cdi_ca_1956_wk_prov_dbs_Part41_tables.csv,9,16,,..,False,False,False,False,False,,2,0.0
cdi_ca_1956_wk_prov_dbs_Part41_tables.csv,9,17,,..,False,False,False,False,False,,2,0.0
cdi_ca_1956_wk_prov_dbs_Part41_tables.csv,9,25,6.,6,False,False,False,False,False,,1,0.5
cdi_ca_1956_wk_prov_dbs_Part41_tables.csv,9,27,,..,False,False,False,False,False,,2,0.0
cdi_ca_1956_wk_prov_dbs_Part41_tables.csv,9,28,,..,False,False,False,False,False,,2,0.0
cdi_ca_1956_wk_prov_dbs_Part41_tables.csv,9,30,,..,False,False,False,False,False,,2,0.0
cdi_ca_1956_wk_prov_dbs_Part41_tables.csv,9,31,,..,False,False,False,False,False,,2,0.0
cdi_ca_1956_wk_prov_dbs_Part41_tables.csv,10,36,7,11,False,False,False,False,False,,2,0.0
cdi_ca_1956_wk_prov_dbs_Part41_tables.csv,13,9,...,..,False,False,False,False,False,,1,0.6666666666666667
cdi_ca_1956_wk_prov_dbs_Part41_tables.csv,13,10,...,..,False,False,False,False,False,,1,0.6666666666666667
cdi_ca_1956_wk_prov_dbs_Part41_tables.csv,13,11,...,..,False,False,False,False,False,,1,0.6666666666666667
cdi_ca_1956_wk_prov_dbs_Part41_tables.csv,13,17,...,..,False,False,False,False,False,,1,0.6666666666666667
cdi_ca_1956_wk_prov_dbs_Part41_tables.csv,13,27,....,..,False,False,False,False,False,,2,0.5
cdi_ca_1956_wk_prov_dbs_Part41_tables.csv,13,28,9.A,..,False,False,False,False,False,,2,0.33333333333333337
cdi_ca_1956_wk_prov_dbs_Part41_tables.csv,14,36,24,15,False,False,False,False,False,,2,0.0
cdi_ca_1956_wk_prov_dbs_Part41_tables.csv,15,11,:.,..,False,False,False,False,False,,1,0.5
cdi_ca_1956_wk_prov_dbs_Part41_tables.csv,19,19,R.O.,..,False,False,False,False,False,,2,0.5
cdi_ca_1956_wk_prov_dbs_Part41_tables.csv,19,30,.A,..,False,False,False,False,False,,1,0.5
cdi_ca_1956_wk_prov_dbs_Part41_tables.csv,19,32,...,..,False,False,False,False,False,,1,0.6666666666666667
cdi_ca_1956_wk_prov_dbs_Part41_tables.csv,22,36,-,23,False,False,False,False,False,,2,0.0
cdi_ca_1956_wk_prov_dbs_Part41_tables.csv,24,33,I,-,False,False,False,False,False,,1,0.0
cdi_ca_1956_wk_prov_dbs_Part42_tables.csv,0,16,: .,..,False,False,False,False,False,,2,0.33333333333333337
cdi_ca_1956_wk_prov_dbs_Part42_tables.csv,0,17,:.,..,False,False,False,False,False,,1,0.5
cdi_ca_1956_wk_prov_dbs_Part42_tables.csv,0,28,:,..,False,False,False,False,False,,2,0.0
cdi_ca_1956_wk_prov_dbs_Part42_tables.csv,2,15,,..,False,False,False,False,False,,2,0.0
cdi_ca_1956_wk_prov_dbs_Part42_tables.csv,2,16,,..,False,False,False,False,False,,2,0.0
cdi_ca_1956_wk_prov_dbs_Part42_tables.csv,2,17,,..,False,False,False,False,False,,2,0.0
cdi_ca_1956_wk_prov_dbs_Part42_tables.csv,2,19,,..,False,False,False,False,False,,2,0.0
cdi_ca_1956_wk_prov_dbs_Part42_tables.csv,3,15,,..,False,False,False,False,False,,2,0.0
cdi_ca_1956_wk_prov_dbs_Part42_tables.csv,3,16,....,..,False,False,False,False,False,,2,0.5
cdi_ca_1956_wk_prov_dbs_Part42_tables.csv,3,17,...,..,False,False,False,False,False,,1,0.6666666666666667
cdi_ca_1956_wk_prov_dbs_Part42_tables.csv,3,18,...,..,False,False,False,False,False,,1,0.6666666666666667
cdi_ca_1956_wk_prov_dbs_Part42_tables.csv,3,19,9.8,..,False,False,False,False,False,,2,0.33333333333333337
cdi_ca_1956_wk_prov_dbs_Part42_tables.csv,3,20,R...,..,False,False,False,False,False,,2,0.5
cdi_ca_1956_wk_prov_dbs_Part42_tables.csv,4,15,9.3,..,False,False,False,False,False,,2,0.33333333333333337
cdi_ca_1956_wk_prov_dbs_Part42_tables.csv,4,16,...,..,False,False,False,False,False,,1,0.6666666666666667
cdi_ca_1956_wk_prov_dbs_Part42_tables.csv,4,17,1.9,..,False,False,False,False,False,,2,0.33333333333333337
cdi_ca_1956_wk_prov_dbs_Part42_tables.csv,4,19,...,..,False,False,False,False,False,,1,0.6666666666666667
cdi_ca_1956_wk_prov_dbs_Part42_tables.csv,5,9,-,..,False,False,False,False,False,,2,0.0
cdi_ca_1956_wk_prov_dbs_Part42_tables.csv,5,10,,..,False,False,False,False,False,,2,0.0
cdi_ca_1956_wk_prov_dbs_Part42_tables.csv,5,11,,..,False,False,False,False,False,,2,0.0
cdi_ca_1956_wk_prov_dbs_Part42_tables.csv,5,18,-,..,False,False,False,False,False,,2,0.0
cdi_ca_1956_wk_prov_dbs_Part42_tables.csv,5,19,,..,False,False,False,False,False,,2,0.0
cdi_ca_1956_wk_prov_dbs_Part42_tables.csv,5,20,,..,False,False,False,False,False,,2,0.0
cdi_ca_1956_wk_prov_dbs_Part42_tables.csv,5,22,1,..,False,False,False,False,False,,2,0.0
cdi_ca_1956_wk_prov_dbs_Part42_tables.csv,5,23,R.O.,..,False,False,False,False,False,,2,0.5
cdi_ca_1956_wk_prov_dbs_Part42_tables.csv,5,36,-,6,False,False,False,False,False,,1,0.0
cdi_ca_1956_wk_prov_dbs_Part42_tables.csv,6,6,"9,476",..,False,False,False,False,False,,5,0.0
cdi_ca_1956_wk_prov_dbs_Part42_tables.csv,6,15,40,..,False,False,False,False,False,,2,0.0
cdi_ca_1956_wk_prov_dbs_Part42_tables.csv,6,16,,..,False,False,False,False,False,,2,0.0
cdi_ca_1956_wk_prov_dbs_Part42_tables.csv,6,17,...,..,False,False,False,False,False,,1,0.6666666666666667
cdi_ca_1956_wk_prov_dbs_Part42_tables.csv,6,30,-,..,False,False,False,False,False,,2,0.0
cdi_ca_1956_wk_prov_dbs_Part42_tables.csv,6,31,A.A,..,False,False,False,False,False,,2,0.33333333333333337
cdi_ca_1956_wk_prov_dbs_Part42_tables.csv,6,32,...,..,False,False,False,False,False,,1,0.6666666666666667
cdi_ca_1956_wk_prov_dbs_Part42_tables.csv,6,36,1,7,False,False,False,False,False,,1,0.0
cdi_ca_1956_wk_prov_dbs_Part42_tables.csv,7,9,9.8,..,False,False,False,False,False,,2,0.33333333333333337
cdi_ca_1956_wk_prov_dbs_Part42_tables.csv,7,10,R.9.,..,False,False,False,False,False,,2,0.5
cdi_ca_1956_wk_prov_dbs_Part42_tables.csv,7,11,*.*,..,False,False,False,False,False,,2,0.33333333333333337
cdi_ca_1956_wk_prov_dbs_Part42_tables.csv,7,15,,..,False,False,False,False,False,,2,0.0
cdi_ca_1956_wk_prov_dbs_Part42_tables.csv,7,16,...,..,False,False,False,False,False,,1,0.6666666666666667
cdi_ca_1956_wk_prov_dbs_Part42_tables.csv,7,17,...,..,False,False,False,False,False,,1,0.6666666666666667
cdi_ca_1956_wk_prov_dbs_Part42_tables.csv,7,27,...,..,False,False,False,False,False,,1,0.6666666666666667
cdi_ca_1956_wk_prov_dbs_Part42_tables.csv,7,28,R.B.,..,False,False,False,False,False,,2,0.5
cdi_ca_1956_wk_prov_dbs_Part42_tables.csv,8,30,-,..,False,False,False,False,False,,2,0.0
cdi_ca_1956_wk_prov_dbs_Part42_tables.csv,8,31,,..,False,False,False,False,False,,2,0.0
cdi_ca_1956_wk_prov_dbs_Part42_tables.csv,8,32,,..,False,False,False,False,False,,2,0.0
cdi_ca_1956_wk_prov_dbs_Part42_tables.csv,8,34,1,-,False,False,False,False,False,,1,0.0
cdi_ca_1956_wk_prov_dbs_Part42_tables.csv,8,35,1,-,False,False,False,False,False,,1,0.0
cdi_ca_1956_wk_prov_dbs_Part42_tables.csv,8,36,1,9,False,False,False,False,False,,1,0.0
cdi_ca_1956_wk_prov_dbs_Part42_tables.csv,9,10,*.*,..,False,False,False,False,False,,2,0.33333333333333337
cdi_ca_1956_wk_prov_dbs_Part42_tables.csv,9,11,9.8,..,False,False,False,False,False,,2,0.33333333333333337
cdi_ca_1956_wk_prov_dbs_Part42_tables.csv,9,15,...,..,False,False,False,False,False,,1,0.6666666666666667
cdi_ca_1956_wk_prov_dbs_Part42_tables.csv,9,16,...,..,False,False,False,False,False,,1,0.6666666666666667
cdi_ca_1956_wk_prov_dbs_Part42_tables.csv,9,17,...,..,False,False,False,False,False,,1,0.6666666666666667
cdi_ca_1956_wk_prov_dbs_Part42_tables.csv,9,27,...,..,False,False,False,False,False,,1,0.6666666666666667
cdi_ca_1956_wk_prov_dbs_Part42_tables.csv,9,28,A.A,..,False,False,False,False,False,,2,0.33333333333333337
cdi_ca_1956_wk_prov_dbs_Part42_tables.csv,9,30,a.a,..,False,False,False,False,False,,2,0.33333333333333337
cdi_ca_1956_wk_prov_dbs_Part42_tables.csv,9,31,a.e,..,False,False,False,False,False,,2,0.33333333333333337
cdi_ca_1956_wk_prov_dbs_Part42_tables.csv,9,32,A.O. 16,16,False,False,False,False,False,,5,0.2857142857142857
cdi_ca_1956_wk_prov_dbs_Part42_tables.csv,12,33,1,-,False,False,False,False,False,,1,0.0
cdi_ca_1956_wk_prov_dbs_Part42_tables.csv,12,34,I,-,False,False,False,False,False,,1,0.0
cdi_ca_1956_wk_prov_dbs_Part42_tables.csv,13,9,,..,False,False,False,False,False,,2,0.0
cdi_ca_1956_wk_prov_dbs_Part42_tables.csv,13,10,,..,False,False,False,False,False,,2,0.0
cdi_ca_1956_wk_prov_dbs_Part42_tables.csv,13,11,,..,False,False,False,False,False,,2,0.0
cdi_ca_1956_wk_prov_dbs_Part42_tables.csv,13,15,,..,False,False,False,False,False,,2,0.0
cdi_ca_1956_wk_prov_dbs_Part42_tables.csv,13,16,9.,..,False,False,False,False,False,,1,0.5
cdi_ca_1956_wk_prov_dbs_Part42_tables.csv,13,17,,..,False,False,False,False,False,,2,0.0
cdi_ca_1956_wk_prov_dbs_Part42_tables.csv,13,27,,..,False,False,False,False,False,,2,0.0
cdi_ca_1956_wk_prov_dbs_Part42_tables.csv,13,28,,..,False,False,False,False,False,,2,0.0
cdi_ca_1956_wk_prov_dbs_Part42_tables.csv,14,36,30,15,False,False,False,False,False,,2,0.0
cdi_ca_1956_wk_prov_dbs_Part42_tables.csv,18,30,A.A,..,False,False,False,False,False,,2,0.33333333333333337
cdi_ca_1956_wk_prov_dbs_Part42_tables.csv,18,32,4.0,..,False,False,False,False,False,,2,0.33333333333333337
cdi_ca_1956_wk_prov_dbs_Part42_tables.csv,20,19,...,..,False,False,False,False,False,,1,0.6666666666666667
cdi_ca_1956_wk_prov_dbs_Part42_tables.csv,20,24,I,-,False,False,False,False,False,,1,0.0
cdi_ca_1956_wk_prov_dbs_Part42_tables.csv,20,25,I,-,False,False,False,False,False,,1,0.0
cdi_ca_1956_wk_prov_dbs_Part42_tables.csv,20,29,0,-,False,False,False,False,False,,1,0.0
cdi_ca_1956_wk_prov_dbs_Part42_tables.csv,20,30,a.a.,..,False,False,False,False,False,,2,0.5
cdi_ca_1956_wk_prov_dbs_Part42_tables.csv,20,31,,..,False,False,False,False,False,,2,0.0
cdi_ca_1956_wk_prov_dbs_Part42_tables.csv,20,32,a.a.,..,False,False,False,False,False,,2,0.5
cdi_ca_1956_wk_prov_dbs_Part42_tables.csv,22,28,2,-,False,False,False,False,False,,1,0.0
cdi_ca_1956_wk_prov_dbs_Part42_tables.csv,22,29,I,-,False,False,False,False,False,,1,0.0
cdi_ca_1956_wk_prov_dbs_Part42_tables.csv,22,36,1,23,False,False,False,False,False,,2,0.0
cdi_ca_1956_wk_prov_dbs_Part42_tables.csv,23,29,:,-,False,False,False,False,False,,1,0.0
cdi_ca_1956_wk_prov_dbs_Part42_tables.csv,23,31,I,-,False,False,False,False,False,,1,0.0
cdi_ca_1956_wk_prov_dbs_Part42_tables.csv,23,32,$,-,False,False,False,False,False,,1,0.0
cdi_ca_1956_wk_prov_dbs_Part42_tables.csv,23,33,I,-,False,False,False,False,False,,1,0.0
cdi_ca_1956_wk_prov_dbs_Part42_tables.csv,23,34,I,-,False,False,False,False,False,,1,0.0
cdi_ca_1956_wk_prov_dbs_Part42_tables.csv,23,35,1,-,False,False,False,False,False,,1,0.0
cdi_ca_1956_wk_prov_dbs_Part43_tables.csv,0,13,20,25,False,False,False,False,False,,1,0.5
cdi_ca_1956_wk_prov_dbs_Part43_tables.csv,0,15,0.0,..,False,False,False,False,False,,2,0.33333333333333337
cdi_ca_1956_wk_prov_dbs_Part43_tables.csv,0,16,,..,False,False,False,False,False,,2,0.0
cdi_ca_1956_wk_prov_dbs_Part43_tables.csv,0,27,9.9,..,False,False,False,False,False,,2,0.33333333333333337
cdi_ca_1956_wk_prov_dbs_Part43_tables.csv,0,28,A.P.,..,False,False,False,False,False,,2,0.5
cdi_ca_1956_wk_prov_dbs_Part43_tables.csv,0,30,R.P.,..,False,False,False,False,False,,2,0.5
cdi_ca_1956_wk_prov_dbs_Part43_tables.csv,0,31,9.8,..,False,False,False,False,False,,2,0.33333333333333337
cdi_ca_1956_wk_prov_dbs_Part43_tables.csv,1,2,/,6,False,False,False,False,False,,1,0.0
cdi_ca_1956_wk_prov_dbs_Part43_tables.csv,2,7,as,-,False,False,False,False,False,,2,0.0
cdi_ca_1956_wk_prov_dbs_Part43_tables.csv,2,8,a,-,False,False,False,False,False,,1,0.0
cdi_ca_1956_wk_prov_dbs_Part43_tables.csv,2,9,5,-,False,False,False,False,False,,1,0.0
cdi_ca_1956_wk_prov_dbs_Part43_tables.csv,2,11,the,-,False,False,False,False,False,,3,0.0
cdi_ca_1956_wk_prov_dbs_Part43_tables.csv,2,12,as,-,False,False,False,False,False,,2,0.0
cdi_ca_1956_wk_prov_dbs_Part43_tables.csv,2,13,and,-,False,False,False,False,False,,3,0.0
cdi_ca_1956_wk_prov_dbs_Part43_tables.csv,2,14,@:,-,False,False,False,False,False,,2,0.0
cdi_ca_1956_wk_prov_dbs_Part43_tables.csv,2,15,,..,False,False,False,False,False,,2,0.0
cdi_ca_1956_wk_prov_dbs_Part43_tables.csv,2,16,,..,False,False,False,False,False,,2,0.0
cdi_ca_1956_wk_prov_dbs_Part43_tables.csv,2,17,,..,False,False,False,False,False,,2,0.0
cdi_ca_1956_wk_prov_dbs_Part43_tables.csv,2,18,,..,False,False,False,False,False,,2,0.0
cdi_ca_1956_wk_prov_dbs_Part43_tables.csv,3,9,NO,-,False,False,False,False,False,,2,0.0
cdi_ca_1956_wk_prov_dbs_Part43_tables.csv,3,10,NO,-,False,False,False,False,False,,2,0.0
cdi_ca_1956_wk_prov_dbs_Part43_tables.csv,3,15,*.*,..,False,False,False,False,False,,2,0.33333333333333337
cdi_ca_1956_wk_prov_dbs_Part43_tables.csv,3,16,9.9.,..,False,False,False,False,False,,2,0.5
cdi_ca_1956_wk_prov_dbs_Part43_tables.csv,3,17,R.A,..,False,False,False,False,False,,2,0.33333333333333337
cdi_ca_1956_wk_prov_dbs_Part43_tables.csv,3,18,R.A,..,False,False,False,False,False,,2,0.33333333333333337
cdi_ca_1956_wk_prov_dbs_Part43_tables.csv,3,19,P.9,..,False,False,False,False,False,,2,0.33333333333333337
cdi_ca_1956_wk_prov_dbs_Part43_tables.csv,3,20,.,..,False,False,False,False,False,,1,0.5
cdi_ca_1956_wk_prov_dbs_Part43_tables.csv,4,9,as,-,False,False,False,False,False,,2,0.0
cdi_ca_1956_wk_prov_dbs_Part43_tables.csv,4,15,,..,False,False,False,False,False,,2,0.0
cdi_ca_1956_wk_prov_dbs_Part43_tables.csv,4,16,,..,False,False,False,False,False,,2,0.0
cdi_ca_1956_wk_prov_dbs_Part43_tables.csv,4,17,,..,False,False,False,False,False,,2,0.0
cdi_ca_1956_wk_prov_dbs_Part43_tables.csv,4,18,,..,False,False,False,False,False,,2,0.0
cdi_ca_1956_wk_prov_dbs_Part43_tables.csv,5,6,35,-,False,False,False,False,False,,2,0.0
cdi_ca_1956_wk_prov_dbs_Part43_tables.csv,5,9,:,..,False,False,False,False,False,,2,0.0
cdi_ca_1956_wk_prov_dbs_Part43_tables.csv,5,10,,..,False,False,False,False,False,,2,0.0
cdi_ca_1956_wk_prov_dbs_Part43_tables.csv,5,11,,..,False,False,False,False,False,,2,0.0
cdi_ca_1956_wk_prov_dbs_Part43_tables.csv,5,12,,-,False,False,False,False,False,,1,0.0
cdi_ca_1956_wk_prov_dbs_Part43_tables.csv,5,13,:,-,False,False,False,False,False,,1,0.0
cdi_ca_1956_wk_prov_dbs_Part43_tables.csv,5,18,-,..,False,False,False,False,False,,2,0.0
cdi_ca_1956_wk_prov_dbs_Part43_tables.csv,5,19,4.a,..,False,False,False,False,False,,2,0.33333333333333337
cdi_ca_1956_wk_prov_dbs_Part43_tables.csv,5,20,,..,False,False,False,False,False,,2,0.0
cdi_ca_1956_wk_prov_dbs_Part43_tables.csv,5,21,,..,False,False,False,False,False,,2,0.0
cdi_ca_1956_wk_prov_dbs_Part43_tables.csv,5,23,1,..,False,False,False,False,False,,2,0.0
cdi_ca_1956_wk_prov_dbs_Part43_tables.csv,5,36,-,6,False,False,False,False,False,,1,0.0
cdi_ca_1956_wk_prov_dbs_Part43_tables.csv,6,6,"9,522",..,False,False,False,False,False,,5,0.0
cdi_ca_1956_wk_prov_dbs_Part43_tables.csv,6,7,a.s,..,False,False,False,False,False,,2,0.33333333333333337
cdi_ca_1956_wk_prov_dbs_Part43_tables.csv,6,8,,..,False,False,False,False,False,,2,0.0
cdi_ca_1956_wk_prov_dbs_Part43_tables.csv,6,11,29,-,False,False,False,False,False,,2,0.0
cdi_ca_1956_wk_prov_dbs_Part43_tables.csv,6,15,39,..,False,False,False,False,False,,2,0.0
cdi_ca_1956_wk_prov_dbs_Part43_tables.csv,6,16,,..,False,False,False,False,False,,2,0.0
cdi_ca_1956_wk_prov_dbs_Part43_tables.csv,6,17,,..,False,False,False,False,False,,2,0.0
cdi_ca_1956_wk_prov_dbs_Part43_tables.csv,6,18,,-,False,False,False,False,False,,1,0.0
cdi_ca_1956_wk_prov_dbs_Part43_tables.csv,6,23,2,-,False,False,False,False,False,,1,0.0
cdi_ca_1956_wk_prov_dbs_Part43_tables.csv,6,30,-,..,False,False,False,False,False,,2,0.0
cdi_ca_1956_wk_prov_dbs_Part43_tables.csv,6,31,,..,False,False,False,False,False,,2,0.0
cdi_ca_1956_wk_prov_dbs_Part43_tables.csv,6,32,,..,False,False,False,False,False,,2,0.0
cdi_ca_1956_wk_prov_dbs_Part43_tables.csv,6,36,3,7,False,False,False,False,False,,1,0.0
cdi_ca_1956_wk_prov_dbs_Part43_tables.csv,7,9,,..,False,False,False,False,False,,2,0.0
cdi_ca_1956_wk_prov_dbs_Part43_tables.csv,7,10,,..,False,False,False,False,False,,2,0.0
cdi_ca_1956_wk_prov_dbs_Part43_tables.csv,7,15,,..,False,False,False,False,False,,2,0.0
cdi_ca_1956_wk_prov_dbs_Part43_tables.csv,7,16,,..,False,False,False,False,False,,2,0.0
cdi_ca_1956_wk_prov_dbs_Part43_tables.csv,7,17,,..,False,False,False,False,False,,2,0.0
cdi_ca_1956_wk_prov_dbs_Part43_tables.csv,7,27,,..,False,False,False,False,False,,2,0.0
cdi_ca_1956_wk_prov_dbs_Part43_tables.csv,7,28,,..,False,False,False,False,False,,2,0.0
cdi_ca_1956_wk_prov_dbs_Part43_tables.csv,8,6,242,-,False,False,False,False,False,,3,0.0
cdi_ca_1956_wk_prov_dbs_Part43_tables.csv,8,7,$,-,False,False,False,False,False,,1,0.0
cdi_ca_1956_wk_prov_dbs_Part43_tables.csv,8,8,#,-,False,False,False,False,False,,1,0.0
cdi_ca_1956_wk_prov_dbs_Part43_tables.csv,8,9,:,-,False,False,False,False,False,,1,0.0
cdi_ca_1956_wk_prov_dbs_Part43_tables.csv,8,10,;,-,False,False,False,False,False,,1,0.0
cdi_ca_1956_wk_prov_dbs_Part43_tables.csv,8,14,1,-,False,False,False,False,False,,1,0.0
cdi_ca_1956_wk_prov_dbs_Part43_tables.csv,8,15,as,-,False,False,False,False,False,,2,0.0
cdi_ca_1956_wk_prov_dbs_Part43_tables.csv,8,16,$,-,False,False,False,False,False,,1,0.0
cdi_ca_1956_wk_prov_dbs_Part43_tables.csv,8,31,1,..,False,False,False,False,False,,2,0.0
cdi_ca_1956_wk_prov_dbs_Part43_tables.csv,8,32,,..,False,False,False,False,False,,2,0.0
cdi_ca_1956_wk_prov_dbs_Part43_tables.csv,8,36,1,9,False,False,False,False,False,,1,0.0
cdi_ca_1956_wk_prov_dbs_Part43_tables.csv,9,6,:,-,False,False,False,False,False,,1,0.0
cdi_ca_1956_wk_prov_dbs_Part43_tables.csv,9,7,:,-,False,False,False,False,False,,1,0.0
cdi_ca_1956_wk_prov_dbs_Part43_tables.csv,9,9,,..,False,False,False,False,False,,2,0.0
cdi_ca_1956_wk_prov_dbs_Part43_tables.csv,9,10,,..,False,False,False,False,False,,2,0.0
cdi_ca_1956_wk_prov_dbs_Part43_tables.csv,9,15,,..,False,False,False,False,False,,2,0.0
cdi_ca_1956_wk_prov_dbs_Part43_tables.csv,9,16,,..,False,False,False,False,False,,2,0.0
cdi_ca_1956_wk_prov_dbs_Part43_tables.csv,9,17,,..,False,False,False,False,False,,2,0.0
cdi_ca_1956_wk_prov_dbs_Part43_tables.csv,9,27,a.a.,..,False,False,False,False,False,,2,0.5
cdi_ca_1956_wk_prov_dbs_Part43_tables.csv,9,28,...,..,False,False,False,False,False,,1,0.6666666666666667
cdi_ca_1956_wk_prov_dbs_Part43_tables.csv,9,30,...,..,False,False,False,False,False,,1,0.6666666666666667
cdi_ca_1956_wk_prov_dbs_Part43_tables.csv,9,31,,..,False,False,False,False,False,,2,0.0
cdi_ca_1956_wk_prov_dbs_Part43_tables.csv,10,10,1,-,False,False,False,False,False,,1,0.0
cdi_ca_1956_wk_prov_dbs_Part43_tables.csv,10,12,1,-,False,False,False,False,False,,1,0.0
cdi_ca_1956_wk_prov_dbs_Part43_tables.csv,10,13,I,-,False,False,False,False,False,,1,0.0
cdi_ca_1956_wk_prov_dbs_Part43_tables.csv,11,7,I,-,False,False,False,False,False,,1,0.0
cdi_ca_1956_wk_prov_dbs_Part43_tables.csv,11,8,$,-,False,False,False,False,False,,1,0.0
cdi_ca_1956_wk_prov_dbs_Part43_tables.csv,11,12,at,-,False,False,False,False,False,,2,0.0
cdi_ca_1956_wk_prov_dbs_Part43_tables.csv,11,13,FP.,-,False,False,False,False,False,,3,0.0
cdi_ca_1956_wk_prov_dbs_Part43_tables.csv,11,14,:,-,False,False,False,False,False,,1,0.0
cdi_ca_1956_wk_prov_dbs_Part43_tables.csv,11,17,you,-,False,False,False,False,False,,3,0.0
cdi_ca_1956_wk_prov_dbs_Part43_tables.csv,11,27,1,-,False,False,False,False,False,,1,0.0
cdi_ca_1956_wk_prov_dbs_Part43_tables.csv,11,28,=,-,False,False,False,False,False,,1,0.0
cdi_ca_1956_wk_prov_dbs_Part43_tables.csv,12,6,I,-,False,False,False,False,False,,1,0.0
cdi_ca_1956_wk_prov_dbs_Part43_tables.csv,12,7,,-,False,False,False,False,False,,1,0.0
cdi_ca_1956_wk_prov_dbs_Part43_tables.csv,12,10,an,-,False,False,False,False,False,,2,0.0
cdi_ca_1956_wk_prov_dbs_Part43_tables.csv,12,11,for,-,False,False,False,False,False,,3,0.0
cdi_ca_1956_wk_prov_dbs_Part43_tables.csv,12,12,100%,-,False,False,False,False,False,,4,0.0
cdi_ca_1956_wk_prov_dbs_Part43_tables.csv,12,21,1,-,False,False,False,False,False,,1,0.0
cdi_ca_1956_wk_prov_dbs_Part43_tables.csv,12,24,6,-,False,False,False,False,False,,1,0.0
cdi_ca_1956_wk_prov_dbs_Part43_tables.csv,12,33,1,-,False,False,False,False,False,,1,0.0
cdi_ca_1956_wk_prov_dbs_Part43_tables.csv,12,36,11,13,False,False,False,False,False,,1,0.5
cdi_ca_1956_wk_prov_dbs_Part43_tables.csv,13,9,,..,False,False,False,False,False,,2,0.0
cdi_ca_1956_wk_prov_dbs_Part43_tables.csv,13,10,,..,False,False,False,False,False,,2,0.0
cdi_ca_1956_wk_prov_dbs_Part43_tables.csv,13,11,,..,False,False,False,False,False,,2,0.0
cdi_ca_1956_wk_prov_dbs_Part43_tables.csv,13,13,7,-,False,False,False,False,False,,1,0.0
cdi_ca_1956_wk_prov_dbs_Part43_tables.csv,13,15,,..,False,False,False,False,False,,2,0.0
cdi_ca_1956_wk_prov_dbs_Part43_tables.csv,13,16,&,..,False,False,False,False,False,,2,0.0
cdi_ca_1956_wk_prov_dbs_Part43_tables.csv,13,17,a.e,..,False,False,False,False,False,,2,0.33333333333333337
cdi_ca_1956_wk_prov_dbs_Part43_tables.csv,13,24,#:,-,False,False,False,False,False,,2,0.0
cdi_ca_1956_wk_prov_dbs_Part43_tables.csv,13,26,:,-,False,False,False,False,False,,1,0.0
cdi_ca_1956_wk_prov_dbs_Part43_tables.csv,13,27,a.e.,..,False,False,False,False,False,,2,0.5
cdi_ca_1956_wk_prov_dbs_Part43_tables.csv,13,28,*.A,..,False,False,False,False,False,,2,0.33333333333333337
cdi_ca_1956_wk_prov_dbs_Part43_tables.csv,14,8,3,6,False,False,False,False,False,,1,0.0
cdi_ca_1956_wk_prov_dbs_Part43_tables.csv,14,11,17,5,False,False,False,False,False,,2,0.0
cdi_ca_1956_wk_prov_dbs_Part43_tables.csv,14,36,20,15,False,False,False,False,False,,2,0.0
cdi_ca_1956_wk_prov_dbs_Part43_tables.csv,15,9,0.0,..,False,False,False,False,False,,2,0.33333333333333337
cdi_ca_1956_wk_prov_dbs_Part43_tables.csv,15,10,,..,False,False,False,False,False,,2,0.0
cdi_ca_1956_wk_prov_dbs_Part43_tables.csv,15,11,,..,False,False,False,False,False,,2,0.0
cdi_ca_1956_wk_prov_dbs_Part43_tables.csv,15,12,**,-,False,False,False,False,False,,2,0.0
cdi_ca_1956_wk_prov_dbs_Part43_tables.csv,15,13,:,-,False,False,False,False,False,,1,0.0
cdi_ca_1956_wk_prov_dbs_Part43_tables.csv,15,14,*,-,False,False,False,False,False,,1,0.0
cdi_ca_1956_wk_prov_dbs_Part43_tables.csv,15,24,1,-,False,False,False,False,False,,1,0.0
cdi_ca_1956_wk_prov_dbs_Part43_tables.csv,15,25,I,-,False,False,False,False,False,,1,0.0
cdi_ca_1956_wk_prov_dbs_Part43_tables.csv,15,26,#:,-,False,False,False,False,False,,2,0.0
cdi_ca_1956_wk_prov_dbs_Part43_tables.csv,15,29,I,-,False,False,False,False,False,,1,0.0
cdi_ca_1956_wk_prov_dbs_Part43_tables.csv,15,35,I,-,False,False,False,False,False,,1,0.0
cdi_ca_1956_wk_prov_dbs_Part43_tables.csv,16,11,1,-,False,False,False,False,False,,1,0.0
cdi_ca_1956_wk_prov_dbs_Part43_tables.csv,16,12,121,-,False,False,False,False,False,,3,0.0
cdi_ca_1956_wk_prov_dbs_Part43_tables.csv,16,13,:,-,False,False,False,False,False,,1,0.0
cdi_ca_1956_wk_prov_dbs_Part43_tables.csv,17,13,I,-,False,False,False,False,False,,1,0.0
cdi_ca_1956_wk_prov_dbs_Part43_tables.csv,17,16,3,-,False,False,False,False,False,,1,0.0
cdi_ca_1956_wk_prov_dbs_Part43_tables.csv,18,7,$,-,False,False,False,False,False,,1,0.0
cdi_ca_1956_wk_prov_dbs_Part43_tables.csv,18,8,MKO,-,False,False,False,False,False,,3,0.0
cdi_ca_1956_wk_prov_dbs_Part43_tables.csv,18,11,,-,False,False,False,False,False,,1,0.0
cdi_ca_1956_wk_prov_dbs_Part43_tables.csv,18,17,1,-,False,False,False,False,False,,1,0.0
cdi_ca_1956_wk_prov_dbs_Part43_tables.csv,18,20,1,-,False,False,False,False,False,,1,0.0
cdi_ca_1956_wk_prov_dbs_Part43_tables.csv,18,24,I,-,False,False,False,False,False,,1,0.0
cdi_ca_1956_wk_prov_dbs_Part43_tables.csv,18,30,...,..,False,False,False,False,False,,1,0.6666666666666667
cdi_ca_1956_wk_prov_dbs_Part43_tables.csv,18,31,,..,False,False,False,False,False,,2,0.0
cdi_ca_1956_wk_prov_dbs_Part43_tables.csv,18,32,,..,False,False,False,False,False,,2,0.0
cdi_ca_1956_wk_prov_dbs_Part43_tables.csv,19,15,the,-,False,False,False,False,False,,3,0.0
cdi_ca_1956_wk_prov_dbs_Part43_tables.csv,19,22,1,4,False,False,False,False,False,,1,0.0
cdi_ca_1956_wk_prov_dbs_Part43_tables.csv,19,29,or,-,False,False,False,False,False,,2,0.0
cdi_ca_1956_wk_prov_dbs_Part43_tables.csv,19,34,@,-,False,False,False,False,False,,1,0.0
cdi_ca_1956_wk_prov_dbs_Part43_tables.csv,20,17,we,-,False,False,False,False,False,,2,0.0
cdi_ca_1956_wk_prov_dbs_Part43_tables.csv,20,21,en,-,False,False,False,False,False,,2,0.0
cdi_ca_1956_wk_prov_dbs_Part43_tables.csv,20,22,3,-,False,False,False,False,False,,1,0.0
cdi_ca_1956_wk_prov_dbs_Part43_tables.csv,20,23,S,-,False,False,False,False,False,,1,0.0
cdi_ca_1956_wk_prov_dbs_Part43_tables.csv,20,30,9.8,..,False,False,False,False,False,,2,0.33333333333333337
cdi_ca_1956_wk_prov_dbs_Part43_tables.csv,20,31,**,..,False,False,False,False,False,,2,0.0
cdi_ca_1956_wk_prov_dbs_Part43_tables.csv,20,32,P.A,..,False,False,False,False,False,,2,0.33333333333333337
cdi_ca_1956_wk_prov_dbs_Part43_tables.csv,21,11,,-,False,False,False,False,False,,1,0.0
cdi_ca_1956_wk_prov_dbs_Part43_tables.csv,22,14,,-,False,False,False,False,False,,1,0.0
cdi_ca_1956_wk_prov_dbs_Part43_tables.csv,22,33,1,-,False,False,False,False,False,,1,0.0
cdi_ca_1956_wk_prov_dbs_Part43_tables.csv,22,34,,-,False,False,False,False,False,,1,0.0
cdi_ca_1956_wk_prov_dbs_Part43_tables.csv,22,36,-,23,False,False,False,False,False,,2,0.0
cdi_ca_1956_wk_prov_dbs_Part43_tables.csv,23,10,174,-,False,False,False,False,False,,3,0.0
cdi_ca_1956_wk_prov_dbs_Part43_tables.csv,23,11,WIN,-,False,False,False,False,False,,3,0.0
cdi_ca_1956_wk_prov_dbs_Part43_tables.csv,23,18,as,-,False,False,False,False,False,,2,0.0
cdi_ca_1956_wk_prov_dbs_Part43_tables.csv,23,19,20,-,False,False,False,False,False,,2,0.0
cdi_ca_1956_wk_prov_dbs_Part43_tables.csv,24,7,!,-,False,False,False,False,False,,1,0.0
cdi_ca_1956_wk_prov_dbs_Part43_tables.csv,26,0,cas,-,False,False,False,False,False,,3,0.0
cdi_ca_1956_wk_prov_dbs_Part44_tables.csv,0,15,1.2,..,False,False,False,False,False,,2,0.33333333333333337
cdi_ca_1956_wk_prov_dbs_Part44_tables.csv,0,16,A.P.,..,False,False,False,False,False,,2,0.5
cdi_ca_1956_wk_prov_dbs_Part44_tables.csv,0,27,9.3,..,False,False,False,False,False,,2,0.33333333333333337
cdi_ca_1956_wk_prov_dbs_Part44_tables.csv,0,28,R.P.,..,False,False,False,False,False,,2,0.5
cdi_ca_1956_wk_prov_dbs_Part44_tables.csv,1,34,I,-,False,False,False,False,False,,1,0.0
cdi_ca_1956_wk_prov_dbs_Part44_tables.csv,1,35,I,-,False,False,False,False,False,,1,0.0
cdi_ca_1956_wk_prov_dbs_Part44_tables.csv,2,16,,..,False,False,False,False,False,,2,0.0
cdi_ca_1956_wk_prov_dbs_Part44_tables.csv,2,17,,..,False,False,False,False,False,,2,0.0
cdi_ca_1956_wk_prov_dbs_Part44_tables.csv,2,18,,..,False,False,False,False,False,,2,0.0
cdi_ca_1956_wk_prov_dbs_Part44_tables.csv,2,19,,..,False,False,False,False,False,,2,0.0
cdi_ca_1956_wk_prov_dbs_Part44_tables.csv,2,34,5.,5,False,False,False,False,False,,1,0.5
cdi_ca_1956_wk_prov_dbs_Part44_tables.csv,3,0,1,-,False,False,False,False,False,,1,0.0
cdi_ca_1956_wk_prov_dbs_Part44_tables.csv,3,15,,..,False,False,False,False,False,,2,0.0
cdi_ca_1956_wk_prov_dbs_Part44_tables.csv,3,16,,..,False,False,False,False,False,,2,0.0
cdi_ca_1956_wk_prov_dbs_Part44_tables.csv,3,17,,..,False,False,False,False,False,,2,0.0
cdi_ca_1956_wk_prov_dbs_Part44_tables.csv,3,18,,..,False,False,False,False,False,,2,0.0
cdi_ca_1956_wk_prov_dbs_Part44_tables.csv,3,19,,..,False,False,False,False,False,,2,0.0
cdi_ca_1956_wk_prov_dbs_Part44_tables.csv,3,20,,..,False,False,False,False,False,,2,0.0
cdi_ca_1956_wk_prov_dbs_Part44_tables.csv,3,34,I:,-,False,False,False,False,False,,2,0.0
cdi_ca_1956_wk_prov_dbs_Part44_tables.csv,3,35,if,-,False,False,False,False,False,,2,0.0
cdi_ca_1956_wk_prov_dbs_Part44_tables.csv,4,16,,..,False,False,False,False,False,,2,0.0
cdi_ca_1956_wk_prov_dbs_Part44_tables.csv,4,17,,..,False,False,False,False,False,,2,0.0
cdi_ca_1956_wk_prov_dbs_Part44_tables.csv,4,18,,..,False,False,False,False,False,,2,0.0
cdi_ca_1956_wk_prov_dbs_Part44_tables.csv,4,19,,..,False,False,False,False,False,,2,0.0
cdi_ca_1956_wk_prov_dbs_Part44_tables.csv,4,33,a,-,False,False,False,False,False,,1,0.0
cdi_ca_1956_wk_prov_dbs_Part44_tables.csv,4,35,8.,8,False,False,False,False,False,,1,0.5
cdi_ca_1956_wk_prov_dbs_Part44_tables.csv,5,9,-,..,False,False,False,False,False,,2,0.0
cdi_ca_1956_wk_prov_dbs_Part44_tables.csv,5,10,..A,..,False,False,False,False,False,,1,0.6666666666666667
cdi_ca_1956_wk_prov_dbs_Part44_tables.csv,5,11,*...,..,False,False,False,False,False,,2,0.5
cdi_ca_1956_wk_prov_dbs_Part44_tables.csv,5,18,-,..,False,False,False,False,False,,2,0.0
cdi_ca_1956_wk_prov_dbs_Part44_tables.csv,5,19,,..,False,False,False,False,False,,2,0.0
cdi_ca_1956_wk_prov_dbs_Part44_tables.csv,5,20,,..,False,False,False,False,False,,2,0.0
cdi_ca_1956_wk_prov_dbs_Part44_tables.csv,5,21,,..,False,False,False,False,False,,2,0.0
cdi_ca_1956_wk_prov_dbs_Part44_tables.csv,5,22,,..,False,False,False,False,False,,2,0.0
cdi_ca_1956_wk_prov_dbs_Part44_tables.csv,5,23,R.R,..,False,False,False,False,False,,2,0.33333333333333337
cdi_ca_1956_wk_prov_dbs_Part44_tables.csv,5,36,-,6,False,False,False,False,False,,1,0.0
cdi_ca_1956_wk_prov_dbs_Part44_tables.csv,6,6,"9,580",..,False,False,False,False,False,,5,0.0
cdi_ca_1956_wk_prov_dbs_Part44_tables.csv,6,15,31,..,False,False,False,False,False,,2,0.0
cdi_ca_1956_wk_prov_dbs_Part44_tables.csv,6,16,...,..,False,False,False,False,False,,1,0.6666666666666667
cdi_ca_1956_wk_prov_dbs_Part44_tables.csv,6,17,...,..,False,False,False,False,False,,1,0.6666666666666667
cdi_ca_1956_wk_prov_dbs_Part44_tables.csv,6,30,-,..,False,False,False,False,False,,2,0.0
cdi_ca_1956_wk_prov_dbs_Part44_tables.csv,6,31,,..,False,False,False,False,False,,2,0.0
cdi_ca_1956_wk_prov_dbs_Part44_tables.csv,6,32,,..,False,False,False,False,False,,2,0.0
cdi_ca_1956_wk_prov_dbs_Part44_tables.csv,6,36,2,7,False,False,False,False,False,,1,0.0
cdi_ca_1956_wk_prov_dbs_Part44_tables.csv,7,9,.A,..,False,False,False,False,False,,1,0.5
cdi_ca_1956_wk_prov_dbs_Part44_tables.csv,7,10,R.P.,..,False,False,False,False,False,,2,0.5
cdi_ca_1956_wk_prov_dbs_Part44_tables.csv,7,15,...,..,False,False,False,False,False,,1,0.6666666666666667
cdi_ca_1956_wk_prov_dbs_Part44_tables.csv,7,16,a.a,..,False,False,False,False,False,,2,0.33333333333333337
cdi_ca_1956_wk_prov_dbs_Part44_tables.csv,7,27,....,..,False,False,False,False,False,,2,0.5
cdi_ca_1956_wk_prov_dbs_Part44_tables.csv,7,28,,..,False,False,False,False,False,,2,0.0
cdi_ca_1956_wk_prov_dbs_Part44_tables.csv,7,32,... 51,51,False,False,False,False,False,,4,0.33333333333333337
cdi_ca_1956_wk_prov_dbs_Part44_tables.csv,8,0, meningococcal,4,False,False,False,False,False,,14,0.0
cdi_ca_1956_wk_prov_dbs_Part44_tables.csv,8,24,2,-,False,False,False,False,False,,1,0.0
cdi_ca_1956_wk_prov_dbs_Part44_tables.csv,8,25,I,-,False,False,False,False,False,,1,0.0
cdi_ca_1956_wk_prov_dbs_Part44_tables.csv,8,26,I,-,False,False,False,False,False,,1,0.0
cdi_ca_1956_wk_prov_dbs_Part44_tables.csv,8,30,,..,False,False,False,False,False,,2,0.0
cdi_ca_1956_wk_prov_dbs_Part44_tables.csv,8,32,1,..,False,False,False,False,False,,2,0.0
cdi_ca_1956_wk_prov_dbs_Part44_tables.csv,8,36,-,9,False,False,False,False,False,,1,0.0
cdi_ca_1956_wk_prov_dbs_Part44_tables.csv,9,9,..A,..,False,False,False,False,False,,1,0.6666666666666667
cdi_ca_1956_wk_prov_dbs_Part44_tables.csv,9,10,A...,..,False,False,False,False,False,,2,0.5
cdi_ca_1956_wk_prov_dbs_Part44_tables.csv,9,15,....,..,False,False,False,False,False,,2,0.5
cdi_ca_1956_wk_prov_dbs_Part44_tables.csv,9,16,...,..,False,False,False,False,False,,1,0.6666666666666667
cdi_ca_1956_wk_prov_dbs_Part44_tables.csv,9,17,,..,False,False,False,False,False,,2,0.0
cdi_ca_1956_wk_prov_dbs_Part44_tables.csv,9,27,....,..,False,False,False,False,False,,2,0.5
cdi_ca_1956_wk_prov_dbs_Part44_tables.csv,9,28,,..,False,False,False,False,False,,2,0.0
cdi_ca_1956_wk_prov_dbs_Part44_tables.csv,9,30,... R.A,..,False,False,False,False,False,,5,0.2857142857142857
cdi_ca_1956_wk_prov_dbs_Part44_tables.csv,9,31,,..,False,False,False,False,False,,2,0.0
cdi_ca_1956_wk_prov_dbs_Part44_tables.csv,10,36,5,11,False,False,False,False,False,,2,0.0
cdi_ca_1956_wk_prov_dbs_Part44_tables.csv,12,23,5.,5,False,False,False,False,False,,1,0.5
cdi_ca_1956_wk_prov_dbs_Part44_tables.csv,12,30,I,-,False,False,False,False,False,,1,0.0
cdi_ca_1956_wk_prov_dbs_Part44_tables.csv,13,9,,..,False,False,False,False,False,,2,0.0
cdi_ca_1956_wk_prov_dbs_Part44_tables.csv,13,10,,..,False,False,False,False,False,,2,0.0
cdi_ca_1956_wk_prov_dbs_Part44_tables.csv,13,11,,..,False,False,False,False,False,,2,0.0
cdi_ca_1956_wk_prov_dbs_Part44_tables.csv,13,15,,..,False,False,False,False,False,,2,0.0
cdi_ca_1956_wk_prov_dbs_Part44_tables.csv,13,16,,..,False,False,False,False,False,,2,0.0
cdi_ca_1956_wk_prov_dbs_Part44_tables.csv,13,17,a.e,..,False,False,False,False,False,,2,0.33333333333333337
cdi_ca_1956_wk_prov_dbs_Part44_tables.csv,13,24,1:,-,False,False,False,False,False,,2,0.0
cdi_ca_1956_wk_prov_dbs_Part44_tables.csv,13,25,,-,False,False,False,False,False,,1,0.0
cdi_ca_1956_wk_prov_dbs_Part44_tables.csv,13,26,E,-,False,False,False,False,False,,1,0.0
cdi_ca_1956_wk_prov_dbs_Part44_tables.csv,13,27,,..,False,False,False,False,False,,2,0.0
cdi_ca_1956_wk_prov_dbs_Part44_tables.csv,13,28,a.e.,..,False,False,False,False,False,,2,0.5
cdi_ca_1956_wk_prov_dbs_Part44_tables.csv,13,30,27.,27,False,False,False,False,False,,1,0.6666666666666667
cdi_ca_1956_wk_prov_dbs_Part44_tables.csv,14,18,1,27,False,False,False,False,False,,2,0.0
cdi_ca_1956_wk_prov_dbs_Part44_tables.csv,14,36,39,15,False,False,False,False,False,,2,0.0
cdi_ca_1956_wk_prov_dbs_Part44_tables.csv,15,9,..A,..,False,False,False,False,False,,1,0.6666666666666667
cdi_ca_1956_wk_prov_dbs_Part44_tables.csv,15,10,...,..,False,False,False,False,False,,1,0.6666666666666667
cdi_ca_1956_wk_prov_dbs_Part44_tables.csv,15,11,.A,..,False,False,False,False,False,,1,0.5
cdi_ca_1956_wk_prov_dbs_Part44_tables.csv,18,31,,-,False,False,False,False,False,,1,0.0
cdi_ca_1956_wk_prov_dbs_Part44_tables.csv,19,30,I,-,False,False,False,False,False,,1,0.0
cdi_ca_1956_wk_prov_dbs_Part44_tables.csv,20,30,R.A,..,False,False,False,False,False,,2,0.33333333333333337
cdi_ca_1956_wk_prov_dbs_Part44_tables.csv,20,31,,..,False,False,False,False,False,,2,0.0
cdi_ca_1956_wk_prov_dbs_Part44_tables.csv,20,32,..A,..,False,False,False,False,False,,1,0.6666666666666667
cdi_ca_1956_wk_prov_dbs_Part44_tables.csv,22,36,-,23,False,False,False,False,False,,2,0.0
cdi_ca_1956_wk_prov_dbs_Part45_tables.csv,0,15,9.8,..,False,False,False,False,False,,2,0.33333333333333337
cdi_ca_1956_wk_prov_dbs_Part45_tables.csv,0,16,...,..,False,False,False,False,False,,1,0.6666666666666667
cdi_ca_1956_wk_prov_dbs_Part45_tables.csv,0,27,*.*,..,False,False,False,False,False,,2,0.33333333333333337
cdi_ca_1956_wk_prov_dbs_Part45_tables.csv,0,28,R..,..,False,False,False,False,False,,1,0.6666666666666667
cdi_ca_1956_wk_prov_dbs_Part45_tables.csv,2,17,...,..,False,False,False,False,False,,1,0.6666666666666667
cdi_ca_1956_wk_prov_dbs_Part45_tables.csv,2,18,a.e.,..,False,False,False,False,False,,2,0.5
cdi_ca_1956_wk_prov_dbs_Part45_tables.csv,2,19,,..,False,False,False,False,False,,2,0.0
cdi_ca_1956_wk_prov_dbs_Part45_tables.csv,2,30,5.,5,False,False,False,False,False,,1,0.5
cdi_ca_1956_wk_prov_dbs_Part45_tables.csv,3,0,,-,False,False,False,False,False,,1,0.0
cdi_ca_1956_wk_prov_dbs_Part45_tables.csv,3,15,,..,False,False,False,False,False,,2,0.0
cdi_ca_1956_wk_prov_dbs_Part45_tables.csv,3,16,,..,False,False,False,False,False,,2,0.0
cdi_ca_1956_wk_prov_dbs_Part45_tables.csv,3,17,,..,False,False,False,False,False,,2,0.0
cdi_ca_1956_wk_prov_dbs_Part45_tables.csv,3,18,,..,False,False,False,False,False,,2,0.0
cdi_ca_1956_wk_prov_dbs_Part45_tables.csv,3,19,,..,False,False,False,False,False,,2,0.0
cdi_ca_1956_wk_prov_dbs_Part45_tables.csv,3,20,,..,False,False,False,False,False,,2,0.0
cdi_ca_1956_wk_prov_dbs_Part45_tables.csv,3,35,,-,False,False,False,False,False,,1,0.0
cdi_ca_1956_wk_prov_dbs_Part45_tables.csv,4,17,,..,False,False,False,False,False,,2,0.0
cdi_ca_1956_wk_prov_dbs_Part45_tables.csv,4,18,,..,False,False,False,False,False,,2,0.0
cdi_ca_1956_wk_prov_dbs_Part45_tables.csv,4,19,,..,False,False,False,False,False,,2,0.0
cdi_ca_1956_wk_prov_dbs_Part45_tables.csv,4,31,=,-,False,False,False,False,False,,1,0.0
cdi_ca_1956_wk_prov_dbs_Part45_tables.csv,4,32,...,-,False,False,False,False,False,,3,0.0
cdi_ca_1956_wk_prov_dbs_Part45_tables.csv,4,35,1: 1,1,False,False,False,False,False,,3,0.25
cdi_ca_1956_wk_prov_dbs_Part45_tables.csv,5,9,-,..,False,False,False,False,False,,2,0.0
cdi_ca_1956_wk_prov_dbs_Part45_tables.csv,5,10,9.2,..,False,False,False,False,False,,2,0.33333333333333337
cdi_ca_1956_wk_prov_dbs_Part45_tables.csv,5,11,A.O,..,False,False,False,False,False,,2,0.33333333333333337
cdi_ca_1956_wk_prov_dbs_Part45_tables.csv,5,18,-,..,False,False,False,False,False,,2,0.0
cdi_ca_1956_wk_prov_dbs_Part45_tables.csv,5,19,A.P.,..,False,False,False,False,False,,2,0.5
cdi_ca_1956_wk_prov_dbs_Part45_tables.csv,5,20,.A,..,False,False,False,False,False,,1,0.5
cdi_ca_1956_wk_prov_dbs_Part45_tables.csv,5,22,1,..,False,False,False,False,False,,2,0.0
cdi_ca_1956_wk_prov_dbs_Part45_tables.csv,5,23,A.R.,..,False,False,False,False,False,,2,0.5
cdi_ca_1956_wk_prov_dbs_Part45_tables.csv,5,36,-,6,False,False,False,False,False,,1,0.0
cdi_ca_1956_wk_prov_dbs_Part45_tables.csv,6,6,"9,605",..,False,False,False,False,False,,5,0.0
cdi_ca_1956_wk_prov_dbs_Part45_tables.csv,6,7,,..,False,False,False,False,False,,2,0.0
cdi_ca_1956_wk_prov_dbs_Part45_tables.csv,6,8,a.a,..,False,False,False,False,False,,2,0.33333333333333337
cdi_ca_1956_wk_prov_dbs_Part45_tables.csv,6,15,33,..,False,False,False,False,False,,2,0.0
cdi_ca_1956_wk_prov_dbs_Part45_tables.csv,6,16,...,..,False,False,False,False,False,,1,0.6666666666666667
cdi_ca_1956_wk_prov_dbs_Part45_tables.csv,6,17,A.B.,..,False,False,False,False,False,,2,0.5
cdi_ca_1956_wk_prov_dbs_Part45_tables.csv,6,30,-,..,False,False,False,False,False,,2,0.0
cdi_ca_1956_wk_prov_dbs_Part45_tables.csv,6,31,,..,False,False,False,False,False,,2,0.0
cdi_ca_1956_wk_prov_dbs_Part45_tables.csv,6,32,,..,False,False,False,False,False,,2,0.0
cdi_ca_1956_wk_prov_dbs_Part45_tables.csv,6,33,,-,False,False,False,False,False,,1,0.0
cdi_ca_1956_wk_prov_dbs_Part45_tables.csv,6,36,2,7,False,False,False,False,False,,1,0.0
cdi_ca_1956_wk_prov_dbs_Part45_tables.csv,7,9,*.A,..,False,False,False,False,False,,2,0.33333333333333337
cdi_ca_1956_wk_prov_dbs_Part45_tables.csv,7,10,R.O.,..,False,False,False,False,False,,2,0.5
cdi_ca_1956_wk_prov_dbs_Part45_tables.csv,7,11,V.A,..,False,False,False,False,False,,2,0.33333333333333337
cdi_ca_1956_wk_prov_dbs_Part45_tables.csv,7,15,.. A,..,False,False,False,False,False,,2,0.5
cdi_ca_1956_wk_prov_dbs_Part45_tables.csv,7,16,..A,..,False,False,False,False,False,,1,0.6666666666666667
cdi_ca_1956_wk_prov_dbs_Part45_tables.csv,7,17,....,..,False,False,False,False,False,,2,0.5
cdi_ca_1956_wk_prov_dbs_Part45_tables.csv,7,28,A.O.,..,False,False,False,False,False,,2,0.5
cdi_ca_1956_wk_prov_dbs_Part45_tables.csv,8,30,1,..,False,False,False,False,False,,2,0.0
cdi_ca_1956_wk_prov_dbs_Part45_tables.csv,8,31,R.P.,..,False,False,False,False,False,,2,0.5
cdi_ca_1956_wk_prov_dbs_Part45_tables.csv,8,32,P...,..,False,False,False,False,False,,2,0.5
cdi_ca_1956_wk_prov_dbs_Part45_tables.csv,8,36,1,9,False,False,False,False,False,,1,0.0
cdi_ca_1956_wk_prov_dbs_Part45_tables.csv,9,9,9.8,..,False,False,False,False,False,,2,0.33333333333333337
cdi_ca_1956_wk_prov_dbs_Part45_tables.csv,9,10,**,..,False,False,False,False,False,,2,0.0
cdi_ca_1956_wk_prov_dbs_Part45_tables.csv,9,15,P.A,..,False,False,False,False,False,,2,0.33333333333333337
cdi_ca_1956_wk_prov_dbs_Part45_tables.csv,9,16,R.O.,..,False,False,False,False,False,,2,0.5
cdi_ca_1956_wk_prov_dbs_Part45_tables.csv,9,27,...,..,False,False,False,False,False,,1,0.6666666666666667
cdi_ca_1956_wk_prov_dbs_Part45_tables.csv,9,28,R.R.,..,False,False,False,False,False,,2,0.5
cdi_ca_1956_wk_prov_dbs_Part45_tables.csv,9,30,...,..,False,False,False,False,False,,1,0.6666666666666667
cdi_ca_1956_wk_prov_dbs_Part45_tables.csv,9,31,...,..,False,False,False,False,False,,1,0.6666666666666667
cdi_ca_1956_wk_prov_dbs_Part45_tables.csv,10,19,2,5,False,False,False,False,False,,1,0.0
cdi_ca_1956_wk_prov_dbs_Part45_tables.csv,10,35,2,5,False,False,False,False,False,,1,0.0
cdi_ca_1956_wk_prov_dbs_Part45_tables.csv,10,36,5.,11,False,False,False,False,False,,2,0.0
cdi_ca_1956_wk_prov_dbs_Part45_tables.csv,13,9,...,..,False,False,False,False,False,,1,0.6666666666666667
cdi_ca_1956_wk_prov_dbs_Part45_tables.csv,13,15,,..,False,False,False,False,False,,2,0.0
cdi_ca_1956_wk_prov_dbs_Part45_tables.csv,13,16,,..,False,False,False,False,False,,2,0.0
cdi_ca_1956_wk_prov_dbs_Part45_tables.csv,13,17,...,..,False,False,False,False,False,,1,0.6666666666666667
cdi_ca_1956_wk_prov_dbs_Part45_tables.csv,13,27,P.R,..,False,False,False,False,False,,2,0.33333333333333337
cdi_ca_1956_wk_prov_dbs_Part45_tables.csv,13,28,A.P.,..,False,False,False,False,False,,2,0.5
cdi_ca_1956_wk_prov_dbs_Part45_tables.csv,14,10,23,9,False,False,False,False,False,,2,0.0
cdi_ca_1956_wk_prov_dbs_Part45_tables.csv,14,36,33,15,False,False,False,False,False,,2,0.0
cdi_ca_1956_wk_prov_dbs_Part45_tables.csv,15,9,.A,..,False,False,False,False,False,,1,0.5
cdi_ca_1956_wk_prov_dbs_Part45_tables.csv,15,10,,..,False,False,False,False,False,,2,0.0
cdi_ca_1956_wk_prov_dbs_Part45_tables.csv,15,11,.A,..,False,False,False,False,False,,1,0.5
cdi_ca_1956_wk_prov_dbs_Part45_tables.csv,20,20,...,..,False,False,False,False,False,,1,0.6666666666666667
cdi_ca_1956_wk_prov_dbs_Part45_tables.csv,20,30,A.S.,..,False,False,False,False,False,,2,0.5
cdi_ca_1956_wk_prov_dbs_Part45_tables.csv,20,31,,..,False,False,False,False,False,,2,0.0
cdi_ca_1956_wk_prov_dbs_Part45_tables.csv,20,32,...,..,False,False,False,False,False,,1,0.6666666666666667
cdi_ca_1956_wk_prov_dbs_Part45_tables.csv,21,11,as,-,False,False,False,False,False,,2,0.0
cdi_ca_1956_wk_prov_dbs_Part45_tables.csv,22,36,-,23,False,False,False,False,False,,2,0.0
cdi_ca_1956_wk_prov_dbs_Part45_tables.csv,23,29,1,-,False,False,False,False,False,,1,0.0
cdi_ca_1956_wk_prov_dbs_Part45_tables.csv,23,35,I,-,False,False,False,False,False,,1,0.0
cdi_ca_1956_wk_prov_dbs_Part45_tables.csv,25,34,5.9,59,False,False,False,False,False,,1,0.6666666666666667
cdi_ca_1956_wk_prov_dbs_Part46_tables.csv,0,15,.A,..,False,False,False,False,False,,1,0.5
cdi_ca_1956_wk_prov_dbs_Part46_tables.csv,0,16,A.A.,..,False,False,False,False,False,,2,0.5
cdi_ca_1956_wk_prov_dbs_Part46_tables.csv,0,27,...,..,False,False,False,False,False,,1,0.6666666666666667
cdi_ca_1956_wk_prov_dbs_Part46_tables.csv,0,28,A...,..,False,False,False,False,False,,2,0.5
cdi_ca_1956_wk_prov_dbs_Part46_tables.csv,2,17,,..,False,False,False,False,False,,2,0.0
cdi_ca_1956_wk_prov_dbs_Part46_tables.csv,2,18,A.9.,..,False,False,False,False,False,,2,0.5
cdi_ca_1956_wk_prov_dbs_Part46_tables.csv,2,19,...,..,False,False,False,False,False,,1,0.6666666666666667
cdi_ca_1956_wk_prov_dbs_Part46_tables.csv,3,0,:,-,False,False,False,False,False,,1,0.0
cdi_ca_1956_wk_prov_dbs_Part46_tables.csv,3,1,E,-,False,False,False,False,False,,1,0.0
cdi_ca_1956_wk_prov_dbs_Part46_tables.csv,3,2,E,-,False,False,False,False,False,,1,0.0
cdi_ca_1956_wk_prov_dbs_Part46_tables.csv,3,4,2.,2,False,False,False,False,False,,1,0.5
cdi_ca_1956_wk_prov_dbs_Part46_tables.csv,3,5,18,19,False,False,False,False,False,,1,0.5
cdi_ca_1956_wk_prov_dbs_Part46_tables.csv,3,15,,..,False,False,False,False,False,,2,0.0
cdi_ca_1956_wk_prov_dbs_Part46_tables.csv,3,16,,..,False,False,False,False,False,,2,0.0
cdi_ca_1956_wk_prov_dbs_Part46_tables.csv,3,17,,..,False,False,False,False,False,,2,0.0
cdi_ca_1956_wk_prov_dbs_Part46_tables.csv,3,18,,..,False,False,False,False,False,,2,0.0
cdi_ca_1956_wk_prov_dbs_Part46_tables.csv,3,19,.A,..,False,False,False,False,False,,1,0.5
cdi_ca_1956_wk_prov_dbs_Part46_tables.csv,3,20,,..,False,False,False,False,False,,2,0.0
cdi_ca_1956_wk_prov_dbs_Part46_tables.csv,3,35,,-,False,False,False,False,False,,1,0.0
cdi_ca_1956_wk_prov_dbs_Part46_tables.csv,4,17,,..,False,False,False,False,False,,2,0.0
cdi_ca_1956_wk_prov_dbs_Part46_tables.csv,4,18,,..,False,False,False,False,False,,2,0.0
cdi_ca_1956_wk_prov_dbs_Part46_tables.csv,4,19,A.A,..,False,False,False,False,False,,2,0.33333333333333337
cdi_ca_1956_wk_prov_dbs_Part46_tables.csv,5,0, infectious,-,False,False,False,False,False,,11,0.0
cdi_ca_1956_wk_prov_dbs_Part46_tables.csv,5,9,-,..,False,False,False,False,False,,2,0.0
cdi_ca_1956_wk_prov_dbs_Part46_tables.csv,5,10,,..,False,False,False,False,False,,2,0.0
cdi_ca_1956_wk_prov_dbs_Part46_tables.csv,5,11,,..,False,False,False,False,False,,2,0.0
cdi_ca_1956_wk_prov_dbs_Part46_tables.csv,5,18,-,..,False,False,False,False,False,,2,0.0
cdi_ca_1956_wk_prov_dbs_Part46_tables.csv,5,19,,..,False,False,False,False,False,,2,0.0
cdi_ca_1956_wk_prov_dbs_Part46_tables.csv,5,20,,..,False,False,False,False,False,,2,0.0
cdi_ca_1956_wk_prov_dbs_Part46_tables.csv,5,21,,..,False,False,False,False,False,,2,0.0
cdi_ca_1956_wk_prov_dbs_Part46_tables.csv,5,23,1,..,False,False,False,False,False,,2,0.0
cdi_ca_1956_wk_prov_dbs_Part46_tables.csv,5,36,-,6,False,False,False,False,False,,1,0.0
cdi_ca_1956_wk_prov_dbs_Part46_tables.csv,6,6,"9,648",..,False,False,False,False,False,,5,0.0
cdi_ca_1956_wk_prov_dbs_Part46_tables.csv,6,7,,..,False,False,False,False,False,,2,0.0
cdi_ca_1956_wk_prov_dbs_Part46_tables.csv,6,8,,..,False,False,False,False,False,,2,0.0
cdi_ca_1956_wk_prov_dbs_Part46_tables.csv,6,15,56,..,False,False,False,False,False,,2,0.0
cdi_ca_1956_wk_prov_dbs_Part46_tables.csv,6,16,,..,False,False,False,False,False,,2,0.0
cdi_ca_1956_wk_prov_dbs_Part46_tables.csv,6,17,A.O.,..,False,False,False,False,False,,2,0.5
cdi_ca_1956_wk_prov_dbs_Part46_tables.csv,6,25,1,-,False,False,False,False,False,,1,0.0
cdi_ca_1956_wk_prov_dbs_Part46_tables.csv,6,30,-,..,False,False,False,False,False,,2,0.0
cdi_ca_1956_wk_prov_dbs_Part46_tables.csv,6,31,A.A,..,False,False,False,False,False,,2,0.33333333333333337
cdi_ca_1956_wk_prov_dbs_Part46_tables.csv,6,32,,..,False,False,False,False,False,,2,0.0
cdi_ca_1956_wk_prov_dbs_Part46_tables.csv,6,36,-,7,False,False,False,False,False,,1,0.0
cdi_ca_1956_wk_prov_dbs_Part46_tables.csv,7,9,,..,False,False,False,False,False,,2,0.0
cdi_ca_1956_wk_prov_dbs_Part46_tables.csv,7,10,,..,False,False,False,False,False,,2,0.0
cdi_ca_1956_wk_prov_dbs_Part46_tables.csv,7,15,,..,False,False,False,False,False,,2,0.0
cdi_ca_1956_wk_prov_dbs_Part46_tables.csv,7,16,,..,False,False,False,False,False,,2,0.0
cdi_ca_1956_wk_prov_dbs_Part46_tables.csv,7,17,,..,False,False,False,False,False,,2,0.0
cdi_ca_1956_wk_prov_dbs_Part46_tables.csv,7,27,a.e.,..,False,False,False,False,False,,2,0.5
cdi_ca_1956_wk_prov_dbs_Part46_tables.csv,8,29,1,-,False,False,False,False,False,,1,0.0
cdi_ca_1956_wk_prov_dbs_Part46_tables.csv,8,30,I:,..,False,False,False,False,False,,2,0.0
cdi_ca_1956_wk_prov_dbs_Part46_tables.csv,8,31,0.0,..,False,False,False,False,False,,2,0.33333333333333337
cdi_ca_1956_wk_prov_dbs_Part46_tables.csv,8,32,,..,False,False,False,False,False,,2,0.0
cdi_ca_1956_wk_prov_dbs_Part46_tables.csv,8,33,,-,False,False,False,False,False,,1,0.0
cdi_ca_1956_wk_prov_dbs_Part46_tables.csv,8,36,1,9,False,False,False,False,False,,1,0.0
cdi_ca_1956_wk_prov_dbs_Part46_tables.csv,9,8,I,1,False,False,False,False,False,,1,0.0
cdi_ca_1956_wk_prov_dbs_Part46_tables.csv,9,10,,..,False,False,False,False,False,,2,0.0
cdi_ca_1956_wk_prov_dbs_Part46_tables.csv,9,15,,..,False,False,False,False,False,,2,0.0
cdi_ca_1956_wk_prov_dbs_Part46_tables.csv,9,16,,..,False,False,False,False,False,,2,0.0
cdi_ca_1956_wk_prov_dbs_Part46_tables.csv,9,27,,..,False,False,False,False,False,,2,0.0
cdi_ca_1956_wk_prov_dbs_Part46_tables.csv,9,28,,..,False,False,False,False,False,,2,0.0
cdi_ca_1956_wk_prov_dbs_Part46_tables.csv,9,30,,..,False,False,False,False,False,,2,0.0
cdi_ca_1956_wk_prov_dbs_Part46_tables.csv,9,31,,..,False,False,False,False,False,,2,0.0
cdi_ca_1956_wk_prov_dbs_Part46_tables.csv,10,33,7,-,False,False,False,False,False,,1,0.0
cdi_ca_1956_wk_prov_dbs_Part46_tables.csv,10,34,=,-,False,False,False,False,False,,1,0.0
cdi_ca_1956_wk_prov_dbs_Part46_tables.csv,10,36,6,11,False,False,False,False,False,,2,0.0
cdi_ca_1956_wk_prov_dbs_Part46_tables.csv,11,26,F,-,False,False,False,False,False,,1,0.0
cdi_ca_1956_wk_prov_dbs_Part46_tables.csv,11,28,E,-,False,False,False,False,False,,1,0.0
cdi_ca_1956_wk_prov_dbs_Part46_tables.csv,11,33,PP.,-,False,False,False,False,False,,3,0.0
cdi_ca_1956_wk_prov_dbs_Part46_tables.csv,11,34,E,-,False,False,False,False,False,,1,0.0
cdi_ca_1956_wk_prov_dbs_Part46_tables.csv,13,9,..R,..,False,False,False,False,False,,1,0.6666666666666667
cdi_ca_1956_wk_prov_dbs_Part46_tables.csv,13,10,P...,..,False,False,False,False,False,,2,0.5
cdi_ca_1956_wk_prov_dbs_Part46_tables.csv,13,11,...,..,False,False,False,False,False,,1,0.6666666666666667
cdi_ca_1956_wk_prov_dbs_Part46_tables.csv,13,15,,..,False,False,False,False,False,,2,0.0
cdi_ca_1956_wk_prov_dbs_Part46_tables.csv,13,16,,..,False,False,False,False,False,,2,0.0
cdi_ca_1956_wk_prov_dbs_Part46_tables.csv,13,17,P...,..,False,False,False,False,False,,2,0.5
cdi_ca_1956_wk_prov_dbs_Part46_tables.csv,13,27,a.e,..,False,False,False,False,False,,2,0.33333333333333337
cdi_ca_1956_wk_prov_dbs_Part46_tables.csv,13,28,A.A,..,False,False,False,False,False,,2,0.33333333333333337
cdi_ca_1956_wk_prov_dbs_Part46_tables.csv,14,36,45,15,False,False,False,False,False,,1,0.5
cdi_ca_1956_wk_prov_dbs_Part46_tables.csv,15,9,...,..,False,False,False,False,False,,1,0.6666666666666667
cdi_ca_1956_wk_prov_dbs_Part46_tables.csv,15,10,P...,..,False,False,False,False,False,,2,0.5
cdi_ca_1956_wk_prov_dbs_Part46_tables.csv,15,11,T.A,..,False,False,False,False,False,,2,0.33333333333333337
cdi_ca_1956_wk_prov_dbs_Part46_tables.csv,15,35,I,-,False,False,False,False,False,,1,0.0
cdi_ca_1956_wk_prov_dbs_Part46_tables.csv,17,27,5.,5,False,False,False,False,False,,1,0.5
cdi_ca_1956_wk_prov_dbs_Part46_tables.csv,20,30,a.a,..,False,False,False,False,False,,2,0.33333333333333337
cdi_ca_1956_wk_prov_dbs_Part46_tables.csv,20,31,,..,False,False,False,False,False,,2,0.0
cdi_ca_1956_wk_prov_dbs_Part46_tables.csv,20,32,,..,False,False,False,False,False,,2,0.0
cdi_ca_1956_wk_prov_dbs_Part46_tables.csv,21,17,5.,5,False,False,False,False,False,,1,0.5
cdi_ca_1956_wk_prov_dbs_Part46_tables.csv,22,2,2,4,False,False,False,False,False,,1,0.0
cdi_ca_1956_wk_prov_dbs_Part46_tables.csv,22,36,-,23,False,False,False,False,False,,2,0.0
cdi_ca_1956_wk_prov_dbs_Part46_tables.csv,24,33,5.,5,False,False,False,False,False,,1,0.5
cdi_ca_1956_wk_prov_dbs_Part46_tables.csv,27,15,35,85,False,False,False,False,False,,1,0.5
cdi_ca_1956_wk_prov_dbs_Part47_tables.csv,0,15,:.,..,False,False,False,False,False,,1,0.5
cdi_ca_1956_wk_prov_dbs_Part47_tables.csv,0,16,: .,..,False,False,False,False,False,,2,0.33333333333333337
cdi_ca_1956_wk_prov_dbs_Part47_tables.csv,0,17,:,..,False,False,False,False,False,,2,0.0
cdi_ca_1956_wk_prov_dbs_Part47_tables.csv,0,27,...,..,False,False,False,False,False,,1,0.6666666666666667
cdi_ca_1956_wk_prov_dbs_Part47_tables.csv,0,28,...,..,False,False,False,False,False,,1,0.6666666666666667
cdi_ca_1956_wk_prov_dbs_Part47_tables.csv,0,30,...,..,False,False,False,False,False,,1,0.6666666666666667
cdi_ca_1956_wk_prov_dbs_Part47_tables.csv,0,31,...,..,False,False,False,False,False,,1,0.6666666666666667
cdi_ca_1956_wk_prov_dbs_Part47_tables.csv,2,17,0.8,..,False,False,False,False,False,,2,0.33333333333333337
cdi_ca_1956_wk_prov_dbs_Part47_tables.csv,2,18,A.O.,..,False,False,False,False,False,,2,0.5
cdi_ca_1956_wk_prov_dbs_Part47_tables.csv,2,19,0.0,..,False,False,False,False,False,,2,0.33333333333333337
cdi_ca_1956_wk_prov_dbs_Part47_tables.csv,3,4,3.,3,False,False,False,False,False,,1,0.5
cdi_ca_1956_wk_prov_dbs_Part47_tables.csv,3,15,,..,False,False,False,False,False,,2,0.0
cdi_ca_1956_wk_prov_dbs_Part47_tables.csv,3,16,,..,False,False,False,False,False,,2,0.0
cdi_ca_1956_wk_prov_dbs_Part47_tables.csv,3,17,,..,False,False,False,False,False,,2,0.0
cdi_ca_1956_wk_prov_dbs_Part47_tables.csv,3,20,a.e.,..,False,False,False,False,False,,2,0.5
cdi_ca_1956_wk_prov_dbs_Part47_tables.csv,4,15,...,..,False,False,False,False,False,,1,0.6666666666666667
cdi_ca_1956_wk_prov_dbs_Part47_tables.csv,4,18,A.P.,..,False,False,False,False,False,,2,0.5
cdi_ca_1956_wk_prov_dbs_Part47_tables.csv,4,19,....,..,False,False,False,False,False,,2,0.5
cdi_ca_1956_wk_prov_dbs_Part47_tables.csv,5,5,33,69,False,False,False,False,False,,2,0.0
cdi_ca_1956_wk_prov_dbs_Part47_tables.csv,5,9,-,..,False,False,False,False,False,,2,0.0
cdi_ca_1956_wk_prov_dbs_Part47_tables.csv,5,10,,..,False,False,False,False,False,,2,0.0
cdi_ca_1956_wk_prov_dbs_Part47_tables.csv,5,11,,..,False,False,False,False,False,,2,0.0
cdi_ca_1956_wk_prov_dbs_Part47_tables.csv,5,20,...,..,False,False,False,False,False,,1,0.6666666666666667
cdi_ca_1956_wk_prov_dbs_Part47_tables.csv,5,23,4.8,..,False,False,False,False,False,,2,0.33333333333333337
cdi_ca_1956_wk_prov_dbs_Part47_tables.csv,5,36,-,6,False,False,False,False,False,,1,0.0
cdi_ca_1956_wk_prov_dbs_Part47_tables.csv,6,6,"9,779",..,False,False,False,False,False,,5,0.0
cdi_ca_1956_wk_prov_dbs_Part47_tables.csv,6,7,...,..,False,False,False,False,False,,1,0.6666666666666667
cdi_ca_1956_wk_prov_dbs_Part47_tables.csv,6,8,R.O.,..,False,False,False,False,False,,2,0.5
cdi_ca_1956_wk_prov_dbs_Part47_tables.csv,6,15,34,..,False,False,False,False,False,,2,0.0
cdi_ca_1956_wk_prov_dbs_Part47_tables.csv,6,16,...,..,False,False,False,False,False,,1,0.6666666666666667
cdi_ca_1956_wk_prov_dbs_Part47_tables.csv,6,17,A.P.,..,False,False,False,False,False,,2,0.5
cdi_ca_1956_wk_prov_dbs_Part47_tables.csv,6,30,-,..,False,False,False,False,False,,2,0.0
cdi_ca_1956_wk_prov_dbs_Part47_tables.csv,6,31,,..,False,False,False,False,False,,2,0.0
cdi_ca_1956_wk_prov_dbs_Part47_tables.csv,6,32,,..,False,False,False,False,False,,2,0.0
cdi_ca_1956_wk_prov_dbs_Part47_tables.csv,6,36,-,7,False,False,False,False,False,,1,0.0
cdi_ca_1956_wk_prov_dbs_Part47_tables.csv,7,9,...,..,False,False,False,False,False,,1,0.6666666666666667
cdi_ca_1956_wk_prov_dbs_Part47_tables.csv,7,10,R.O.,..,False,False,False,False,False,,2,0.5
cdi_ca_1956_wk_prov_dbs_Part47_tables.csv,7,15,,..,False,False,False,False,False,,2,0.0
cdi_ca_1956_wk_prov_dbs_Part47_tables.csv,7,16,A.S.,..,False,False,False,False,False,,2,0.5
cdi_ca_1956_wk_prov_dbs_Part47_tables.csv,7,27,...,..,False,False,False,False,False,,1,0.6666666666666667
cdi_ca_1956_wk_prov_dbs_Part47_tables.csv,7,28,,..,False,False,False,False,False,,2,0.0
cdi_ca_1956_wk_prov_dbs_Part47_tables.csv,8,19,1,.,False,False,False,False,False,,1,0.0
cdi_ca_1956_wk_prov_dbs_Part47_tables.csv,8,30,-,..,False,False,False,False,False,,2,0.0
cdi_ca_1956_wk_prov_dbs_Part47_tables.csv,8,31,...,..,False,False,False,False,False,,1,0.6666666666666667
cdi_ca_1956_wk_prov_dbs_Part47_tables.csv,8,32,...,..,False,False,False,False,False,,1,0.6666666666666667
cdi_ca_1956_wk_prov_dbs_Part47_tables.csv,8,36,-,9,False,False,False,False,False,,1,0.0
cdi_ca_1956_wk_prov_dbs_Part47_tables.csv,9,17,...,..,False,False,False,False,False,,1,0.6666666666666667
cdi_ca_1956_wk_prov_dbs_Part47_tables.csv,9,27,...,..,False,False,False,False,False,,1,0.6666666666666667
cdi_ca_1956_wk_prov_dbs_Part47_tables.csv,9,28,R.A,..,False,False,False,False,False,,2,0.33333333333333337
cdi_ca_1956_wk_prov_dbs_Part47_tables.csv,9,30,...,..,False,False,False,False,False,,1,0.6666666666666667
cdi_ca_1956_wk_prov_dbs_Part47_tables.csv,9,31,...,..,False,False,False,False,False,,1,0.6666666666666667
cdi_ca_1956_wk_prov_dbs_Part47_tables.csv,10,36,5,11,False,False,False,False,False,,2,0.0
cdi_ca_1956_wk_prov_dbs_Part47_tables.csv,13,9,...,..,False,False,False,False,False,,1,0.6666666666666667
cdi_ca_1956_wk_prov_dbs_Part47_tables.csv,13,10,,..,False,False,False,False,False,,2,0.0
cdi_ca_1956_wk_prov_dbs_Part47_tables.csv,13,11,V.A,..,False,False,False,False,False,,2,0.33333333333333337
cdi_ca_1956_wk_prov_dbs_Part47_tables.csv,13,16,...,..,False,False,False,False,False,,1,0.6666666666666667
cdi_ca_1956_wk_prov_dbs_Part47_tables.csv,13,17,**,..,False,False,False,False,False,,2,0.0
cdi_ca_1956_wk_prov_dbs_Part47_tables.csv,13,27,a..,..,False,False,False,False,False,,1,0.6666666666666667
cdi_ca_1956_wk_prov_dbs_Part47_tables.csv,13,28,A.R,..,False,False,False,False,False,,2,0.33333333333333337
cdi_ca_1956_wk_prov_dbs_Part47_tables.csv,13,29,...,..,False,False,False,False,False,,1,0.6666666666666667
cdi_ca_1956_wk_prov_dbs_Part47_tables.csv,14,29,-,9,False,False,False,False,False,,1,0.0
cdi_ca_1956_wk_prov_dbs_Part47_tables.csv,14,36,46,15,False,False,False,False,False,,2,0.0
cdi_ca_1956_wk_prov_dbs_Part47_tables.csv,15,9,9.8,..,False,False,False,False,False,,2,0.33333333333333337
cdi_ca_1956_wk_prov_dbs_Part47_tables.csv,15,10,...,..,False,False,False,False,False,,1,0.6666666666666667
cdi_ca_1956_wk_prov_dbs_Part47_tables.csv,15,11,..A,..,False,False,False,False,False,,1,0.6666666666666667
cdi_ca_1956_wk_prov_dbs_Part47_tables.csv,16,30,27.,27,False,False,False,False,False,,1,0.6666666666666667
cdi_ca_1956_wk_prov_dbs_Part47_tables.csv,20,30,,..,False,False,False,False,False,,2,0.0
cdi_ca_1956_wk_prov_dbs_Part47_tables.csv,22,36,-,23,False,False,False,False,False,,2,0.0
cdi_ca_1956_wk_prov_dbs_Part48_tables.csv,0,15,...,..,False,False,False,False,False,,1,0.6666666666666667
cdi_ca_1956_wk_prov_dbs_Part48_tables.csv,0,16,...,..,False,False,False,False,False,,1,0.6666666666666667
cdi_ca_1956_wk_prov_dbs_Part48_tables.csv,0,27,:,..,False,False,False,False,False,,2,0.0
cdi_ca_1956_wk_prov_dbs_Part48_tables.csv,0,28,:,..,False,False,False,False,False,,2,0.0
cdi_ca_1956_wk_prov_dbs_Part48_tables.csv,0,30,...,..,False,False,False,False,False,,1,0.6666666666666667
cdi_ca_1956_wk_prov_dbs_Part48_tables.csv,0,31,:,..,False,False,False,False,False,,2,0.0
cdi_ca_1956_wk_prov_dbs_Part48_tables.csv,1,4,116,115,False,False,False,False,False,,1,0.6666666666666667
cdi_ca_1956_wk_prov_dbs_Part48_tables.csv,2,16,**,..,False,False,False,False,False,,2,0.0
cdi_ca_1956_wk_prov_dbs_Part48_tables.csv,2,19,...,..,False,False,False,False,False,,1,0.6666666666666667
cdi_ca_1956_wk_prov_dbs_Part48_tables.csv,3,0,,-,False,False,False,False,False,,1,0.0
cdi_ca_1956_wk_prov_dbs_Part48_tables.csv,3,4,3.,3,False,False,False,False,False,,1,0.5
cdi_ca_1956_wk_prov_dbs_Part48_tables.csv,3,15,...,..,False,False,False,False,False,,1,0.6666666666666667
cdi_ca_1956_wk_prov_dbs_Part48_tables.csv,3,16,...,..,False,False,False,False,False,,1,0.6666666666666667
cdi_ca_1956_wk_prov_dbs_Part48_tables.csv,3,17,....,..,False,False,False,False,False,,2,0.5
cdi_ca_1956_wk_prov_dbs_Part48_tables.csv,3,18,P.A,..,False,False,False,False,False,,2,0.33333333333333337
cdi_ca_1956_wk_prov_dbs_Part48_tables.csv,3,19,,..,False,False,False,False,False,,2,0.0
cdi_ca_1956_wk_prov_dbs_Part48_tables.csv,3,20,...,..,False,False,False,False,False,,1,0.6666666666666667
cdi_ca_1956_wk_prov_dbs_Part48_tables.csv,4,16,a.a,..,False,False,False,False,False,,2,0.33333333333333337
cdi_ca_1956_wk_prov_dbs_Part48_tables.csv,4,17,a.e.,..,False,False,False,False,False,,2,0.5
cdi_ca_1956_wk_prov_dbs_Part48_tables.csv,4,18,0.A,..,False,False,False,False,False,,2,0.33333333333333337
cdi_ca_1956_wk_prov_dbs_Part48_tables.csv,4,19,,..,False,False,False,False,False,,2,0.0
cdi_ca_1956_wk_prov_dbs_Part48_tables.csv,4,33,9.,9,False,False,False,False,False,,1,0.5
cdi_ca_1956_wk_prov_dbs_Part48_tables.csv,5,9,-,..,False,False,False,False,False,,2,0.0
cdi_ca_1956_wk_prov_dbs_Part48_tables.csv,5,10,...,..,False,False,False,False,False,,1,0.6666666666666667
cdi_ca_1956_wk_prov_dbs_Part48_tables.csv,5,11,,..,False,False,False,False,False,,2,0.0
cdi_ca_1956_wk_prov_dbs_Part48_tables.csv,5,18,-,..,False,False,False,False,False,,2,0.0
cdi_ca_1956_wk_prov_dbs_Part48_tables.csv,5,19,9.8,..,False,False,False,False,False,,2,0.33333333333333337
cdi_ca_1956_wk_prov_dbs_Part48_tables.csv,5,20,...,..,False,False,False,False,False,,1,0.6666666666666667
cdi_ca_1956_wk_prov_dbs_Part48_tables.csv,5,21,...,..,False,False,False,False,False,,1,0.6666666666666667
cdi_ca_1956_wk_prov_dbs_Part48_tables.csv,5,36,-,6,False,False,False,False,False,,1,0.0
cdi_ca_1956_wk_prov_dbs_Part48_tables.csv,6,6,"9,900",..,False,False,False,False,False,,5,0.0
cdi_ca_1956_wk_prov_dbs_Part48_tables.csv,6,7,A.O.,..,False,False,False,False,False,,2,0.5
cdi_ca_1956_wk_prov_dbs_Part48_tables.csv,6,8,..A,..,False,False,False,False,False,,1,0.6666666666666667
cdi_ca_1956_wk_prov_dbs_Part48_tables.csv,6,13,197,148,False,False,False,False,False,,2,0.33333333333333337
cdi_ca_1956_wk_prov_dbs_Part48_tables.csv,6,15,39,..,False,False,False,False,False,,2,0.0
cdi_ca_1956_wk_prov_dbs_Part48_tables.csv,6,16,...,..,False,False,False,False,False,,1,0.6666666666666667
cdi_ca_1956_wk_prov_dbs_Part48_tables.csv,6,17,..A,..,False,False,False,False,False,,1,0.6666666666666667
cdi_ca_1956_wk_prov_dbs_Part48_tables.csv,6,30,-,..,False,False,False,False,False,,2,0.0
cdi_ca_1956_wk_prov_dbs_Part48_tables.csv,6,31,,..,False,False,False,False,False,,2,0.0
cdi_ca_1956_wk_prov_dbs_Part48_tables.csv,6,32,....,..,False,False,False,False,False,,2,0.5
cdi_ca_1956_wk_prov_dbs_Part48_tables.csv,6,36,-,7,False,False,False,False,False,,1,0.0
cdi_ca_1956_wk_prov_dbs_Part48_tables.csv,7,9,,..,False,False,False,False,False,,2,0.0
cdi_ca_1956_wk_prov_dbs_Part48_tables.csv,7,10,,..,False,False,False,False,False,,2,0.0
cdi_ca_1956_wk_prov_dbs_Part48_tables.csv,7,11,0.8,..,False,False,False,False,False,,2,0.33333333333333337
cdi_ca_1956_wk_prov_dbs_Part48_tables.csv,7,15,A.S.,..,False,False,False,False,False,,2,0.5
cdi_ca_1956_wk_prov_dbs_Part48_tables.csv,7,16,0.8,..,False,False,False,False,False,,2,0.33333333333333337
cdi_ca_1956_wk_prov_dbs_Part48_tables.csv,7,27,A.G.,..,False,False,False,False,False,,2,0.5
cdi_ca_1956_wk_prov_dbs_Part48_tables.csv,7,28,**,..,False,False,False,False,False,,2,0.0
cdi_ca_1956_wk_prov_dbs_Part48_tables.csv,8,30,-,..,False,False,False,False,False,,2,0.0
cdi_ca_1956_wk_prov_dbs_Part48_tables.csv,8,31,9.A,..,False,False,False,False,False,,2,0.33333333333333337
cdi_ca_1956_wk_prov_dbs_Part48_tables.csv,8,32,...,..,False,False,False,False,False,,1,0.6666666666666667
cdi_ca_1956_wk_prov_dbs_Part48_tables.csv,8,36,1,9,False,False,False,False,False,,1,0.0
cdi_ca_1956_wk_prov_dbs_Part48_tables.csv,9,11,...,..,False,False,False,False,False,,1,0.6666666666666667
cdi_ca_1956_wk_prov_dbs_Part48_tables.csv,9,28,:,..,False,False,False,False,False,,2,0.0
cdi_ca_1956_wk_prov_dbs_Part48_tables.csv,9,30,:.,..,False,False,False,False,False,,1,0.5
cdi_ca_1956_wk_prov_dbs_Part48_tables.csv,9,31,,..,False,False,False,False,False,,2,0.0
cdi_ca_1956_wk_prov_dbs_Part48_tables.csv,10,1,13,3,False,False,False,False,False,,1,0.5
cdi_ca_1956_wk_prov_dbs_Part48_tables.csv,10,36,4,11,False,False,False,False,False,,2,0.0
cdi_ca_1956_wk_prov_dbs_Part48_tables.csv,11,0,9.,9,False,False,False,False,False,,1,0.5
cdi_ca_1956_wk_prov_dbs_Part48_tables.csv,12,1,5.,5,False,False,False,False,False,,1,0.5
cdi_ca_1956_wk_prov_dbs_Part48_tables.csv,12,3,200,2--,False,False,False,False,False,,2,0.33333333333333337
cdi_ca_1956_wk_prov_dbs_Part48_tables.csv,13,9,...,..,False,False,False,False,False,,1,0.6666666666666667
cdi_ca_1956_wk_prov_dbs_Part48_tables.csv,13,10,...,..,False,False,False,False,False,,1,0.6666666666666667
cdi_ca_1956_wk_prov_dbs_Part48_tables.csv,13,11,...,..,False,False,False,False,False,,1,0.6666666666666667
cdi_ca_1956_wk_prov_dbs_Part48_tables.csv,13,17,...,..,False,False,False,False,False,,1,0.6666666666666667
cdi_ca_1956_wk_prov_dbs_Part48_tables.csv,13,27,:.,..,False,False,False,False,False,,1,0.5
cdi_ca_1956_wk_prov_dbs_Part48_tables.csv,13,28,:.,..,False,False,False,False,False,,1,0.5
cdi_ca_1956_wk_prov_dbs_Part48_tables.csv,14,36,52,15,False,False,False,False,False,,2,0.0
cdi_ca_1956_wk_prov_dbs_Part48_tables.csv,15,11,...,..,False,False,False,False,False,,1,0.6666666666666667
cdi_ca_1956_wk_prov_dbs_Part48_tables.csv,20,30,...,..,False,False,False,False,False,,1,0.6666666666666667
cdi_ca_1956_wk_prov_dbs_Part48_tables.csv,20,31,R.A.,..,False,False,False,False,False,,2,0.5
cdi_ca_1956_wk_prov_dbs_Part48_tables.csv,20,32,....,..,False,False,False,False,False,,2,0.5
cdi_ca_1956_wk_prov_dbs_Part48_tables.csv,22,36,-,23,False,False,False,False,False,,2,0.0
cdi_ca_1956_wk_prov_dbs_Part49_tables.csv,0,15,P..,..,False,False,False,False,False,,1,0.6666666666666667
cdi_ca_1956_wk_prov_dbs_Part49_tables.csv,0,16,..A,..,False,False,False,False,False,,1,0.6666666666666667
cdi_ca_1956_wk_prov_dbs_Part49_tables.csv,0,17,...,..,False,False,False,False,False,,1,0.6666666666666667
cdi_ca_1956_wk_prov_dbs_Part49_tables.csv,0,27,A.P.,..,False,False,False,False,False,,2,0.5
cdi_ca_1956_wk_prov_dbs_Part49_tables.csv,0,28,A.A,..,False,False,False,False,False,,2,0.33333333333333337
cdi_ca_1956_wk_prov_dbs_Part49_tables.csv,0,31,P...,..,False,False,False,False,False,,2,0.5
cdi_ca_1956_wk_prov_dbs_Part49_tables.csv,2,0,5.,5,False,False,False,False,False,,1,0.5
cdi_ca_1956_wk_prov_dbs_Part49_tables.csv,2,15,,..,False,False,False,False,False,,2,0.0
cdi_ca_1956_wk_prov_dbs_Part49_tables.csv,2,17,,..,False,False,False,False,False,,2,0.0
cdi_ca_1956_wk_prov_dbs_Part49_tables.csv,2,18,...,..,False,False,False,False,False,,1,0.6666666666666667
cdi_ca_1956_wk_prov_dbs_Part49_tables.csv,2,19,...,..,False,False,False,False,False,,1,0.6666666666666667
cdi_ca_1956_wk_prov_dbs_Part49_tables.csv,3,15,,..,False,False,False,False,False,,2,0.0
cdi_ca_1956_wk_prov_dbs_Part49_tables.csv,3,16,,..,False,False,False,False,False,,2,0.0
cdi_ca_1956_wk_prov_dbs_Part49_tables.csv,3,17,,..,False,False,False,False,False,,2,0.0
cdi_ca_1956_wk_prov_dbs_Part49_tables.csv,3,18,,..,False,False,False,False,False,,2,0.0
cdi_ca_1956_wk_prov_dbs_Part49_tables.csv,3,19,,..,False,False,False,False,False,,2,0.0
cdi_ca_1956_wk_prov_dbs_Part49_tables.csv,3,20,,..,False,False,False,False,False,,2,0.0
cdi_ca_1956_wk_prov_dbs_Part49_tables.csv,4,0,5.,5,False,False,False,False,False,,1,0.5
cdi_ca_1956_wk_prov_dbs_Part49_tables.csv,4,15,A.9,..,False,False,False,False,False,,2,0.33333333333333337
cdi_ca_1956_wk_prov_dbs_Part49_tables.csv,4,17,R.P.,..,False,False,False,False,False,,2,0.5
cdi_ca_1956_wk_prov_dbs_Part49_tables.csv,4,18,P.A,..,False,False,False,False,False,,2,0.33333333333333337
cdi_ca_1956_wk_prov_dbs_Part49_tables.csv,4,19,A.P.,..,False,False,False,False,False,,2,0.5
cdi_ca_1956_wk_prov_dbs_Part49_tables.csv,5,9,-,..,False,False,False,False,False,,2,0.0
cdi_ca_1956_wk_prov_dbs_Part49_tables.csv,5,10,,..,False,False,False,False,False,,2,0.0
cdi_ca_1956_wk_prov_dbs_Part49_tables.csv,5,11,..A,..,False,False,False,False,False,,1,0.6666666666666667
cdi_ca_1956_wk_prov_dbs_Part49_tables.csv,5,18,-,..,False,False,False,False,False,,2,0.0
cdi_ca_1956_wk_prov_dbs_Part49_tables.csv,5,19,O.R,..,False,False,False,False,False,,2,0.33333333333333337
cdi_ca_1956_wk_prov_dbs_Part49_tables.csv,5,22,R.O.,..,False,False,False,False,False,,2,0.5
cdi_ca_1956_wk_prov_dbs_Part49_tables.csv,5,23,...,..,False,False,False,False,False,,1,0.6666666666666667
cdi_ca_1956_wk_prov_dbs_Part49_tables.csv,5,36,-,6,False,False,False,False,False,,1,0.0
cdi_ca_1956_wk_prov_dbs_Part49_tables.csv,6,6,"9,954",..,False,False,False,False,False,,5,0.0
cdi_ca_1956_wk_prov_dbs_Part49_tables.csv,6,7,A.S.,..,False,False,False,False,False,,2,0.5
cdi_ca_1956_wk_prov_dbs_Part49_tables.csv,6,8,...,..,False,False,False,False,False,,1,0.6666666666666667
cdi_ca_1956_wk_prov_dbs_Part49_tables.csv,6,15,52,..,False,False,False,False,False,,2,0.0
cdi_ca_1956_wk_prov_dbs_Part49_tables.csv,6,16,A.O.,..,False,False,False,False,False,,2,0.5
cdi_ca_1956_wk_prov_dbs_Part49_tables.csv,6,17,.A,..,False,False,False,False,False,,1,0.5
cdi_ca_1956_wk_prov_dbs_Part49_tables.csv,6,30,-,..,False,False,False,False,False,,2,0.0
cdi_ca_1956_wk_prov_dbs_Part49_tables.csv,6,31,...,..,False,False,False,False,False,,1,0.6666666666666667
cdi_ca_1956_wk_prov_dbs_Part49_tables.csv,6,32,R.P.,..,False,False,False,False,False,,2,0.5
cdi_ca_1956_wk_prov_dbs_Part49_tables.csv,6,36,3,7,False,False,False,False,False,,1,0.0
cdi_ca_1956_wk_prov_dbs_Part49_tables.csv,7,9,....,..,False,False,False,False,False,,2,0.5
cdi_ca_1956_wk_prov_dbs_Part49_tables.csv,7,10,..A,..,False,False,False,False,False,,1,0.6666666666666667
cdi_ca_1956_wk_prov_dbs_Part49_tables.csv,7,15,R.P.,..,False,False,False,False,False,,2,0.5
cdi_ca_1956_wk_prov_dbs_Part49_tables.csv,7,16,0.0,..,False,False,False,False,False,,2,0.33333333333333337
cdi_ca_1956_wk_prov_dbs_Part49_tables.csv,7,28,...,..,False,False,False,False,False,,1,0.6666666666666667
cdi_ca_1956_wk_prov_dbs_Part49_tables.csv,8,1,2,5,False,False,False,False,False,,1,0.0
cdi_ca_1956_wk_prov_dbs_Part49_tables.csv,8,30,-,..,False,False,False,False,False,,2,0.0
cdi_ca_1956_wk_prov_dbs_Part49_tables.csv,8,31,P.R,..,False,False,False,False,False,,2,0.33333333333333337
cdi_ca_1956_wk_prov_dbs_Part49_tables.csv,8,32,...,..,False,False,False,False,False,,1,0.6666666666666667
cdi_ca_1956_wk_prov_dbs_Part49_tables.csv,8,36,1,9,False,False,False,False,False,,1,0.0
cdi_ca_1956_wk_prov_dbs_Part49_tables.csv,9,9,....,..,False,False,False,False,False,,2,0.5
cdi_ca_1956_wk_prov_dbs_Part49_tables.csv,9,15,4.9.,..,False,False,False,False,False,,2,0.5
cdi_ca_1956_wk_prov_dbs_Part49_tables.csv,9,16,**,..,False,False,False,False,False,,2,0.0
cdi_ca_1956_wk_prov_dbs_Part49_tables.csv,9,27,S.A.,..,False,False,False,False,False,,2,0.5
cdi_ca_1956_wk_prov_dbs_Part49_tables.csv,9,28,...,..,False,False,False,False,False,,1,0.6666666666666667
cdi_ca_1956_wk_prov_dbs_Part49_tables.csv,9,30,...,..,False,False,False,False,False,,1,0.6666666666666667
cdi_ca_1956_wk_prov_dbs_Part49_tables.csv,9,31,,..,False,False,False,False,False,,2,0.0
cdi_ca_1956_wk_prov_dbs_Part49_tables.csv,10,4,579,100,False,False,False,False,False,,3,0.0
cdi_ca_1956_wk_prov_dbs_Part49_tables.csv,10,36,5,11,False,False,False,False,False,,2,0.0
cdi_ca_1956_wk_prov_dbs_Part49_tables.csv,11,0,=,-,False,False,False,False,False,,1,0.0
cdi_ca_1956_wk_prov_dbs_Part49_tables.csv,13,9,,..,False,False,False,False,False,,2,0.0
cdi_ca_1956_wk_prov_dbs_Part49_tables.csv,13,10,,..,False,False,False,False,False,,2,0.0
cdi_ca_1956_wk_prov_dbs_Part49_tables.csv,13,11,A.O.,..,False,False,False,False,False,,2,0.5
cdi_ca_1956_wk_prov_dbs_Part49_tables.csv,13,15,A.S.,..,False,False,False,False,False,,2,0.5
cdi_ca_1956_wk_prov_dbs_Part49_tables.csv,13,16,,..,False,False,False,False,False,,2,0.0
cdi_ca_1956_wk_prov_dbs_Part49_tables.csv,13,17,,..,False,False,False,False,False,,2,0.0
cdi_ca_1956_wk_prov_dbs_Part49_tables.csv,13,26,I,-,False,False,False,False,False,,1,0.0
cdi_ca_1956_wk_prov_dbs_Part49_tables.csv,13,27,.8.8,..,False,False,False,False,False,,2,0.5
cdi_ca_1956_wk_prov_dbs_Part49_tables.csv,13,28,...,..,False,False,False,False,False,,1,0.6666666666666667
cdi_ca_1956_wk_prov_dbs_Part49_tables.csv,14,36,90,15,False,False,False,False,False,,2,0.0
cdi_ca_1956_wk_prov_dbs_Part49_tables.csv,15,9,....,..,False,False,False,False,False,,2,0.5
cdi_ca_1956_wk_prov_dbs_Part49_tables.csv,15,10,...,..,False,False,False,False,False,,1,0.6666666666666667
cdi_ca_1956_wk_prov_dbs_Part49_tables.csv,15,11,...,..,False,False,False,False,False,,1,0.6666666666666667
cdi_ca_1956_wk_prov_dbs_Part49_tables.csv,18,2,9.,9,False,False,False,False,False,,1,0.5
cdi_ca_1956_wk_prov_dbs_Part49_tables.csv,20,30,....,..,False,False,False,False,False,,2,0.5
cdi_ca_1956_wk_prov_dbs_Part49_tables.csv,20,31,...,..,False,False,False,False,False,,1,0.6666666666666667
cdi_ca_1956_wk_prov_dbs_Part49_tables.csv,20,32,:,..,False,False,False,False,False,,2,0.0
cdi_ca_1956_wk_prov_dbs_Part49_tables.csv,22,36,1,23,False,False,False,False,False,,2,0.0
cdi_ca_1956_wk_prov_dbs_Part49_tables.csv,24,9,1,-,False,False,False,False,False,,1,0.0
cdi_ca_1956_wk_prov_dbs_Part49_tables.csv,24,10,1,-,False,False,False,False,False,,1,0.0
cdi_ca_1956_wk_prov_dbs_Part49_tables.csv,24,11,I,-,False,False,False,False,False,,1,0.0
cdi_ca_1956_wk_prov_dbs_Part49_tables.csv,25,9,I,-,False,False,False,False,False,,1,0.0
cdi_ca_1956_wk_prov_dbs_Part49_tables.csv,25,14,6.,6,False,False,False,False,False,,1,0.5
cdi_ca_1956_wk_prov_dbs_Part50_tables.csv,0,15,: .,..,False,False,False,False,False,,2,0.33333333333333337
cdi_ca_1956_wk_prov_dbs_Part50_tables.csv,0,16,: .,..,False,False,False,False,False,,2,0.33333333333333337
cdi_ca_1956_wk_prov_dbs_Part50_tables.csv,0,27,:.,..,False,False,False,False,False,,1,0.5
cdi_ca_1956_wk_prov_dbs_Part50_tables.csv,0,28,:,..,False,False,False,False,False,,2,0.0
cdi_ca_1956_wk_prov_dbs_Part50_tables.csv,0,30,:.,..,False,False,False,False,False,,1,0.5
cdi_ca_1956_wk_prov_dbs_Part50_tables.csv,0,31,...,..,False,False,False,False,False,,1,0.6666666666666667
cdi_ca_1956_wk_prov_dbs_Part50_tables.csv,0,34,194,197,False,False,False,False,False,,1,0.6666666666666667
cdi_ca_1956_wk_prov_dbs_Part50_tables.csv,1,35,,-,False,False,False,False,False,,1,0.0
cdi_ca_1956_wk_prov_dbs_Part50_tables.csv,2,15,8.9,..,False,False,False,False,False,,2,0.33333333333333337
cdi_ca_1956_wk_prov_dbs_Part50_tables.csv,2,16,...,..,False,False,False,False,False,,1,0.6666666666666667
cdi_ca_1956_wk_prov_dbs_Part50_tables.csv,2,17,....,..,False,False,False,False,False,,2,0.5
cdi_ca_1956_wk_prov_dbs_Part50_tables.csv,2,18,...,..,False,False,False,False,False,,1,0.6666666666666667
cdi_ca_1956_wk_prov_dbs_Part50_tables.csv,2,19,,..,False,False,False,False,False,,2,0.0
cdi_ca_1956_wk_prov_dbs_Part50_tables.csv,3,2,,-,False,False,False,False,False,,1,0.0
cdi_ca_1956_wk_prov_dbs_Part50_tables.csv,3,15,R.O,..,False,False,False,False,False,,2,0.33333333333333337
cdi_ca_1956_wk_prov_dbs_Part50_tables.csv,3,16,9.8,..,False,False,False,False,False,,2,0.33333333333333337
cdi_ca_1956_wk_prov_dbs_Part50_tables.csv,3,19,,..,False,False,False,False,False,,2,0.0
cdi_ca_1956_wk_prov_dbs_Part50_tables.csv,3,20,P.A,..,False,False,False,False,False,,2,0.33333333333333337
cdi_ca_1956_wk_prov_dbs_Part50_tables.csv,4,15,,..,False,False,False,False,False,,2,0.0
cdi_ca_1956_wk_prov_dbs_Part50_tables.csv,4,16,,..,False,False,False,False,False,,2,0.0
cdi_ca_1956_wk_prov_dbs_Part50_tables.csv,4,17,,..,False,False,False,False,False,,2,0.0
cdi_ca_1956_wk_prov_dbs_Part50_tables.csv,4,18,,..,False,False,False,False,False,,2,0.0
cdi_ca_1956_wk_prov_dbs_Part50_tables.csv,4,19,,..,False,False,False,False,False,,2,0.0
cdi_ca_1956_wk_prov_dbs_Part50_tables.csv,5,9,-,..,False,False,False,False,False,,2,0.0
cdi_ca_1956_wk_prov_dbs_Part50_tables.csv,5,10,,..,False,False,False,False,False,,2,0.0
cdi_ca_1956_wk_prov_dbs_Part50_tables.csv,5,11,,..,False,False,False,False,False,,2,0.0
cdi_ca_1956_wk_prov_dbs_Part50_tables.csv,5,14,,-,False,False,False,False,False,,1,0.0
cdi_ca_1956_wk_prov_dbs_Part50_tables.csv,5,18,-,..,False,False,False,False,False,,2,0.0
cdi_ca_1956_wk_prov_dbs_Part50_tables.csv,5,19,,..,False,False,False,False,False,,2,0.0
cdi_ca_1956_wk_prov_dbs_Part50_tables.csv,5,20,,..,False,False,False,False,False,,2,0.0
cdi_ca_1956_wk_prov_dbs_Part50_tables.csv,5,21,,..,False,False,False,False,False,,2,0.0
cdi_ca_1956_wk_prov_dbs_Part50_tables.csv,5,22,,..,False,False,False,False,False,,2,0.0
cdi_ca_1956_wk_prov_dbs_Part50_tables.csv,5,23,,..,False,False,False,False,False,,2,0.0
cdi_ca_1956_wk_prov_dbs_Part50_tables.csv,5,36,-,6,False,False,False,False,False,,1,0.0
cdi_ca_1956_wk_prov_dbs_Part50_tables.csv,6,6,"10,002",..,False,False,False,False,False,,6,0.0
cdi_ca_1956_wk_prov_dbs_Part50_tables.csv,6,7,,..,False,False,False,False,False,,2,0.0
cdi_ca_1956_wk_prov_dbs_Part50_tables.csv,6,8,,..,False,False,False,False,False,,2,0.0
cdi_ca_1956_wk_prov_dbs_Part50_tables.csv,6,15,60,..,False,False,False,False,False,,2,0.0
cdi_ca_1956_wk_prov_dbs_Part50_tables.csv,6,16,,..,False,False,False,False,False,,2,0.0
cdi_ca_1956_wk_prov_dbs_Part50_tables.csv,6,17,,..,False,False,False,False,False,,2,0.0
cdi_ca_1956_wk_prov_dbs_Part50_tables.csv,6,30,-,..,False,False,False,False,False,,2,0.0
cdi_ca_1956_wk_prov_dbs_Part50_tables.csv,6,31,,..,False,False,False,False,False,,2,0.0
cdi_ca_1956_wk_prov_dbs_Part50_tables.csv,6,32,,..,False,False,False,False,False,,2,0.0
cdi_ca_1956_wk_prov_dbs_Part50_tables.csv,6,33,,-,False,False,False,False,False,,1,0.0
cdi_ca_1956_wk_prov_dbs_Part50_tables.csv,6,34,,-,False,False,False,False,False,,1,0.0
cdi_ca_1956_wk_prov_dbs_Part50_tables.csv,6,35,,-,False,False,False,False,False,,1,0.0
cdi_ca_1956_wk_prov_dbs_Part50_tables.csv,6,36,,7,False,False,False,False,False,,1,0.0
cdi_ca_1956_wk_prov_dbs_Part50_tables.csv,7,10,,..,False,False,False,False,False,,2,0.0
cdi_ca_1956_wk_prov_dbs_Part50_tables.csv,7,15,,..,False,False,False,False,False,,2,0.0
cdi_ca_1956_wk_prov_dbs_Part50_tables.csv,7,16,,..,False,False,False,False,False,,2,0.0
cdi_ca_1956_wk_prov_dbs_Part50_tables.csv,7,27,,..,False,False,False,False,False,,2,0.0
cdi_ca_1956_wk_prov_dbs_Part50_tables.csv,7,28,,..,False,False,False,False,False,,2,0.0
cdi_ca_1956_wk_prov_dbs_Part50_tables.csv,8,30,-,..,False,False,False,False,False,,2,0.0
cdi_ca_1956_wk_prov_dbs_Part50_tables.csv,8,31,,..,False,False,False,False,False,,2,0.0
cdi_ca_1956_wk_prov_dbs_Part50_tables.csv,8,32,,..,False,False,False,False,False,,2,0.0
cdi_ca_1956_wk_prov_dbs_Part50_tables.csv,8,33,,-,False,False,False,False,False,,1,0.0
cdi_ca_1956_wk_prov_dbs_Part50_tables.csv,8,34,,-,False,False,False,False,False,,1,0.0
cdi_ca_1956_wk_prov_dbs_Part50_tables.csv,8,35,,-,False,False,False,False,False,,1,0.0
cdi_ca_1956_wk_prov_dbs_Part50_tables.csv,8,36,,9,False,False,False,False,False,,1,0.0
cdi_ca_1956_wk_prov_dbs_Part50_tables.csv,9,10,,..,False,False,False,False,False,,2,0.0
cdi_ca_1956_wk_prov_dbs_Part50_tables.csv,9,11,,..,False,False,False,False,False,,2,0.0
cdi_ca_1956_wk_prov_dbs_Part50_tables.csv,9,15,,..,False,False,False,False,False,,2,0.0
cdi_ca_1956_wk_prov_dbs_Part50_tables.csv,9,16,,..,False,False,False,False,False,,2,0.0
cdi_ca_1956_wk_prov_dbs_Part50_tables.csv,9,17,,..,False,False,False,False,False,,2,0.0
cdi_ca_1956_wk_prov_dbs_Part50_tables.csv,9,27,,..,False,False,False,False,False,,2,0.0
cdi_ca_1956_wk_prov_dbs_Part50_tables.csv,9,28,,..,False,False,False,False,False,,2,0.0
cdi_ca_1956_wk_prov_dbs_Part50_tables.csv,9,30,,..,False,False,False,False,False,,2,0.0
cdi_ca_1956_wk_prov_dbs_Part50_tables.csv,9,31,,..,False,False,False,False,False,,2,0.0
cdi_ca_1956_wk_prov_dbs_Part50_tables.csv,10,36,2,11,False,False,False,False,False,,2,0.0
cdi_ca_1956_wk_prov_dbs_Part50_tables.csv,12,14,,-,False,False,False,False,False,,1,0.0
cdi_ca_1956_wk_prov_dbs_Part50_tables.csv,12,35,,-,False,False,False,False,False,,1,0.0
cdi_ca_1956_wk_prov_dbs_Part50_tables.csv,13,9,,..,False,False,False,False,False,,2,0.0
cdi_ca_1956_wk_prov_dbs_Part50_tables.csv,13,10,,..,False,False,False,False,False,,2,0.0
cdi_ca_1956_wk_prov_dbs_Part50_tables.csv,13,11,,..,False,False,False,False,False,,2,0.0
cdi_ca_1956_wk_prov_dbs_Part50_tables.csv,13,15,,..,False,False,False,False,False,,2,0.0
cdi_ca_1956_wk_prov_dbs_Part50_tables.csv,13,16,,..,False,False,False,False,False,,2,0.0
cdi_ca_1956_wk_prov_dbs_Part50_tables.csv,13,17,,..,False,False,False,False,False,,2,0.0
cdi_ca_1956_wk_prov_dbs_Part50_tables.csv,13,27,,..,False,False,False,False,False,,2,0.0
cdi_ca_1956_wk_prov_dbs_Part50_tables.csv,13,28,,..,False,False,False,False,False,,2,0.0
cdi_ca_1956_wk_prov_dbs_Part50_tables.csv,14,36,41,15,False,False,False,False,False,,2,0.0
cdi_ca_1956_wk_prov_dbs_Part50_tables.csv,15,1,,-,False,False,False,False,False,,1,0.0
cdi_ca_1956_wk_prov_dbs_Part50_tables.csv,15,2,,-,False,False,False,False,False,,1,0.0
cdi_ca_1956_wk_prov_dbs_Part50_tables.csv,15,3,,-,False,False,False,False,False,,1,0.0
cdi_ca_1956_wk_prov_dbs_Part50_tables.csv,15,4,,-,False,False,False,False,False,,1,0.0
cdi_ca_1956_wk_prov_dbs_Part50_tables.csv,15,10,,..,False,False,False,False,False,,2,0.0
cdi_ca_1956_wk_prov_dbs_Part50_tables.csv,15,11,,..,False,False,False,False,False,,2,0.0
cdi_ca_1956_wk_prov_dbs_Part50_tables.csv,15,27,,-,False,False,False,False,False,,1,0.0
cdi_ca_1956_wk_prov_dbs_Part50_tables.csv,15,28,,-,False,False,False,False,False,,1,0.0
cdi_ca_1956_wk_prov_dbs_Part50_tables.csv,15,31,,-,False,False,False,False,False,,1,0.0
cdi_ca_1956_wk_prov_dbs_Part50_tables.csv,15,32,,-,False,False,False,False,False,,1,0.0
cdi_ca_1956_wk_prov_dbs_Part50_tables.csv,15,33,,-,False,False,False,False,False,,1,0.0
cdi_ca_1956_wk_prov_dbs_Part50_tables.csv,15,34,,-,False,False,False,False,False,,1,0.0
cdi_ca_1956_wk_prov_dbs_Part50_tables.csv,15,35,1,-,False,False,False,False,False,,1,0.0
cdi_ca_1956_wk_prov_dbs_Part50_tables.csv,18,26,,-,False,False,False,False,False,,1,0.0
cdi_ca_1956_wk_prov_dbs_Part50_tables.csv,19,0,,9,False,False,False,False,False,,1,0.0
cdi_ca_1956_wk_prov_dbs_Part50_tables.csv,19,3,112,442,False,False,False,False,False,,2,0.33333333333333337
cdi_ca_1956_wk_prov_dbs_Part50_tables.csv,20,2,,-,False,False,False,False,False,,1,0.0
cdi_ca_1956_wk_prov_dbs_Part50_tables.csv,20,20,...,..,False,False,False,False,False,,1,0.6666666666666667
cdi_ca_1956_wk_prov_dbs_Part50_tables.csv,20,30,,..,False,False,False,False,False,,2,0.0
cdi_ca_1956_wk_prov_dbs_Part50_tables.csv,20,31,,..,False,False,False,False,False,,2,0.0
cdi_ca_1956_wk_prov_dbs_Part50_tables.csv,20,32,,..,False,False,False,False,False,,2,0.0
cdi_ca_1956_wk_prov_dbs_Part50_tables.csv,20,34,,-,False,False,False,False,False,,1,0.0
cdi_ca_1956_wk_prov_dbs_Part50_tables.csv,20,35,,-,False,False,False,False,False,,1,0.0
cdi_ca_1956_wk_prov_dbs_Part50_tables.csv,22,31,,-,False,False,False,False,False,,1,0.0
cdi_ca_1956_wk_prov_dbs_Part50_tables.csv,22,32,,-,False,False,False,False,False,,1,0.0
cdi_ca_1956_wk_prov_dbs_Part50_tables.csv,22,36,-,23,False,False,False,False,False,,2,0.0
cdi_ca_1956_wk_prov_dbs_Part50_tables.csv,24,33,7,1,False,False,False,False,False,,1,0.0
cdi_ca_1956_wk_prov_dbs_Part50_tables.csv,26,26,,-,False,False,False,False,False,,1,0.0
cdi_ca_1956_wk_prov_dbs_Part51_tables.csv,0,15,,..,False,False,False,False,False,,2,0.0
cdi_ca_1956_wk_prov_dbs_Part51_tables.csv,0,16,,..,False,False,False,False,False,,2,0.0
cdi_ca_1956_wk_prov_dbs_Part51_tables.csv,0,17,,..,False,False,False,False,False,,2,0.0
cdi_ca_1956_wk_prov_dbs_Part51_tables.csv,0,27,a.e.,..,False,False,False,False,False,,2,0.5
cdi_ca_1956_wk_prov_dbs_Part51_tables.csv,0,28,,..,False,False,False,False,False,,2,0.0
cdi_ca_1956_wk_prov_dbs_Part51_tables.csv,0,30,,..,False,False,False,False,False,,2,0.0
cdi_ca_1956_wk_prov_dbs_Part51_tables.csv,0,31,,..,False,False,False,False,False,,2,0.0
cdi_ca_1956_wk_prov_dbs_Part51_tables.csv,0,35,92,91,False,False,False,False,False,,1,0.5
cdi_ca_1956_wk_prov_dbs_Part51_tables.csv,1,35,,-,False,False,False,False,False,,1,0.0
cdi_ca_1956_wk_prov_dbs_Part51_tables.csv,2,16,,..,False,False,False,False,False,,2,0.0
cdi_ca_1956_wk_prov_dbs_Part51_tables.csv,2,17,,..,False,False,False,False,False,,2,0.0
cdi_ca_1956_wk_prov_dbs_Part51_tables.csv,2,18,,..,False,False,False,False,False,,2,0.0
cdi_ca_1956_wk_prov_dbs_Part51_tables.csv,2,19,,..,False,False,False,False,False,,2,0.0
cdi_ca_1956_wk_prov_dbs_Part51_tables.csv,3,15,,..,False,False,False,False,False,,2,0.0
cdi_ca_1956_wk_prov_dbs_Part51_tables.csv,3,16,a,..,False,False,False,False,False,,2,0.0
cdi_ca_1956_wk_prov_dbs_Part51_tables.csv,3,17,,..,False,False,False,False,False,,2,0.0
cdi_ca_1956_wk_prov_dbs_Part51_tables.csv,3,18,,..,False,False,False,False,False,,2,0.0
cdi_ca_1956_wk_prov_dbs_Part51_tables.csv,3,19,,..,False,False,False,False,False,,2,0.0
cdi_ca_1956_wk_prov_dbs_Part51_tables.csv,3,20,,..,False,False,False,False,False,,2,0.0
cdi_ca_1956_wk_prov_dbs_Part51_tables.csv,3,23,,-,False,False,False,False,False,,1,0.0
cdi_ca_1956_wk_prov_dbs_Part51_tables.csv,3,36,,4,False,False,False,False,False,,1,0.0
cdi_ca_1956_wk_prov_dbs_Part51_tables.csv,4,16,...,..,False,False,False,False,False,,1,0.6666666666666667
cdi_ca_1956_wk_prov_dbs_Part51_tables.csv,4,17,....,..,False,False,False,False,False,,2,0.5
cdi_ca_1956_wk_prov_dbs_Part51_tables.csv,4,18,,..,False,False,False,False,False,,2,0.0
cdi_ca_1956_wk_prov_dbs_Part51_tables.csv,4,19,....,..,False,False,False,False,False,,2,0.5
cdi_ca_1956_wk_prov_dbs_Part51_tables.csv,4,35,- 4,4,False,False,False,False,False,,2,0.33333333333333337
cdi_ca_1956_wk_prov_dbs_Part51_tables.csv,5,2,1,-,False,False,False,False,False,,1,0.0
cdi_ca_1956_wk_prov_dbs_Part51_tables.csv,5,9,-,..,False,False,False,False,False,,2,0.0
cdi_ca_1956_wk_prov_dbs_Part51_tables.csv,5,10,...,..,False,False,False,False,False,,1,0.6666666666666667
cdi_ca_1956_wk_prov_dbs_Part51_tables.csv,5,11,.,..,False,False,False,False,False,,1,0.5
cdi_ca_1956_wk_prov_dbs_Part51_tables.csv,5,18,-,..,False,False,False,False,False,,2,0.0
cdi_ca_1956_wk_prov_dbs_Part51_tables.csv,5,19,,..,False,False,False,False,False,,2,0.0
cdi_ca_1956_wk_prov_dbs_Part51_tables.csv,5,20,...,..,False,False,False,False,False,,1,0.6666666666666667
cdi_ca_1956_wk_prov_dbs_Part51_tables.csv,5,21,9.R,..,False,False,False,False,False,,2,0.33333333333333337
cdi_ca_1956_wk_prov_dbs_Part51_tables.csv,5,22,...,..,False,False,False,False,False,,1,0.6666666666666667
cdi_ca_1956_wk_prov_dbs_Part51_tables.csv,5,23,,..,False,False,False,False,False,,2,0.0
cdi_ca_1956_wk_prov_dbs_Part51_tables.csv,5,36,-,6,False,False,False,False,False,,1,0.0
cdi_ca_1956_wk_prov_dbs_Part51_tables.csv,6,6,"10,093",..,False,False,False,False,False,,6,0.0
cdi_ca_1956_wk_prov_dbs_Part51_tables.csv,6,7,:,..,False,False,False,False,False,,2,0.0
cdi_ca_1956_wk_prov_dbs_Part51_tables.csv,6,8,...,..,False,False,False,False,False,,1,0.6666666666666667
cdi_ca_1956_wk_prov_dbs_Part51_tables.csv,6,15,13,..,False,False,False,False,False,,2,0.0
cdi_ca_1956_wk_prov_dbs_Part51_tables.csv,6,16,....,..,False,False,False,False,False,,2,0.5
cdi_ca_1956_wk_prov_dbs_Part51_tables.csv,6,17,...,..,False,False,False,False,False,,1,0.6666666666666667
cdi_ca_1956_wk_prov_dbs_Part51_tables.csv,6,30,-,..,False,False,False,False,False,,2,0.0
cdi_ca_1956_wk_prov_dbs_Part51_tables.csv,6,31,P.A,..,False,False,False,False,False,,2,0.33333333333333337
cdi_ca_1956_wk_prov_dbs_Part51_tables.csv,6,32,R.S.,..,False,False,False,False,False,,2,0.5
cdi_ca_1956_wk_prov_dbs_Part51_tables.csv,6,36,-,7,False,False,False,False,False,,1,0.0
cdi_ca_1956_wk_prov_dbs_Part51_tables.csv,7,2,859,869,False,False,False,False,False,,1,0.6666666666666667
cdi_ca_1956_wk_prov_dbs_Part51_tables.csv,7,9,...,..,False,False,False,False,False,,1,0.6666666666666667
cdi_ca_1956_wk_prov_dbs_Part51_tables.csv,7,11,...,..,False,False,False,False,False,,1,0.6666666666666667
cdi_ca_1956_wk_prov_dbs_Part51_tables.csv,7,15,A.P.,..,False,False,False,False,False,,2,0.5
cdi_ca_1956_wk_prov_dbs_Part51_tables.csv,7,16,.,..,False,False,False,False,False,,1,0.5
cdi_ca_1956_wk_prov_dbs_Part51_tables.csv,7,27,,..,False,False,False,False,False,,2,0.0
cdi_ca_1956_wk_prov_dbs_Part51_tables.csv,7,28,...,..,False,False,False,False,False,,1,0.6666666666666667
cdi_ca_1956_wk_prov_dbs_Part51_tables.csv,8,30,-,..,False,False,False,False,False,,2,0.0
cdi_ca_1956_wk_prov_dbs_Part51_tables.csv,8,31,...,..,False,False,False,False,False,,1,0.6666666666666667
cdi_ca_1956_wk_prov_dbs_Part51_tables.csv,8,32,,..,False,False,False,False,False,,2,0.0
cdi_ca_1956_wk_prov_dbs_Part51_tables.csv,8,36,1,9,False,False,False,False,False,,1,0.0
cdi_ca_1956_wk_prov_dbs_Part51_tables.csv,9,10,...,..,False,False,False,False,False,,1,0.6666666666666667
cdi_ca_1956_wk_prov_dbs_Part51_tables.csv,9,11,...,..,False,False,False,False,False,,1,0.6666666666666667
cdi_ca_1956_wk_prov_dbs_Part51_tables.csv,9,15,R.O.,..,False,False,False,False,False,,2,0.5
cdi_ca_1956_wk_prov_dbs_Part51_tables.csv,9,16,R,..,False,False,False,False,False,,2,0.0
cdi_ca_1956_wk_prov_dbs_Part51_tables.csv,9,17,A.O.,..,False,False,False,False,False,,2,0.5
cdi_ca_1956_wk_prov_dbs_Part51_tables.csv,9,27,,..,False,False,False,False,False,,2,0.0
cdi_ca_1956_wk_prov_dbs_Part51_tables.csv,9,28,,..,False,False,False,False,False,,2,0.0
cdi_ca_1956_wk_prov_dbs_Part51_tables.csv,9,30,a.e.,..,False,False,False,False,False,,2,0.5
cdi_ca_1956_wk_prov_dbs_Part51_tables.csv,9,31,...,..,False,False,False,False,False,,1,0.6666666666666667
cdi_ca_1956_wk_prov_dbs_Part51_tables.csv,9,32,.. 3,3,False,False,False,False,False,,3,0.25
cdi_ca_1956_wk_prov_dbs_Part51_tables.csv,10,27,2,-,False,False,False,False,False,,1,0.0
cdi_ca_1956_wk_prov_dbs_Part51_tables.csv,10,34,1,-,False,False,False,False,False,,1,0.0
cdi_ca_1956_wk_prov_dbs_Part51_tables.csv,10,36,2,11,False,False,False,False,False,,2,0.0
cdi_ca_1956_wk_prov_dbs_Part51_tables.csv,12,29,,-,False,False,False,False,False,,1,0.0
cdi_ca_1956_wk_prov_dbs_Part51_tables.csv,12,34,1,-,False,False,False,False,False,,1,0.0
cdi_ca_1956_wk_prov_dbs_Part51_tables.csv,12,35,I,-,False,False,False,False,False,,1,0.0
cdi_ca_1956_wk_prov_dbs_Part51_tables.csv,12,36,I,13,False,False,False,False,False,,2,0.0
cdi_ca_1956_wk_prov_dbs_Part51_tables.csv,13,9,,..,False,False,False,False,False,,2,0.0
cdi_ca_1956_wk_prov_dbs_Part51_tables.csv,13,10,,..,False,False,False,False,False,,2,0.0
cdi_ca_1956_wk_prov_dbs_Part51_tables.csv,13,11,,..,False,False,False,False,False,,2,0.0
cdi_ca_1956_wk_prov_dbs_Part51_tables.csv,13,15,,..,False,False,False,False,False,,2,0.0
cdi_ca_1956_wk_prov_dbs_Part51_tables.csv,13,16,,..,False,False,False,False,False,,2,0.0
cdi_ca_1956_wk_prov_dbs_Part51_tables.csv,13,17,,..,False,False,False,False,False,,2,0.0
cdi_ca_1956_wk_prov_dbs_Part51_tables.csv,13,27,a.e.,..,False,False,False,False,False,,2,0.5
cdi_ca_1956_wk_prov_dbs_Part51_tables.csv,13,28,:,..,False,False,False,False,False,,2,0.0
cdi_ca_1956_wk_prov_dbs_Part51_tables.csv,14,21,42,-,False,False,False,False,False,,2,0.0
cdi_ca_1956_wk_prov_dbs_Part51_tables.csv,14,36,27,15,False,False,False,False,False,,2,0.0
cdi_ca_1956_wk_prov_dbs_Part51_tables.csv,15,9,,..,False,False,False,False,False,,2,0.0
cdi_ca_1956_wk_prov_dbs_Part51_tables.csv,15,10,A.P.,..,False,False,False,False,False,,2,0.5
cdi_ca_1956_wk_prov_dbs_Part51_tables.csv,15,11,,..,False,False,False,False,False,,2,0.0
cdi_ca_1956_wk_prov_dbs_Part51_tables.csv,15,25,I,-,False,False,False,False,False,,1,0.0
cdi_ca_1956_wk_prov_dbs_Part51_tables.csv,15,26,I,-,False,False,False,False,False,,1,0.0
cdi_ca_1956_wk_prov_dbs_Part51_tables.csv,15,27,I,-,False,False,False,False,False,,1,0.0
cdi_ca_1956_wk_prov_dbs_Part51_tables.csv,15,28,:,-,False,False,False,False,False,,1,0.0
cdi_ca_1956_wk_prov_dbs_Part51_tables.csv,15,29,I,-,False,False,False,False,False,,1,0.0
cdi_ca_1956_wk_prov_dbs_Part51_tables.csv,15,30,I,-,False,False,False,False,False,,1,0.0
cdi_ca_1956_wk_prov_dbs_Part51_tables.csv,15,31,1,-,False,False,False,False,False,,1,0.0
cdi_ca_1956_wk_prov_dbs_Part51_tables.csv,15,34,I,-,False,False,False,False,False,,1,0.0
cdi_ca_1956_wk_prov_dbs_Part51_tables.csv,15,35,I,-,False,False,False,False,False,,1,0.0
cdi_ca_1956_wk_prov_dbs_Part51_tables.csv,17,28,6.,6,False,False,False,False,False,,1,0.5
cdi_ca_1956_wk_prov_dbs_Part51_tables.csv,17,29,3.,3,False,False,False,False,False,,1,0.5
cdi_ca_1956_wk_prov_dbs_Part51_tables.csv,17,31,23,28,False,False,False,False,False,,1,0.5
cdi_ca_1956_wk_prov_dbs_Part51_tables.csv,18,17,I,-,False,False,False,False,False,,1,0.0
cdi_ca_1956_wk_prov_dbs_Part51_tables.csv,18,26,I:,-,False,False,False,False,False,,2,0.0
cdi_ca_1956_wk_prov_dbs_Part51_tables.csv,19,17,I,-,False,False,False,False,False,,1,0.0
cdi_ca_1956_wk_prov_dbs_Part51_tables.csv,19,32,I,-,False,False,False,False,False,,1,0.0
cdi_ca_1956_wk_prov_dbs_Part51_tables.csv,19,34,-:,-,False,False,False,False,False,,1,0.5
cdi_ca_1956_wk_prov_dbs_Part51_tables.csv,19,35,1,-,False,False,False,False,False,,1,0.0
cdi_ca_1956_wk_prov_dbs_Part51_tables.csv,20,18,P.A,..,False,False,False,False,False,,2,0.33333333333333337
cdi_ca_1956_wk_prov_dbs_Part51_tables.csv,20,29,I,-,False,False,False,False,False,,1,0.0
cdi_ca_1956_wk_prov_dbs_Part51_tables.csv,20,30,,..,False,False,False,False,False,,2,0.0
cdi_ca_1956_wk_prov_dbs_Part51_tables.csv,20,31,,..,False,False,False,False,False,,2,0.0
cdi_ca_1956_wk_prov_dbs_Part51_tables.csv,20,32,...,..,False,False,False,False,False,,1,0.6666666666666667
cdi_ca_1956_wk_prov_dbs_Part51_tables.csv,20,34,=,-,False,False,False,False,False,,1,0.0
cdi_ca_1956_wk_prov_dbs_Part51_tables.csv,20,35,I,-,False,False,False,False,False,,1,0.0
cdi_ca_1956_wk_prov_dbs_Part51_tables.csv,22,2,4,2,False,False,False,False,False,,1,0.0
cdi_ca_1956_wk_prov_dbs_Part51_tables.csv,22,29,4,-,False,False,False,False,False,,1,0.0
cdi_ca_1956_wk_prov_dbs_Part51_tables.csv,22,30,I,-,False,False,False,False,False,,1,0.0
cdi_ca_1956_wk_prov_dbs_Part51_tables.csv,22,31,1,-,False,False,False,False,False,,1,0.0
cdi_ca_1956_wk_prov_dbs_Part51_tables.csv,22,33,1,-,False,False,False,False,False,,1,0.0
cdi_ca_1956_wk_prov_dbs_Part51_tables.csv,22,34,I,-,False,False,False,False,False,,1,0.0
cdi_ca_1956_wk_prov_dbs_Part51_tables.csv,22,35,I,-,False,False,False,False,False,,1,0.0
cdi_ca_1956_wk_prov_dbs_Part51_tables.csv,22,36,I,23,False,False,False,False,False,,2,0.0
cdi_ca_1956_wk_prov_dbs_Part51_tables.csv,23,1,I,-,False,False,False,False,False,,1,0.0
cdi_ca_1956_wk_prov_dbs_Part51_tables.csv,23,28,I,-,False,False,False,False,False,,1,0.0
cdi_ca_1956_wk_prov_dbs_Part51_tables.csv,23,33,I,-,False,False,False,False,False,,1,0.0
cdi_ca_1956_wk_prov_dbs_Part51_tables.csv,23,34,I,-,False,False,False,False,False,,1,0.0
cdi_ca_1956_wk_prov_dbs_Part51_tables.csv,23,35,1,-,False,False,False,False,False,,1,0.0
cdi_ca_1956_wk_prov_dbs_Part51_tables.csv,24,28,I,-,False,False,False,False,False,,1,0.0
cdi_ca_1956_wk_prov_dbs_Part51_tables.csv,24,30,I,-,False,False,False,False,False,,1,0.0
cdi_ca_1956_wk_prov_dbs_Part51_tables.csv,24,31,I,-,False,False,False,False,False,,1,0.0
cdi_ca_1956_wk_prov_dbs_Part51_tables.csv,25,15,I,-,False,False,False,False,False,,1,0.0
cdi_ca_1956_wk_prov_dbs_Part51_tables.csv,25,21,I,-,False,False,False,False,False,,1,0.0
cdi_ca_1956_wk_prov_dbs_Part52_tables.csv,0,27,R.P.,..,False,False,False,False,False,,2,0.5
cdi_ca_1956_wk_prov_dbs_Part52_tables.csv,0,28,...,..,False,False,False,False,False,,1,0.6666666666666667
cdi_ca_1956_wk_prov_dbs_Part52_tables.csv,0,30,...,..,False,False,False,False,False,,1,0.6666666666666667
cdi_ca_1956_wk_prov_dbs_Part52_tables.csv,0,31,a.e,..,False,False,False,False,False,,2,0.33333333333333337
cdi_ca_1956_wk_prov_dbs_Part52_tables.csv,0,33,2,208,False,False,False,False,False,,2,0.33333333333333337
cdi_ca_1956_wk_prov_dbs_Part52_tables.csv,2,15,,..,False,False,False,False,False,,2,0.0
cdi_ca_1956_wk_prov_dbs_Part52_tables.csv,2,19,,..,False,False,False,False,False,,2,0.0
cdi_ca_1956_wk_prov_dbs_Part52_tables.csv,3,15,,..,False,False,False,False,False,,2,0.0
cdi_ca_1956_wk_prov_dbs_Part52_tables.csv,3,16,,..,False,False,False,False,False,,2,0.0
cdi_ca_1956_wk_prov_dbs_Part52_tables.csv,3,17,,..,False,False,False,False,False,,2,0.0
cdi_ca_1956_wk_prov_dbs_Part52_tables.csv,3,18,,..,False,False,False,False,False,,2,0.0
cdi_ca_1956_wk_prov_dbs_Part52_tables.csv,3,19,,..,False,False,False,False,False,,2,0.0
cdi_ca_1956_wk_prov_dbs_Part52_tables.csv,3,20,,..,False,False,False,False,False,,2,0.0
cdi_ca_1956_wk_prov_dbs_Part52_tables.csv,4,15,,..,False,False,False,False,False,,2,0.0
cdi_ca_1956_wk_prov_dbs_Part52_tables.csv,4,17,,..,False,False,False,False,False,,2,0.0
cdi_ca_1956_wk_prov_dbs_Part52_tables.csv,4,18,,..,False,False,False,False,False,,2,0.0
cdi_ca_1956_wk_prov_dbs_Part52_tables.csv,4,19,,..,False,False,False,False,False,,2,0.0
cdi_ca_1956_wk_prov_dbs_Part52_tables.csv,4,20,...,..,False,False,False,False,False,,1,0.6666666666666667
cdi_ca_1956_wk_prov_dbs_Part52_tables.csv,5,9,-,..,False,False,False,False,False,,2,0.0
cdi_ca_1956_wk_prov_dbs_Part52_tables.csv,5,10,,..,False,False,False,False,False,,2,0.0
cdi_ca_1956_wk_prov_dbs_Part52_tables.csv,5,11,,..,False,False,False,False,False,,2,0.0
cdi_ca_1956_wk_prov_dbs_Part52_tables.csv,5,18,-,..,False,False,False,False,False,,2,0.0
cdi_ca_1956_wk_prov_dbs_Part52_tables.csv,5,19,,..,False,False,False,False,False,,2,0.0
cdi_ca_1956_wk_prov_dbs_Part52_tables.csv,5,20,,..,False,False,False,False,False,,2,0.0
cdi_ca_1956_wk_prov_dbs_Part52_tables.csv,5,21,,..,False,False,False,False,False,,2,0.0
cdi_ca_1956_wk_prov_dbs_Part52_tables.csv,5,22,,..,False,False,False,False,False,,2,0.0
cdi_ca_1956_wk_prov_dbs_Part52_tables.csv,5,23,,..,False,False,False,False,False,,2,0.0
cdi_ca_1956_wk_prov_dbs_Part52_tables.csv,5,36,-,6,False,False,False,False,False,,1,0.0
cdi_ca_1956_wk_prov_dbs_Part52_tables.csv,6,6,"10,110",..,False,False,False,False,False,,6,0.0
cdi_ca_1956_wk_prov_dbs_Part52_tables.csv,6,7,,..,False,False,False,False,False,,2,0.0
cdi_ca_1956_wk_prov_dbs_Part52_tables.csv,6,8,,..,False,False,False,False,False,,2,0.0
cdi_ca_1956_wk_prov_dbs_Part52_tables.csv,6,14,82,69,False,False,False,False,False,,2,0.0
cdi_ca_1956_wk_prov_dbs_Part52_tables.csv,6,15,6.9,..,False,False,False,False,False,,2,0.33333333333333337
cdi_ca_1956_wk_prov_dbs_Part52_tables.csv,6,16,,..,False,False,False,False,False,,2,0.0
cdi_ca_1956_wk_prov_dbs_Part52_tables.csv,6,30,-,..,False,False,False,False,False,,2,0.0
cdi_ca_1956_wk_prov_dbs_Part52_tables.csv,6,31,,..,False,False,False,False,False,,2,0.0
cdi_ca_1956_wk_prov_dbs_Part52_tables.csv,6,32,,..,False,False,False,False,False,,2,0.0
cdi_ca_1956_wk_prov_dbs_Part52_tables.csv,6,36,-,7,False,False,False,False,False,,1,0.0
cdi_ca_1956_wk_prov_dbs_Part52_tables.csv,7,9,,..,False,False,False,False,False,,2,0.0
cdi_ca_1956_wk_prov_dbs_Part52_tables.csv,7,10,,..,False,False,False,False,False,,2,0.0
cdi_ca_1956_wk_prov_dbs_Part52_tables.csv,7,15,,..,False,False,False,False,False,,2,0.0
cdi_ca_1956_wk_prov_dbs_Part52_tables.csv,7,16,,..,False,False,False,False,False,,2,0.0
cdi_ca_1956_wk_prov_dbs_Part52_tables.csv,7,27,a,..,False,False,False,False,False,,2,0.0
cdi_ca_1956_wk_prov_dbs_Part52_tables.csv,7,28,,..,False,False,False,False,False,,2,0.0
cdi_ca_1956_wk_prov_dbs_Part52_tables.csv,7,33,-,254,False,False,False,False,False,,3,0.0
cdi_ca_1956_wk_prov_dbs_Part52_tables.csv,8,19,1,-,False,False,False,False,False,,1,0.0
cdi_ca_1956_wk_prov_dbs_Part52_tables.csv,8,30,-,..,False,False,False,False,False,,2,0.0
cdi_ca_1956_wk_prov_dbs_Part52_tables.csv,8,31,0.0,..,False,False,False,False,False,,2,0.33333333333333337
cdi_ca_1956_wk_prov_dbs_Part52_tables.csv,8,32,,..,False,False,False,False,False,,2,0.0
cdi_ca_1956_wk_prov_dbs_Part52_tables.csv,8,33,,1,False,False,False,False,False,,1,0.0
cdi_ca_1956_wk_prov_dbs_Part52_tables.csv,8,36,-,9,False,False,False,False,False,,1,0.0
cdi_ca_1956_wk_prov_dbs_Part52_tables.csv,9,15,,..,False,False,False,False,False,,2,0.0
cdi_ca_1956_wk_prov_dbs_Part52_tables.csv,9,16,,..,False,False,False,False,False,,2,0.0
cdi_ca_1956_wk_prov_dbs_Part52_tables.csv,9,17,:.,..,False,False,False,False,False,,1,0.5
cdi_ca_1956_wk_prov_dbs_Part52_tables.csv,9,27,,..,False,False,False,False,False,,2,0.0
cdi_ca_1956_wk_prov_dbs_Part52_tables.csv,9,28,,..,False,False,False,False,False,,2,0.0
cdi_ca_1956_wk_prov_dbs_Part52_tables.csv,9,30,P.A,..,False,False,False,False,False,,2,0.33333333333333337
cdi_ca_1956_wk_prov_dbs_Part52_tables.csv,9,31,A.O.,..,False,False,False,False,False,,2,0.5
cdi_ca_1956_wk_prov_dbs_Part52_tables.csv,9,33,-,237,False,False,False,False,False,,3,0.0
cdi_ca_1956_wk_prov_dbs_Part52_tables.csv,10,36,-,11,False,False,False,False,False,,2,0.0
cdi_ca_1956_wk_prov_dbs_Part52_tables.csv,13,9,,..,False,False,False,False,False,,2,0.0
cdi_ca_1956_wk_prov_dbs_Part52_tables.csv,13,10,,..,False,False,False,False,False,,2,0.0
cdi_ca_1956_wk_prov_dbs_Part52_tables.csv,13,11,as,..,False,False,False,False,False,,2,0.0
cdi_ca_1956_wk_prov_dbs_Part52_tables.csv,13,15,,..,False,False,False,False,False,,2,0.0
cdi_ca_1956_wk_prov_dbs_Part52_tables.csv,13,16,,..,False,False,False,False,False,,2,0.0
cdi_ca_1956_wk_prov_dbs_Part52_tables.csv,13,17,A.P.,..,False,False,False,False,False,,2,0.5
cdi_ca_1956_wk_prov_dbs_Part52_tables.csv,14,2,129,444,False,False,False,False,False,,3,0.0
cdi_ca_1956_wk_prov_dbs_Part52_tables.csv,14,33,98,7,False,False,False,False,False,,2,0.0
cdi_ca_1956_wk_prov_dbs_Part52_tables.csv,14,36,54,15,False,False,False,False,False,,2,0.0
cdi_ca_1956_wk_prov_dbs_Part52_tables.csv,15,9,...,..,False,False,False,False,False,,1,0.6666666666666667
cdi_ca_1956_wk_prov_dbs_Part52_tables.csv,15,10,...,..,False,False,False,False,False,,1,0.6666666666666667
cdi_ca_1956_wk_prov_dbs_Part52_tables.csv,15,11,...,..,False,False,False,False,False,,1,0.6666666666666667
cdi_ca_1956_wk_prov_dbs_Part52_tables.csv,16,33,-,8,False,False,False,False,False,,1,0.0
cdi_ca_1956_wk_prov_dbs_Part52_tables.csv,17,33,-,8,False,False,False,False,False,,1,0.0
cdi_ca_1956_wk_prov_dbs_Part52_tables.csv,20,19,:.,..,False,False,False,False,False,,1,0.5
cdi_ca_1956_wk_prov_dbs_Part52_tables.csv,20,20,:.,..,False,False,False,False,False,,1,0.5
cdi_ca_1956_wk_prov_dbs_Part52_tables.csv,20,32,...,..,False,False,False,False,False,,1,0.6666666666666667
cdi_ca_1956_wk_prov_dbs_Part52_tables.csv,21,33,-,26,False,False,False,False,False,,2,0.0
cdi_ca_1956_wk_prov_dbs_Part52_tables.csv,22,36,-,23,False,False,False,False,False,,2,0.0
cdi_ca_1956_wk_prov_dbs_Part52_tables.csv,25,33,-,26,False,False,False,False,False,,2,0.0
